Feature,English_Description,Utterance_Interaction_Coef,Utterance_P_Raw,Utterance_P_FDR,Utterance_Significant_FDR,Utterance_Status,Trial_Interaction_Coef,Trial_P_Raw,Trial_P_FDR,Trial_Significant_FDR,Trial_Status,More_Sensitive_Model
Gap_Before,Hesitation duration (response latency),0.35187967338486703,6.027440474095933e-15,5.424696426686339e-13,True,ok,0.35191069215150284,1.90793149931478e-22,1.717138349383302e-20,True,ok,Trial-by-Trial
spectralFlux_sma3_stddevNorm,Spectral flux-coefficient of variation [timbre change],0.2219700418330951,0.00019003065384036314,0.00855137942281634,True,ok,0.2197355194017857,3.0923664090705045e-13,1.391564884081727e-11,True,ok,Trial-by-Trial
loudness_sma3_stddevNorm,Loudness-coefficient of variation [intensity],0.21242561425010018,0.0005492256092462828,0.016476768277388486,True,ok,0.2111079945029161,9.749850833928326e-10,2.9249552501784978e-08,True,ok,Trial-by-Trial
F3amplitudeLogRelF0_sma3nz_stddevNorm,F3-coefficient of variation [timbre],-0.16447768602579826,0.0013165639571185489,0.02962268903516735,True,ok,-0.16361219394860665,1.8123649126146804e-07,4.077821053383031e-06,True,ok,Trial-by-Trial
HNRdBACF_sma3nz_amean,Harmonics-to-noise ratio-mean [voice clarity],-0.11385169433755546,0.16461529682811596,0.4629805223290761,False,ok,-0.11324345116878734,1.2317264506092907e-06,2.2171076110967235e-05,True,ok,Trial-by-Trial
loudness_sma3_pctlrange0-2,Loudness-percentile range [intensity],0.12588106726162382,0.12977699644954735,0.42627998079606866,False,ok,0.12587124396633967,4.589097956541218e-05,0.0006883646934811826,True,ok,Trial-by-Trial
spectralFluxV_sma3nz_stddevNorm,Spectral flux-coefficient of variation [timbre change],0.14059659868095548,0.011416721583167045,0.08562541187375285,False,ok,0.1390117008482958,8.538492756308115e-05,0.001097806211525329,True,ok,Trial-by-Trial
F0semitoneFrom27.5Hz_sma3nz_stddevNorm,F0 semitone-coefficient of variation [pitch],0.1392143182841263,0.00648486435892153,0.08012097004230095,False,ok,0.13785939630459731,9.773307470484006e-05,0.0010994970904294507,True,ok,Trial-by-Trial
loudness_sma3_percentile20.0,Loudness-20th percentile [intensity],-0.10329006454168421,0.2358891860259149,0.6192075701280054,False,ok,-0.10268683046216925,0.0002435568246414816,0.0024355682464148156,True,ok,Trial-by-Trial
F0semitoneFrom27.5Hz_sma3nz_pctlrange0-2,F0 semitone-percentile range [pitch],0.12038649985138888,0.010529589808929134,0.08562541187375285,False,ok,0.1186340230838048,0.0002825419656683853,0.0025428776910154677,True,ok,Trial-by-Trial
jitterLocal_sma3nz_amean,Jitter-mean [roughness],0.12791694022588618,0.005653073359109569,0.08012097004230095,False,ok,0.12663884540157774,0.00043107265941963674,0.0035269581225243008,True,ok,Trial-by-Trial
spectralFluxUV_sma3nz_amean,Spectral flux-mean [timbre change],0.1346235063240136,0.0068844981111865124,0.08012097004230095,False,ok,0.1347063302706084,0.000994042528894575,0.007455318966709312,True,ok,Trial-by-Trial
mfcc1_sma3_stddevNorm,MFCC coefficient 1-coefficient of variation [vocal tract feature],0.10255423956245463,0.08289056829293459,0.35611091704585957,False,ok,0.10287138413096764,0.0013195883885251884,0.00848306821194764,True,ok,Trial-by-Trial
mfcc1_sma3_amean,MFCC coefficient 1-mean [vocal tract feature],-0.08896467316166051,0.1555646441172859,0.4629805223290761,False,ok,-0.08882552193110223,0.0012866298258454858,0.00848306821194764,True,ok,Trial-by-Trial
hammarbergIndexUV_sma3nz_amean,hammarbergIndexUV-mean,0.1190628720477366,0.008456527355358824,0.08012097004230095,False,ok,0.11863431048177585,0.0017008099898483235,0.010204859939089941,True,ok,Trial-by-Trial
F0semitoneFrom27.5Hz_sma3nz_stddevRisingSlope,F0 semitone-standard deviation [pitch],0.1049755106865064,0.008586004349049992,0.08012097004230095,False,ok,0.10188924031490626,0.003360267764668761,0.01880736222260547,True,ok,Trial-by-Trial
shimmerLocaldB_sma3nz_amean,Shimmer-mean [hoarseness],0.11501243384731186,0.028281045200706824,0.15908087925397588,False,ok,0.11519941277854906,0.003552501753158811,0.01880736222260547,True,ok,Trial-by-Trial
spectralFluxV_sma3nz_amean,Spectral flux-mean [timbre change],0.07712810461599073,0.42910649212502017,0.8050404130631467,False,ok,0.07729447901236551,0.00405171841689476,0.0202585920844738,True,ok,Trial-by-Trial
logRelF0-H1-A3_sma3nz_stddevNorm,logRelF0-H1-A3-coefficient of variation,0.09835169926879717,0.008902330004700105,0.08012097004230095,False,ok,0.09809770486876937,0.005609431201421134,0.026570989901468528,True,ok,Trial-by-Trial
slopeUV0-500_sma3nz_amean,slopeUV0-500-mean,0.08918171569286246,0.022883253921250766,0.13796651894837847,False,ok,0.08918912826957504,0.006645294573435461,0.029903825580459575,True,ok,Trial-by-Trial
F0semitoneFrom27.5Hz_sma3nz_percentile20.0,F0 semitone-20th percentile [pitch],-0.06333447828636495,0.4972956201694393,0.8050404130631467,False,ok,-0.06224706082971425,0.013716693402266134,0.05878582886685486,False,ok,Trial-by-Trial
loudness_sma3_stddevFallingSlope,Loudness-standard deviation [intensity],-0.07628546175700304,0.0705264479841896,0.3389244599386607,False,ok,-0.07687434122938645,0.014431875261101975,0.059039489704508084,False,ok,Trial-by-Trial
F1amplitudeLogRelF0_sma3nz_amean,F1-mean [mouth opening],-0.08395683947363702,0.10137382527626952,0.3801518447860107,False,ok,-0.08241548349210566,0.016929362815470687,0.06624533275618966,False,ok,Trial-by-Trial
jitterLocal_sma3nz_stddevNorm,Jitter-coefficient of variation [roughness],0.08203705736304598,0.07155071932038393,0.3389244599386607,False,ok,0.08056061423801936,0.01884349558886574,0.06930986297134838,False,ok,Trial-by-Trial
loudness_sma3_percentile80.0,Loudness-80th percentile [intensity],0.057156103999316116,0.5365618042206207,0.8050404130631467,False,ok,0.0573783977142095,0.019553259426130766,0.06930986297134838,False,ok,Trial-by-Trial
spectralFlux_sma3_amean,Spectral flux-mean [timbre change],0.06042507445406123,0.539562311523287,0.8050404130631467,False,ok,0.06060071989632572,0.020022849302833975,0.06930986297134838,False,ok,Trial-by-Trial
StddevVoicedSegmentLengthSec,StddevVoicedSegmentLengthSec,0.09361655667238428,0.02299441982472974,0.13796651894837847,False,ok,0.09133171390753561,0.02093562090869061,0.06978540302896871,False,ok,Trial-by-Trial
alphaRatioUV_sma3nz_amean,Alpha ratio-mean [energy distribution],-0.08411057603480522,0.058269498207024054,0.30848557874306853,False,ok,-0.08407384747865916,0.026454310007210508,0.08503171073746235,False,ok,Trial-by-Trial
mfcc1V_sma3nz_stddevNorm,MFCC coefficient 1-coefficient of variation [vocal tract feature],0.07383556133319669,0.2235601236103817,0.6097094280283137,False,ok,0.07406580081052784,0.02796362196049513,0.0867836543601573,False,ok,Trial-by-Trial
Duration,Word duration (articulation lengthening),0.08997771591566894,0.09078137742306115,0.35611091704585957,False,ok,0.08674888882657772,0.03349240411404431,0.09419738657074962,False,ok,Trial-by-Trial
slopeUV500-1500_sma3nz_amean,slopeUV500-1500-mean,-0.07753742282312628,0.08355890282611267,0.35611091704585957,False,ok,-0.07792681334505311,0.03321140310573987,0.09419738657074962,False,ok,Trial-by-Trial
VoicedSegmentsPerSec,VoicedSegmentsPerSec,0.09015506672918508,0.11543847026094518,0.41557849293940263,False,ok,0.09079823952899733,0.03144558878800896,0.09419738657074962,False,ok,Trial-by-Trial
MeanUnvoicedSegmentLength,MeanUnvoicedSegmentLength,0.10707885487218853,0.021887077255828544,0.13796651894837847,False,ok,0.10604842365230312,0.055811970488253135,0.14803252817128465,False,ok,Utterance-level
mfcc1V_sma3nz_amean,MFCC coefficient 1-mean [vocal tract feature],-0.05364067991034009,0.38234987334861104,0.8050404130631467,False,ok,-0.053307049730628345,0.0559233995313742,0.14803252817128465,False,ok,Trial-by-Trial
hammarbergIndexV_sma3nz_stddevNorm,hammarbergIndexV-coefficient of variation,0.055529641683031594,0.24080294393866877,0.6192075701280054,False,ok,0.05562558849562298,0.07859288244636337,0.2020959834335058,False,ok,Trial-by-Trial
StddevUnvoicedSegmentLength,StddevUnvoicedSegmentLength,0.06682381684692146,0.09100612324505299,0.35611091704585957,False,ok,0.06362054006623945,0.09901193045214524,0.24513209354977245,False,ok,Trial-by-Trial
F0semitoneFrom27.5Hz_sma3nz_stddevFallingSlope,F0 semitone-standard deviation [pitch],0.06025978957662752,0.13262043846988802,0.42627998079606866,False,ok,0.058933820978546235,0.10077652734823977,0.24513209354977245,False,ok,Trial-by-Trial
mfcc3_sma3_stddevNorm,MFCC coefficient 3-coefficient of variation [vocal tract feature],0.049702556084570707,0.12878047820470834,0.42627998079606866,False,ok,0.050001591923165126,0.13099589142830784,0.3083995727837964,False,ok,Trial-by-Trial
mfcc2_sma3_amean,MFCC coefficient 2-mean [vocal tract feature],-0.0421620584579834,0.5077737380076361,0.8050404130631467,False,ok,-0.04213234694292705,0.13363981487297846,0.3083995727837964,False,ok,Trial-by-Trial
logRelF0-H1-A3_sma3nz_amean,logRelF0-H1-A3-mean,-0.04183067954330171,0.4967500819188213,0.8050404130631467,False,ok,-0.04134773975189587,0.1430908013503833,0.3219543030383624,False,ok,Trial-by-Trial
F2frequency_sma3nz_stddevNorm,F2-coefficient of variation [tongue position],-0.04659555791753667,0.16056743931907752,0.4629805223290761,False,ok,-0.04662839326885273,0.16467366556221052,0.36147877806338896,False,ok,Trial-by-Trial
F3amplitudeLogRelF0_sma3nz_amean,F3-mean [timbre],-0.04687130932543913,0.3763305982722852,0.8050404130631467,False,ok,-0.04605819575199899,0.17418225935854326,0.36662005978576323,False,ok,Trial-by-Trial
loudness_sma3_meanRisingSlope,Loudness-rising slope [intensity],0.04296279071903098,0.5183639142212007,0.8050404130631467,False,ok,0.043529372231970925,0.175162917453198,0.36662005978576323,False,ok,Trial-by-Trial
mfcc3_sma3_amean,MFCC coefficient 3-mean [vocal tract feature],-0.03946043094991411,0.41021321901289265,0.8050404130631467,False,ok,-0.03949079083313388,0.19082598164822928,0.39032587155319626,False,ok,Trial-by-Trial
F0semitoneFrom27.5Hz_sma3nz_amean,F0 semitone-mean [pitch],-0.027119769513654926,0.786120419487023,0.9930183926378453,False,ok,-0.026365888725074515,0.19517333730364594,0.3903466746072919,False,ok,Trial-by-Trial
F1bandwidth_sma3nz_stddevNorm,F1-coefficient of variation [mouth opening],-0.038009543583500074,0.34728952358942256,0.8014373621294366,False,ok,-0.0395509496671994,0.21242815114247393,0.415620295713536,False,ok,Trial-by-Trial
loudness_sma3_stddevRisingSlope,Loudness-standard deviation [intensity],-0.03656087490237059,0.4838343619059735,0.8050404130631467,False,ok,-0.03697391014325822,0.22803502230928618,0.4366628086773565,False,ok,Trial-by-Trial
HNRdBACF_sma3nz_stddevNorm,Harmonics-to-noise ratio-coefficient of variation [voice clarity],-0.04654372591447057,0.15427055080476132,0.4629805223290761,False,ok,-0.04685329497623046,0.23497957079744425,0.440586695245208,False,ok,Trial-by-Trial
alphaRatioV_sma3nz_amean,Alpha ratio-mean [energy distribution],0.035150401671448395,0.4871979926843948,0.8050404130631467,False,ok,0.03487457129457781,0.24512170741732697,0.4502235442359067,False,ok,Trial-by-Trial
alphaRatioV_sma3nz_stddevNorm,Alpha ratio-coefficient of variation [energy distribution],-0.036613466515776794,0.2545404955068302,0.6363512387670756,False,ok,-0.03675554932893092,0.2723203368605137,0.4901766063489247,False,ok,Trial-by-Trial
mfcc3V_sma3nz_amean,MFCC coefficient 3-mean [vocal tract feature],-0.03221625781411525,0.5049014725434052,0.8050404130631467,False,ok,-0.03223263650293197,0.2851999072109942,0.5032939539017545,False,ok,Trial-by-Trial
shimmerLocaldB_sma3nz_stddevNorm,Shimmer-coefficient of variation [hoarseness],-0.03806214082983728,0.3894193204412315,0.8050404130631467,False,ok,-0.038072481803851255,0.2974323708056953,0.5050738372172184,False,ok,Trial-by-Trial
equivalentSoundLevel_dBp,equivalentSoundLevel_dBp,0.02221694077169034,0.8271957553090267,0.9930183926378453,False,ok,0.02238527587378618,0.2922402080871922,0.5050738372172184,False,ok,Trial-by-Trial
F2bandwidth_sma3nz_amean,F2-mean [tongue position],0.03339215659169635,0.3468051945038405,0.8014373621294366,False,ok,0.03305719339478165,0.3034182717541034,0.5056971195901724,False,ok,Trial-by-Trial
F0semitoneFrom27.5Hz_sma3nz_meanFallingSlope,F0 semitone-falling slope [pitch],0.03651793873874873,0.3367278412687694,0.8014373621294366,False,ok,0.03610314690040059,0.3095879066164746,0.5065983926451403,False,ok,Trial-by-Trial
slopeV500-1500_sma3nz_amean,slopeV500-1500-mean,0.03061610022085622,0.48257695720533056,0.8050404130631467,False,ok,0.030203936419764196,0.338435691951802,0.5439145049225389,False,ok,Trial-by-Trial
F1frequency_sma3nz_stddevNorm,F1-coefficient of variation [mouth opening],-0.02811649979385391,0.5263591831123124,0.8050404130631467,False,ok,-0.02798907258736849,0.3652628423591342,0.5767308037249488,False,ok,Trial-by-Trial
F2amplitudeLogRelF0_sma3nz_amean,F2-mean [tongue position],-0.03130482074398513,0.4938526398283274,0.8050404130631467,False,ok,-0.030340014781456568,0.38331343540911245,0.5947967101175883,False,ok,Trial-by-Trial
slopeV0-500_sma3nz_amean,slopeV0-500-mean,-0.019043761995672204,0.832479071049383,0.9930183926378453,False,ok,-0.018353625740554505,0.39425321279324066,0.6014032059557909,False,ok,Trial-by-Trial
mfcc2V_sma3nz_amean,MFCC coefficient 2-mean [vocal tract feature],-0.02354077726062205,0.7100342848278387,0.9682285702197801,False,ok,-0.02331394295802288,0.4081266342409282,0.6121899513613923,False,ok,Trial-by-Trial
F1bandwidth_sma3nz_amean,F1-mean [mouth opening],0.028463526224208884,0.5580981790588065,0.8050404130631467,False,ok,0.028508933062962462,0.4342012659342612,0.6206454065762818,False,ok,Trial-by-Trial
logRelF0-H1-H2_sma3nz_stddevNorm,logRelF0-H1-H2-coefficient of variation,-0.029866888606500636,0.36054311644514203,0.8050404130631467,False,ok,-0.02992862280957812,0.46271804164352903,0.6206454065762818,False,ok,Trial-by-Trial
loudnessPeaksPerSec,loudnessPeaksPerSec,-0.0276766730423621,0.5177948070102874,0.8050404130631467,False,ok,-0.026249771707401563,0.44124788720668495,0.6206454065762818,False,ok,Trial-by-Trial
mfcc4_sma3_stddevNorm,MFCC coefficient 4-coefficient of variation [vocal tract feature],-0.02604481375491248,0.4204859508444001,0.8050404130631467,False,ok,-0.025937906141093894,0.44997462248401265,0.6206454065762818,False,ok,Trial-by-Trial
slopeV0-500_sma3nz_stddevNorm,slopeV0-500-coefficient of variation,0.026426755513014016,0.41639201154364125,0.8050404130631467,False,ok,0.026494048271691165,0.4547464252260629,0.6206454065762818,False,ok,Trial-by-Trial
hammarbergIndexV_sma3nz_amean,hammarbergIndexV-mean,-0.021910024359293595,0.7232628828676213,0.9715471560908345,False,ok,-0.021804200168048588,0.4381257015508414,0.6206454065762818,False,ok,Trial-by-Trial
F0semitoneFrom27.5Hz_sma3nz_percentile50.0,F0 semitone-median [pitch],-0.014418038267863295,0.8831087212946042,0.9930183926378453,False,ok,-0.013553298976118549,0.45853739591555187,0.6206454065762818,False,ok,Trial-by-Trial
F0semitoneFrom27.5Hz_sma3nz_percentile80.0,F0 semitone-80th percentile [pitch],0.012823715363415339,0.8954743723193994,0.9930183926378453,False,ok,0.013198765874362998,0.46893208496874617,0.6206454065762818,False,ok,Trial-by-Trial
F3frequency_sma3nz_stddevNorm,F3-coefficient of variation [timbre],0.022505620945015625,0.649272245137638,0.898992339421345,False,ok,0.02261296477906727,0.49609414119976303,0.6470793146083865,False,ok,Trial-by-Trial
slopeV500-1500_sma3nz_stddevNorm,slopeV500-1500-coefficient of variation,-0.02073674262687773,0.5594676625055479,0.8050404130631467,False,ok,-0.020599130080364306,0.5524669632430712,0.7103146670268058,False,ok,Trial-by-Trial
loudness_sma3_amean,Loudness-mean [intensity],0.01303484879024333,0.8899958086501767,0.9930183926378453,False,ok,0.01349794165812301,0.562087117142086,0.7125047963772921,False,ok,Trial-by-Trial
mfcc3V_sma3nz_stddevNorm,MFCC coefficient 3-coefficient of variation [vocal tract feature],-0.018531276377471845,0.5635282891442026,0.8050404130631467,False,ok,-0.01882355903407512,0.5867896862811712,0.733487107851464,False,ok,Trial-by-Trial
F2amplitudeLogRelF0_sma3nz_stddevNorm,F2-coefficient of variation [tongue position],-0.0166733753365731,0.6079343944092571,0.8549077421380178,False,ok,-0.016694432686230956,0.6643999818006021,0.819123265233619,False,ok,Trial-by-Trial
loudness_sma3_percentile50.0,Loudness-median [intensity],-0.011358815605021139,0.9002978526206282,0.9930183926378453,False,ok,-0.01071095091536346,0.6784118449300574,0.8250954870770968,False,ok,Trial-by-Trial
F2frequency_sma3nz_amean,F2-mean [tongue position],-0.009738648755931376,0.8546885754598867,0.9930183926378453,False,ok,-0.01016262714102082,0.742904574932457,0.8914854899189484,False,ok,Trial-by-Trial
mfcc2V_sma3nz_stddevNorm,MFCC coefficient 2-coefficient of variation [vocal tract feature],0.010331829576713983,0.7461325706852663,0.9875284023775583,False,ok,0.010067885114222817,0.7851385713636418,0.9066898513268403,False,ok,Trial-by-Trial
F3bandwidth_sma3nz_stddevNorm,F3-coefficient of variation [timbre],0.008043477601572355,0.8781656043780989,0.9930183926378453,False,ok,0.008197391879327963,0.7871189971360473,0.9066898513268403,False,ok,Trial-by-Trial
F3frequency_sma3nz_amean,F3-mean [timbre],0.006573591302835975,0.9161629995452141,0.9930183926378453,False,ok,0.007287168922607491,0.7958722028313376,0.9066898513268403,False,ok,Trial-by-Trial
loudness_sma3_meanFallingSlope,Loudness-falling slope [intensity],0.009708950178437342,0.8373698677639113,0.9930183926378453,False,ok,0.009233265272556976,0.7706982649571313,0.9066898513268403,False,ok,Trial-by-Trial
mfcc2_sma3_stddevNorm,MFCC coefficient 2-coefficient of variation [vocal tract feature],-0.008048383611297104,0.8050223954846449,0.9930183926378453,False,ok,-0.007970799033532311,0.8279309620878414,0.9314223323488217,False,ok,Trial-by-Trial
F1amplitudeLogRelF0_sma3nz_stddevNorm,F1-coefficient of variation [mouth opening],0.004886769351001678,0.8792012593713678,0.9930183926378453,False,ok,0.004857347739060533,0.9014503278021719,0.9690359576315853,False,ok,Trial-by-Trial
F3bandwidth_sma3nz_amean,F3-mean [timbre],0.0053473739470834,0.913773792751917,0.9930183926378453,False,ok,0.004042008834189526,0.8952845267369224,0.9690359576315853,False,ok,Trial-by-Trial
MeanVoicedSegmentLengthSec,MeanVoicedSegmentLengthSec,-0.003925887685399698,0.9449567324008111,0.9930183926378453,False,ok,-0.0056139014551574865,0.8965073108469291,0.9690359576315853,False,ok,Trial-by-Trial
mfcc4_sma3_amean,MFCC coefficient 4-mean [vocal tract feature],0.004291215490418436,0.9382015468236885,0.9930183926378453,False,ok,0.0038828524596941816,0.9044335604561463,0.9690359576315853,False,ok,Trial-by-Trial
logRelF0-H1-H2_sma3nz_amean,logRelF0-H1-H2-mean,-0.0014424614158430188,0.9779087435212613,0.9930183926378453,False,ok,-0.002771177229720783,0.9289188926600507,0.9732431902969167,False,ok,Trial-by-Trial
mfcc4V_sma3nz_stddevNorm,MFCC coefficient 4-coefficient of variation [vocal tract feature],-0.0033723222049815713,0.9174415885812714,0.9930183926378453,False,ok,-0.0034515701734609086,0.9299879373948317,0.9732431902969167,False,ok,Trial-by-Trial
F0semitoneFrom27.5Hz_sma3nz_meanRisingSlope,F0 semitone-rising slope [pitch],-0.0009068802834594283,0.9819848549418693,0.9930183926378453,False,ok,-0.0017674837095351646,0.9554822431160228,0.9818900010889761,False,ok,Trial-by-Trial
F2bandwidth_sma3nz_stddevNorm,F2-coefficient of variation [tongue position],0.0013294972597504284,0.9740953703913632,0.9930183926378453,False,ok,0.0015929302471504436,0.9600702232869988,0.9818900010889761,False,ok,Trial-by-Trial
mfcc4V_sma3nz_amean,MFCC coefficient 4-mean [vocal tract feature],0.0014128760886213294,0.978666601507741,0.9930183926378453,False,ok,0.001141085261975646,0.9711582718411862,0.982070162536031,False,ok,Trial-by-Trial
F1frequency_sma3nz_amean,F1-mean [mouth opening],-0.00042748914915228045,0.9950673895318954,0.9950673895318954,False,ok,-0.00020553109174193705,0.9939548921525365,0.9939548921525365,False,ok,Trial-by-Trial
