Feature_Order,Feature,Adjusted_Status,Adjusted_Optimizer,Adjusted_Converged,N_Subjects,N_Observations,Adjusted_Warnings,Adjusted_Age_Task_Beta,Adjusted_Age_Task_SE,Adjusted_Age_Task_CI_Low,Adjusted_Age_Task_CI_High,Adjusted_Age_Task_Z,Adjusted_Age_Task_P_Raw,Adjusted_Education_Main_Beta,Adjusted_Education_Main_SE,Adjusted_Education_Main_CI_Low,Adjusted_Education_Main_CI_High,Adjusted_Education_Main_Z,Adjusted_Education_Main_P_Raw,Adjusted_Education_Task_Beta,Adjusted_Education_Task_SE,Adjusted_Education_Task_CI_Low,Adjusted_Education_Task_CI_High,Adjusted_Education_Task_Z,Adjusted_Education_Task_P_Raw,Adjusted_Age_Task_Q_FDR_BH_25,Adjusted_Education_Task_Q_FDR_BH_25,Original_90Test_Age_Task_Beta,Original_90Test_Age_Task_P_Raw,Original_90Test_Age_Task_Q_FDR_BH,Age_Task_Same_Direction,Age_Task_Absolute_Percent_Change,Age_Task_Retained_Q_LE_0_01,Age_Task_Retained_Q_LE_0_05
1,Gap_Before,ok,powell,True,158,3784,"Maximum Likelihood optimization failed to converge. Check mle_retvals | MixedLM optimization failed, trying a different optimizer may help. | Gradient optimization failed, |grad| = 50.652391 | The MLE may be on the boundary of the parameter space.",0.3101316380247821,0.0609551987702152,0.1906594484351601,0.4296038276144041,5.087861975381215,3.621227594196439e-07,-0.0527134327456848,0.0283993533398616,-0.1083761652918136,0.0029492998004438,-1.8561490508199632,0.0634323158589573,-0.1310547238350619,0.0609520840001746,-0.2505208084754041,-0.0115886391947197,-2.150127038062989,0.0315451674330466,9.053068985491098e-06,0.3943145929130829,0.4061533939331335,2.134601059879421e-20,1.9211409538914797e-18,True,23.641746527953376,True,True
2,F0semitoneFrom27.5Hz_sma3nz_stddevNorm,ok,lbfgs,True,158,3784,,0.1557329290540699,0.0573740511475469,0.0432797888048778,0.268186069303262,2.714344306166852,0.0066407107306066,-0.0137033174828518,0.0434840024907425,-0.0989319623647071,0.0715253273990035,-0.3151346862738583,0.7526593934030529,-0.0250253508519151,0.057372465275543,-0.1374753827919796,0.0874246810881492,-0.4361909625414524,0.662698184415502,0.0184464186961296,0.9119727184309916,0.1739272851832216,8.265598003430714e-06,6.199198502573036e-05,True,10.46089813336939,False,True
3,F0semitoneFrom27.5Hz_sma3nz_pctlrange0-2,ok,lbfgs,True,158,3784,,0.1280918511632804,0.0548720192956385,0.0205426933438288,0.235641008982732,2.334374655927081,0.019576112667793,-0.0050909017398814,0.0404429374510408,-0.0843590591439214,0.0741772556641586,-0.125878634459832,0.8998279953616315,-0.0112716235689496,0.0548701971337253,-0.1188172099510513,0.096273962813152,-0.205423420321953,0.8372413236659559,0.0326268544463217,0.9119727184309916,0.136203116260768,0.0002604547677009,0.0013788781819463,True,5.955271303747681,False,True
4,F0semitoneFrom27.5Hz_sma3nz_stddevRisingSlope,ok,lbfgs,True,158,3784,The MLE may be on the boundary of the parameter space.,0.140469469117157,0.0563578714954895,0.0300080409859976,0.2509308972483164,2.4924551866441456,0.0126863338371364,0.0003280096985127,0.0331467900153532,-0.0646396987315795,0.0652957181286051,0.0098956700893467,0.9921045264768904,0.0345453365065451,0.0563545561731805,-0.0759095935928887,0.1450002666059789,0.6129998859433025,0.5398764151376311,0.0288325769025827,0.886268470221283,0.1148876821545434,0.0024406275089818,0.009152353158682,True,22.26677959104594,False,True
5,loudness_sma3_stddevNorm,ok,lbfgs,True,158,3784,,0.2792203932968737,0.0620566336538089,0.1575893913354081,0.4008513952583393,4.499444730672004,6.813119006166877e-06,-0.0191407810819574,0.0556270726230719,-0.1281698434231784,0.0898882812592634,-0.344091108508533,0.7307777694834361,-0.0432537631810727,0.062056070441634,-0.1648836612466754,0.0783761348845299,-0.6970109914025974,0.4857959152190896,8.516398757708596e-05,0.886268470221283,0.3106360865034243,1.8763025327174413e-13,8.443361397228485e-12,True,10.113343095508084,True,True
6,loudness_sma3_percentile20.0,ok,lbfgs,True,158,3784,,-0.1702093590075047,0.0507928664188665,-0.2697633771884832,-0.0706553408265262,-3.3510485036198303,0.0008050620012391,0.0392042794995853,0.0940682756108886,-0.1451695406977563,0.2235780996969269,0.4167640923041151,0.676850969256147,0.0461989669826239,0.0507927945959089,-0.0533549104253577,0.1457528443906055,0.9095574943290268,0.3630559236764019,0.0033544250051631,0.886268470221283,-0.2039465059490657,3.74930000284857e-09,5.6239500042728556e-08,True,16.54215490702578,True,True
7,loudness_sma3_pctlrange0-2,ok,lbfgs,True,158,3784,,0.1713892355154117,0.0499200589643747,0.0735459199452371,0.2692325510855863,3.4332738997308243,0.0005963393426213,0.0645395899184892,0.0710982815107667,-0.0748130418426135,0.2038922216795921,0.9077517564009722,0.3640093923984508,-0.004555370311911,0.0499193858602362,-0.102397366597974,0.093286625974152,-0.0912545343539502,0.9272903435225,0.0033544250051631,0.9272903435225,0.174462099328114,2.684951287216538e-07,3.452080226421264e-06,True,1.761336029164199,True,True
8,spectralFlux_sma3_stddevNorm,ok,lbfgs,True,158,3784,,0.2067657828486473,0.0612489300983906,0.0867178798558017,0.326813685841493,3.3758268514486307,0.0007359421882986,0.0836950166713364,0.0567175393833217,-0.0274713605199741,0.194861393862647,1.475646115493291,0.1400389184095331,-0.0794962541535115,0.0612482711769138,-0.1995428656602627,0.0405503573532396,-1.2979346620884842,0.1943097879094537,0.0033544250051631,0.607218087217043,0.2649232220339341,2.419742067670796e-10,5.937752061908591e-09,True,21.952563742349994,True,True
9,mfcc1_sma3_amean,ok,lbfgs,True,158,3784,The MLE may be on the boundary of the parameter space.,-0.0821829065578589,0.0411387148018157,-0.1628147875694177,-0.0015510255463001,-1.9977023335262685,0.0457489410847147,-0.0077936151163157,0.0642098403441455,-0.1336449021908409,0.1180576719582094,-0.1213772698163442,0.9033922198152566,0.062799697407082,0.0411388380604792,-0.0178324251914571,0.1434318200056213,1.5265306549192934,0.1268777620553702,0.0635401959509927,0.4531348644834652,-0.1282179995307777,4.056538242686823e-06,3.650884418418141e-05,True,35.90376791198372,False,False
10,mfcc1_sma3_stddevNorm,ok,lbfgs,True,158,3784,,0.1107776382634336,0.0546536750504358,0.0036564351645794,0.2178988413622879,2.026901908448154,0.0426724453256526,0.0389435704772142,0.0512552534568905,-0.0615167262982911,0.1394038672527197,0.7597966618186512,0.4473761386092867,-0.0924815424174756,0.0546525086374267,-0.1996004593468321,0.0146373745118808,-1.6921737853062253,0.0906128432580652,0.0635401959509927,0.4530642162903262,0.1785921281336152,1.897729564669172e-06,1.897729564669172e-05,True,37.97171273945826,False,False
11,jitterLocal_sma3nz_amean,ok,lbfgs,True,158,3784,,0.0951369153013013,0.0537526670450259,-0.0102183121069495,0.2004921427095522,1.769901300369149,0.0767435841754278,0.0261270326627195,0.0407373101740936,-0.0537180952785039,0.105972160603943,0.6413538977184292,0.521292778774117,-0.0348285141440638,0.0537510663049807,-0.1401806041018261,0.0705235758136984,-0.6479595017975764,0.5170111442013354,0.087208618381168,0.886268470221283,0.1206165717539491,0.0009786409033536,0.0046050731937158,True,21.124507256452983,False,False
12,shimmerLocaldB_sma3nz_amean,ok,lbfgs,True,158,3784,,0.1476022912390943,0.0521984446477815,0.0452933397294424,0.2499112427487461,2.8277143549978816,0.0046881617368438,0.0007918133942279,0.0487610636440747,-0.0947798713481586,0.0963634981366144,0.0162386407320328,0.98704400867567,-0.0308185709662416,0.0521984150019333,-0.1331274643700308,0.0714903224375476,-0.5904120070523244,0.5549144626799837,0.0146505054276371,0.886268470221283,0.1700493556235504,1.6921031749041894e-06,1.897729564669172e-05,True,13.200323107456319,False,True
13,HNRdBACF_sma3nz_amean,ok,lbfgs,True,158,3784,,-0.1530521839476845,0.0432688397112876,-0.2378591097818083,-0.0682452581135608,-3.5372379978046324,0.00040433513197,0.049801452592831,0.0833690519465532,-0.1136018892224133,0.2132047944080755,0.5973613880694972,0.5502661270179103,0.0294945119676938,0.0432686258800113,-0.0553119947571284,0.114301018692516,0.6816604726363469,0.4954536670184849,0.0033544250051631,0.886268470221283,-0.1745238222981951,3.103466748987388e-09,5.586240148177298e-08,True,12.30298423892167,True,True
14,F1amplitudeLogRelF0_sma3nz_amean,ok,lbfgs,True,158,3784,,-0.1167084383777348,0.0578433275385891,-0.2300813603533697,-0.0033355164021,-2.017664670136324,0.0436261966933714,-0.0430912864880329,0.0425421392479067,-0.1264738794139301,0.0402913064378643,-1.0129083127890235,0.3111039574108339,0.034377603086895,0.0578415402565686,-0.0789918158159795,0.1477470219897697,0.5943410727723673,0.5522840127313937,0.0635401959509927,0.886268470221283,-0.1418086158818434,0.0003144620432477,0.0015723102162386,True,17.700037016807475,False,False
15,F3amplitudeLogRelF0_sma3nz_amean,ok,lbfgs,True,158,3784,,-0.1003303728555218,0.0519327228818182,-0.2021185097038855,0.0014577639928418,-1.93192976004437,0.0533681759911958,-0.0430656998248004,0.0468367643358082,-0.1348657579229845,0.0487343582733836,-0.9194849481067872,0.3578419750037065,0.0154633375951818,0.0519313265620809,-0.0863220624664968,0.1172487376568605,0.2977651182604839,0.7658824391338305,0.0702212841989419,0.9119727184309916,-0.1115355535853597,0.001586849860078,0.0062094124959577,True,10.046286022386958,False,False
16,F3amplitudeLogRelF0_sma3nz_stddevNorm,ok,lbfgs,True,158,3784,,-0.1470270418270609,0.0504865279436403,-0.245980636596596,-0.0480734470575257,-2.91220346923424,0.0035888877482319,-0.0232270689459992,0.0438403117033075,-0.1091540798844821,0.0626999419924836,-0.529810761912234,0.5962431428422456,0.0988034242900831,0.0504846161085851,-0.0001464232827436,0.19775327186291,1.9570996455152048,0.050335754110218,0.0128174562436856,0.4194646175851503,-0.219457082182291,2.6390009164038185e-10,5.937752061908591e-09,True,33.00419363776396,False,True
17,hammarbergIndexV_sma3nz_stddevNorm,ok,powell,True,158,3784,"Maximum Likelihood optimization failed to converge. Check mle_retvals | MixedLM optimization failed, trying a different optimizer may help. | Gradient optimization failed, |grad| = 88.226227 | The MLE may be on the boundary of the parameter space.",0.060580467292778,0.0439239209011481,-0.0255104176734724,0.1466713522590284,1.3792135594888215,0.1678289185883444,0.0213323005491378,0.0501880815622858,-0.0770363393129423,0.119700940411218,0.4250471403786069,0.6708023105151195,-0.0800895453029211,0.0439241594105439,-0.1661808977475873,0.006001807141745,-1.8233597723374,0.0682489188463907,0.1765635785537558,0.4265557427899421,0.1195414361975033,8.359230519975179e-05,0.0005373791048555,True,49.322620490615066,False,False
18,spectralFluxV_sma3nz_stddevNorm,ok,lbfgs,True,158,3784,,0.1296527442333953,0.0549358046493696,0.0219785671206308,0.2373269213461599,2.360077276758028,0.0182711285589853,0.0549594283441723,0.0603193446146929,-0.0632664871006257,0.1731853437889705,0.9111410061770636,0.3622210828339196,-0.0117672564493023,0.0549358102688722,-0.1194414445762919,0.0959069316776872,-0.2142001072107587,0.8303910124798894,0.0326268544463217,0.9119727184309916,0.1381149473295924,0.0002170027488985,0.0012206404625544,True,6.12692779442852,False,True
19,mfcc1V_sma3nz_amean,ok,lbfgs,True,158,3784,Random effects covariance is singular | The MLE may be on the boundary of the parameter space.,-0.0430345984631984,0.0419708670979919,-0.1252974979752625,0.0392283010488656,-1.0253445172510494,0.3052006574821749,-0.0185784788846968,0.0621518785031933,-0.1403961607509558,0.1032392029815621,-0.2989206333279581,0.7650006033695921,0.0647667424699513,0.0419709069696079,-0.0174962351904802,0.147029720130383,1.5431342123926546,0.122798215279795,0.3052006574821749,0.4531348644834652,-0.0905742581514863,0.0014182612646063,0.0058019779006622,True,52.48694348539667,False,False
20,mfcc1V_sma3nz_stddevNorm,ok,lbfgs,True,158,3784,,0.0731176934363409,0.0532226108926039,-0.0311986239131627,0.1774340107858447,1.3738088419578414,0.1695010354116055,0.048261235307591,0.0537058944805175,-0.0570023178742232,0.1535247884894054,0.8986208269019417,0.368854661399146,-0.1279043049344727,0.0532215105646027,-0.232218465641094,-0.0235901442278514,-2.40324454487658,0.0162503163170308,0.1765635785537558,0.3943145929130829,0.167043497885945,5.750608837115179e-06,4.705043594003328e-05,True,56.22835108118686,False,False
21,alphaRatioUV_sma3nz_amean,ok,lbfgs,True,158,3784,The MLE may be on the boundary of the parameter space.,-0.1075777567119348,0.0599482834259035,-0.2250763922267058,0.009920878802836,-1.79450937648451,0.072731903368642,-0.0198802713098109,0.0330749024029103,-0.0847070800195151,0.0449465373998933,-0.6010681775454498,0.5477945776361471,0.0312256497434846,0.0599448479800702,-0.0862662522974529,0.1487175517844223,0.520906312980662,0.6024320374325385,0.0865855992483833,0.886268470221283,-0.1303714821894273,0.0013437625280875,0.0057589822632323,True,17.483674416137756,False,False
22,hammarbergIndexUV_sma3nz_amean,ok,lbfgs,True,158,3784,The MLE may be on the boundary of the parameter space.,0.1537276811522385,0.0590564562301084,0.0379770269412261,0.269478335363251,2.603063085147742,0.0092394950656764,0.0210592844721608,0.0332556317915883,-0.0441217538393523,0.086240322783674,0.6332546801136858,0.5265673432435704,-0.0307415776015854,0.0590530690545383,-0.1464855929484805,0.0850024377453097,-0.5205754433049721,0.6026625597504724,0.023098737664191,0.886268470221283,0.1760968298767076,1.0973569362423077e-05,7.597086481677515e-05,True,12.702754921897592,False,True
23,slopeUV500-1500_sma3nz_amean,ok,lbfgs,True,158,3784,,-0.1430702650120909,0.0599731033863677,-0.2606175476493718,-0.0255229823748101,-2.38557381448784,0.0170524998829422,-0.0237258790812291,0.0372376836621146,-0.0967117390589737,0.0492599808965155,-0.6371470174276078,0.5240290851882807,-0.0121832559809635,0.0599706332624573,-0.1297256971753798,0.1053591852134527,-0.2031536990387337,0.8390149009565122,0.0326268544463217,0.9119727184309916,-0.1338665475516983,0.0010233495986035,0.0046050731937158,True,6.875293065161185,False,True
24,spectralFluxUV_sma3nz_amean,ok,lbfgs,True,158,3784,,0.1465515693767345,0.0605059512992035,0.0279599048302956,0.2651432339231734,2.4221017309856543,0.0154310300250944,0.0911303940793901,0.0385942679565164,0.015485628884618,0.1667751592741623,2.361241679258314,0.0182138563395657,-0.0187322361351906,0.0605032213300279,-0.1373185499420454,0.099854077671664,-0.3096072526950532,0.7568596402827432,0.0321479792189468,0.9119727184309916,0.1600387304257743,9.95393298779276e-05,0.0005972359792675,True,8.427435667077553,False,True
25,StddevVoicedSegmentLengthSec,ok,powell,True,158,3784,"Maximum Likelihood optimization failed to converge. Check mle_retvals | MixedLM optimization failed, trying a different optimizer may help. | Gradient optimization failed, |grad| = 131.061179 | The MLE may be on the boundary of the parameter space.",0.122283921086926,0.0663456957326342,-0.007753642549037,0.2523214847228891,1.8431326966517405,0.06530963850618,-0.0127148332240512,0.0322490616791091,-0.0759229941151052,0.0504933276670027,-0.3942698659132718,0.6933818086862673,-0.0077608690060676,0.0663408554958501,-0.1377889457779339,0.1222672077657985,-0.1169847592115113,0.9068721309348802,0.0816370481327251,0.9272903435225,0.1275466586230984,0.0026823651380142,0.0096565144968514,True,4.126127327038692,False,False
