Subject_ID,Task,Item_Index,Absolute_Word_Start,Absolute_Word_End,Duration,Gap_Before,Auto_Word,F0semitoneFrom27.5Hz_sma3nz_amean,F0semitoneFrom27.5Hz_sma3nz_stddevNorm,F0semitoneFrom27.5Hz_sma3nz_percentile20.0,F0semitoneFrom27.5Hz_sma3nz_percentile50.0,F0semitoneFrom27.5Hz_sma3nz_percentile80.0,F0semitoneFrom27.5Hz_sma3nz_pctlrange0-2,F0semitoneFrom27.5Hz_sma3nz_meanRisingSlope,F0semitoneFrom27.5Hz_sma3nz_stddevRisingSlope,F0semitoneFrom27.5Hz_sma3nz_meanFallingSlope,F0semitoneFrom27.5Hz_sma3nz_stddevFallingSlope,loudness_sma3_amean,loudness_sma3_stddevNorm,loudness_sma3_percentile20.0,loudness_sma3_percentile50.0,loudness_sma3_percentile80.0,loudness_sma3_pctlrange0-2,loudness_sma3_meanRisingSlope,loudness_sma3_stddevRisingSlope,loudness_sma3_meanFallingSlope,loudness_sma3_stddevFallingSlope,spectralFlux_sma3_amean,spectralFlux_sma3_stddevNorm,mfcc1_sma3_amean,mfcc1_sma3_stddevNorm,mfcc2_sma3_amean,mfcc2_sma3_stddevNorm,mfcc3_sma3_amean,mfcc3_sma3_stddevNorm,mfcc4_sma3_amean,mfcc4_sma3_stddevNorm,jitterLocal_sma3nz_amean,jitterLocal_sma3nz_stddevNorm,shimmerLocaldB_sma3nz_amean,shimmerLocaldB_sma3nz_stddevNorm,HNRdBACF_sma3nz_amean,HNRdBACF_sma3nz_stddevNorm,logRelF0-H1-H2_sma3nz_amean,logRelF0-H1-H2_sma3nz_stddevNorm,logRelF0-H1-A3_sma3nz_amean,logRelF0-H1-A3_sma3nz_stddevNorm,F1frequency_sma3nz_amean,F1frequency_sma3nz_stddevNorm,F1bandwidth_sma3nz_amean,F1bandwidth_sma3nz_stddevNorm,F1amplitudeLogRelF0_sma3nz_amean,F1amplitudeLogRelF0_sma3nz_stddevNorm,F2frequency_sma3nz_amean,F2frequency_sma3nz_stddevNorm,F2bandwidth_sma3nz_amean,F2bandwidth_sma3nz_stddevNorm,F2amplitudeLogRelF0_sma3nz_amean,F2amplitudeLogRelF0_sma3nz_stddevNorm,F3frequency_sma3nz_amean,F3frequency_sma3nz_stddevNorm,F3bandwidth_sma3nz_amean,F3bandwidth_sma3nz_stddevNorm,F3amplitudeLogRelF0_sma3nz_amean,F3amplitudeLogRelF0_sma3nz_stddevNorm,alphaRatioV_sma3nz_amean,alphaRatioV_sma3nz_stddevNorm,hammarbergIndexV_sma3nz_amean,hammarbergIndexV_sma3nz_stddevNorm,slopeV0-500_sma3nz_amean,slopeV0-500_sma3nz_stddevNorm,slopeV500-1500_sma3nz_amean,slopeV500-1500_sma3nz_stddevNorm,spectralFluxV_sma3nz_amean,spectralFluxV_sma3nz_stddevNorm,mfcc1V_sma3nz_amean,mfcc1V_sma3nz_stddevNorm,mfcc2V_sma3nz_amean,mfcc2V_sma3nz_stddevNorm,mfcc3V_sma3nz_amean,mfcc3V_sma3nz_stddevNorm,mfcc4V_sma3nz_amean,mfcc4V_sma3nz_stddevNorm,alphaRatioUV_sma3nz_amean,hammarbergIndexUV_sma3nz_amean,slopeUV0-500_sma3nz_amean,slopeUV500-1500_sma3nz_amean,spectralFluxUV_sma3nz_amean,loudnessPeaksPerSec,VoicedSegmentsPerSec,MeanVoicedSegmentLengthSec,StddevVoicedSegmentLengthSec,MeanUnvoicedSegmentLength,StddevUnvoicedSegmentLength,equivalentSoundLevel_dBp,n_missing_features_before,n_missing_features_after,any_feature_imputed
xxxxxxxx001,Dots,1,1.4307,1.7061,0.2754,1.4307,红,36.73899841,0.025479775,35.84952545,36.48320007,37.64011383,1.790588379,22.08219337,0,40.00633621,0,0.80584234,0.238019794,0.697074592,0.806503177,0.986888647,0.289814055,6.325947285,6.436138153,2.768544674,0,0.42910856,0.617587626,44.47323608,0.112170406,13.05899715,0.315678537,-8.780103683,-0.775847912,-29.84509277,-0.331320435,0.011305578,1.351472855,0.3113814,0.212289914,11.65702057,0.279289395,-0.611152768,-3.939022779,37.84428024,0.070320413,563.1577148,0.410084277,1446.793701,0.162285358,-9.192351341,-0.444627911,1536.870605,0.246790558,1296.07373,0.477535218,-31.8648243,-0.265360892,2677.067383,0.141568884,1076.332031,0.289680004,-45.82515717,-0.122964971,-24.8238678,-0.222404689,36.27111816,0.140634745,0.078219116,0.283390731,-0.040908258,-0.146481454,0.434581369,0.70843327,44.37091827,0.126239777,11.38485718,0.231148615,-11.45826817,-0.464143425,-33.50247574,-0.236540854,0,0,0,0,0,3.846153975,5.000000477,0.189999998,0,0,0,-25.87416649,0,0,0
xxxxxxxx001,Dots,2,1.8268,2.0005,0.1737,0.1207,黄,34.81850052,0.009147358,34.56086731,34.69419098,35.04153061,0.4806633,6.75201416,0,16.42907524,0,1.262940288,0.106706075,1.152139544,1.325336337,1.372116208,0.219976664,4.604474068,0,-6.533356667,0,0.656781495,0.573850393,49.35082245,0.019629281,-3.225086212,-2.031581163,-22.33549881,-0.153633893,-29.0383625,-0.268588483,0.009751139,0.588058591,0.413756073,0.312252343,10.45528126,0.214720562,5.80020237,0.846266389,35.97432709,0.122897133,715.3081055,0.126133934,1629.953979,0.034933567,-1.112619042,-2.30150342,1448.464355,0.049986761,1233.523438,0.107783072,-13.33268929,-0.348290771,2885.360107,0.056893416,1125.116333,0.131347731,-39.59590912,-0.150009036,-10.58608437,-0.451366216,38.83128738,0.054916453,0.094394773,0.161935657,-0.020212347,-0.562825561,0.890662491,0.567729652,49.50053787,0.021200765,-4.242632866,-1.80666554,-21.5494175,-0.192311123,-34.12618637,-0.094254591,0,0,0,0,0,6.25,10.00000095,0.089999996,0,0,0,-23.74780846,0,0,0
xxxxxxxx001,Dots,3,2.212,2.4215,0.2095,0.2115,蓝,34.53149796,0.050925903,33.64750671,33.82808304,34.22893906,0.581432343,8.813714981,0,158.4529877,0,1.535103798,0.255905122,1.122900486,1.626670361,1.909430385,0.786529899,9.197119713,0,-7.862805367,0,0.514221549,0.43828541,41.02633286,0.063063838,-17.93269539,-0.588258684,-7.314314842,-0.354548573,-16.98853874,-0.216713712,0.00645483,0.487417638,0.50682807,0.605632246,10.23757172,0.350147218,14.28218555,0.742750287,25.93604469,0.431158334,804.5206909,0.152147427,1224.665283,0.200613588,1.873910785,1.915756345,1614.927124,0.154060185,944.8019409,0.373471111,-2.402398348,-4.890381813,2866.656006,0.135466948,441.8648376,0.398297042,-19.91283035,-0.560728192,-7.381698608,-0.374195427,27.74578094,0.104335986,0.085144006,0.177588478,0.001980844,2.12674737,0.627577364,0.485303104,39.66227341,0.049320184,-24.00205994,-0.265790939,-8.529758453,-0.134937212,-15.43697739,-0.217652291,0,0,0,0,0,5.263157845,7.692307949,0.119999997,0,0,0,-23.73799706,0,0,0
xxxxxxxx001,Dots,4,2.5612,2.7767,0.2155,0.1397,绿,37.27139664,0.056532223,35.32025909,37.7275238,39.30430984,3.984050751,0,0,-0.473335803,0,0.854695916,0.08046446,0.802607596,0.85163486,0.925032675,0.122425079,2.92800355,1.585281134,-3.123384714,3.518843174,0.561297655,0.376427203,38.71240616,0.057324287,3.666334391,1.236026764,25.45749664,0.262232006,-4.999870777,-0.782817245,0.017614082,0.674104571,0.263526887,0.804910481,12.08145523,0.235401049,17.36563683,0.387593925,25.84534836,0.251990646,760.869751,0.102777548,1164.960693,0.06520693,-24.9371624,-0.247856379,1957.486816,0.043569252,799.3594971,0.245758817,-38.71352386,-0.063732997,2679.741455,0.028236793,826.4735718,0.122491449,-34.87561798,-0.072281152,-25.93104172,-0.058006287,30.86211777,0.064843521,0.067351259,0.330857486,-0.032106902,-0.134746492,0.52302736,0.313472658,39.64080429,0.037457231,4.520586491,0.939391911,21.63186073,0.091433853,-7.224589348,-0.273481011,0,0,0,0,0,10.00000095,7.142857075,0.129999995,0,0,0,-23.23718834,0,0,0
xxxxxxxx001,Dots,5,2.9034,3.1818,0.2784,0.1267,绿,38.65330505,0.026933812,37.61518478,38.62883759,39.83258057,2.217395782,44.28215027,0,-24.65394974,0,0.842893302,0.196528718,0.621080399,0.887059748,0.972496986,0.351416588,4.275993347,1.201803565,1.489768505,0,0.42808935,0.414446771,37.60603333,0.031419799,2.04946804,1.560387373,27.69714546,0.141599759,-7.183494568,-1.100879431,0.01058817,0.785811603,0.591170907,1.026643634,13.96725273,0.080123737,12.65042019,0.581135333,19.23352623,0.337290585,731.6450806,0.191587508,1116.61377,0.162815139,-26.27909088,-0.114478417,1928.468994,0.0683643,711.6119995,0.692882955,-36.40432739,-0.125297666,2740.824463,0.078759618,677.921875,0.064610906,-33.27244949,-0.082452618,-22.92367172,-0.127633452,26.33415985,0.144128144,0.052848157,0.398623973,-0.030305998,-0.140073597,0.394530475,0.365750253,37.10084534,0.020733984,2.312363625,1.533578515,27.33369827,0.157233074,-6.727631092,-1.322276354,0,0,0,0,0,3.846153975,5.000000477,0.189999998,0,0,0,-23.55861855,0,0,0
xxxxxxxx001,Dots,6,3.3045,3.6208,0.3163,0.1227,蓝,32.62404251,0.047282878,31.31792068,31.91032028,34.17023468,2.852313995,26.42810631,0,15.6635294,0,1.223834038,0.393604755,0.731706023,1.273104787,1.693460345,0.961754322,7.379078865,0,-6.282124996,0,0.544910967,0.267824501,38.54930115,0.199937895,-6.048168182,-2.601553917,-8.141771317,-0.670932829,-10.56917095,-0.651554644,0.012211912,0.303247809,0.567637384,0.556063175,8.473977089,0.166796371,20.33519363,0.436856449,31.93872261,0.404493093,735.4545898,0.211727038,1389.676025,0.124460898,-4.203086853,-1.371633768,1600.026367,0.082032837,1074.796753,0.140768915,-9.53928566,-1.134233117,2873.740723,0.088349819,752.4319458,0.676028728,-28.45487595,-0.500031114,-7.07405901,-0.884926856,28.1903801,0.37518084,0.078163467,0.2126562,0.005932472,2.448122263,0.603193343,0.216617078,36.74983978,0.20245862,-11.50339699,-1.095915198,-8.602708817,-0.536266625,-9.459832191,-0.600066781,0,0,0,0,0,3.333333492,4.166666985,0.229999989,0,0,0,-26.04241753,0,0,0
xxxxxxxx001,Dots,7,3.7914,4.1007,0.3093,0.1706,黄,32.9485054,0.050699666,32.64009094,32.81402969,33.77064514,1.130554199,305.573761,0,13.22849369,0,0.92190665,0.439482749,0.565351248,0.907920063,1.368180037,0.802828789,11.20375538,0,-6.017781734,0,0.480307728,0.477422476,42.13106918,0.169014901,10.25664902,0.668264806,-9.749435425,-0.902451277,-27.25738144,-0.393458456,0.008960125,0.642694235,0.491534621,0.615384281,8.836845398,0.441951126,15.62887478,0.768363357,38.96923828,0.087336347,483.3229065,0.332255542,1545.366211,0.073167004,0.987151861,4.780694485,1268.44751,0.090208687,1088.473022,0.055278644,-13.71183777,-0.830673456,2644.705078,0.101750746,716.0849609,0.239675298,-35.70014191,-0.121857531,-16.50343704,-0.41668129,32.56719589,0.218186662,0.079822555,0.328734577,-0.027654544,-0.437763274,0.549966872,0.386224419,41.89194489,0.190193519,7.85257864,0.699811518,-13.00260067,-0.519315064,-30.43864059,-0.313549876,0,0,0,0,0,3.448276043,4.347826481,0.219999999,0,0,0,-25.32999802,0,0,0
xxxxxxxx001,Dots,8,4.2264,4.5177,0.2913,0.1257,红,33.01451492,0.024582567,32.39252472,32.7021904,33.76057053,1.368045807,21.61392784,0,10.73188782,0,0.678608239,0.265706897,0.503395021,0.708337069,0.835526705,0.332131684,1.883884072,3.666812658,2.113837957,0,0.357928365,0.299328715,47.37288666,0.088662133,26.59077644,0.088802166,9.542384148,0.669591188,-19.80995369,-0.487747788,0.007006172,0.291174054,0.316104114,0.558425784,11.52549934,0.046352699,13.21751976,0.387063295,52.99715424,0.043363281,624.1922607,0.296008438,1408.515015,0.122530453,-12.45741081,-0.825535715,1745.721436,0.224115446,1406.206543,0.315283746,-38.68263626,-0.191170961,2888.7771,0.096095435,1032.295898,0.200317889,-48.90335083,-0.039115563,-35.22218704,-0.056844529,46.47594452,0.066779859,0.08984182,0.131753474,-0.049358603,-0.264976352,0.382021129,0.395429194,48.88715363,0.060208231,27.17852974,0.070985079,8.441894531,0.770532966,-22.32955742,-0.420332253,0,0,0,0,0,3.571428537,4.545454502,0.209999993,0,0,0,-25.20781326,0,0,0
xxxxxxxx001,Dots,9,5.1673,5.4376,0.2703,0.6496,黄,34.67338562,0.0359849,33.69360352,33.87368011,36.06444168,2.370838165,0.170616537,0,0,0,1.042479157,0.296480715,0.844110727,0.99860549,1.368720531,0.524609804,1.574935675,5.521630287,5.91595459,0,0.55182308,0.218226135,46.1182785,0.061772231,8.498106956,0.844117522,-10.88026237,-0.682939887,-29.37100601,-0.225146025,0.008977087,0.440555155,0.61737746,0.416643292,11.01520824,0.0939807,14.35077953,0.836932302,39.72915649,0.065345749,546.8024292,0.402538687,1600.557617,0.149459392,-0.572616518,-16.78928185,1345.792969,0.138430357,1082.13562,0.072952345,-16.48432922,-0.6639961,2768.689941,0.123087242,757.9473877,0.421298593,-39.87786865,-0.122529611,-19.35362244,-0.228672296,37.24700928,0.038551282,0.093592159,0.112809367,-0.02632013,-0.654672503,0.585265636,0.224847138,46.60991669,0.064144008,5.483911991,0.717600584,-14.24323368,-0.278863311,-31.34306717,-0.187954217,0,0,0,0,0,3.846153975,5.000000477,0.189999998,0,0,0,-24.0518837,0,0,0
xxxxxxxx001,Dots,10,5.5544,5.7439,0.1895,0.1168,红,33.23382187,0.016384432,32.71529007,33.00991058,33.76619339,1.05090332,9.607124329,0,19.78263855,0,0.839304209,0.145915717,0.705557823,0.848483503,0.968078017,0.262520194,4.601586342,0,-3.111859798,0,0.384995252,0.404681087,50.05648041,0.041326948,23.95870018,0.14914231,1.567720532,4.978289127,-29.61490822,-0.292370617,0.009352343,0.245949507,0.313907981,0.262904435,11.34505367,0.056471784,10.5436573,0.556276083,49.82987976,0.104965672,573.8092651,0.431230843,1449.46814,0.160448208,-9.075139999,-0.904475391,1715.414429,0.302422047,1051.172729,0.126725033,-32.77044296,-0.238341346,3058.175049,0.127239317,900.7601318,0.531807065,-46.2184639,-0.068115212,-31.51334,-0.098737746,43.20772171,0.132109597,0.086207971,0.109392181,-0.053745802,-0.064072527,0.500703871,0.389946461,51.24549866,0.027654057,21.87218666,0.122142985,-3.609414577,-1.088017702,-35.39579391,-0.12280938,0,0,0,0,0,5.882352829,9.090909004,0.099999994,0,0,0,-24.36718178,0,0,0
xxxxxxxx001,Dots,11,5.8218,6.0622,0.2404,0.0779,绿,38.40695953,0.023346275,37.72576904,38.40165329,39.38835907,1.662590027,33.17210007,0,-29.09763527,0,0.888302803,0.174989998,0.675955474,0.929612637,1.02865231,0.352696836,4.55946064,3.363230705,1.5668571,0.308467448,0.479064792,0.411274821,38.85233688,0.082129225,1.850779057,3.12752676,23.32939339,0.350810409,-3.853422403,-1.984537244,0.008868725,0.377712667,0.383712709,0.419956058,13.64748859,0.075686686,12.08129978,0.435542256,20.77087593,0.361628234,781.6837158,0.06810268,1224.287964,0.094563782,-26.69960785,-0.048454944,1838.414673,0.053017233,652.2189331,0.177620485,-33.12144852,-0.096940957,2875.836182,0.061735112,701.4310913,0.10602545,-35.38918304,-0.223806307,-23.41538811,-0.069861114,32.34440613,0.254151762,0.059540659,0.296905279,-0.031506211,-0.194968581,0.457099408,0.352223694,39.41345978,0.089692377,2.440453291,2.608161688,21.67503738,0.390191972,-2.664062977,-3.042045116,0,0,0,0,0,4.347826481,5.882352829,0.159999996,0,0,0,-23.04951096,0,0,0
xxxxxxxx001,Dots,12,6.2079,6.4823,0.2744,0.1457,蓝,31.95558929,0.042985704,31.08912849,31.17325974,32.88381577,1.794687271,0.2041419,0,0,0,0.78262639,0.593371987,0.312444359,0.633329451,1.338600159,1.026155829,0,0,-0.048290893,0,0.273133188,0.29004252,33.37643433,0.15194656,0.602543235,24.3069458,4.297080517,1.671868682,4.876240253,1.722942472,0.020412488,1.678103924,0.684662938,0.549775302,8.646921158,0.176032141,20.40595436,0.239661366,30.82321358,0.384957403,656.9244995,0.289478302,1226.305786,0.074040741,-2.927399397,-1.97429502,1609.192261,0.059770305,876.4594727,0.098192878,-14.91537285,-0.907249391,2787.46167,0.086825505,703.3607178,0.656940103,-28.06461716,-0.444301993,-12.52682686,-0.750980139,26.82734299,0.400102615,0.069431111,0.166046202,-0.002475186,-2.720709801,0.315616995,0.179144084,33.16633987,0.154768392,-4.126821518,-3.228531599,3.292294025,2.280841351,3.008756638,2.875078917,0,0,0,0,0,0,5.000000477,0.189999998,0,0,0,-30.55171776,0,0,0
xxxxxxxx001,Hanzi,1,1.6183,1.9077,0.2894,1.6183,黄,37.1179924,0.023324564,36.43954849,36.72774887,37.9045105,1.464962006,23.34178352,0,5.061006546,0,0.894863605,0.26075989,0.756101131,0.976135015,1.089086413,0.332985282,7.090714455,8.200156212,1.886321425,0,0.469967276,0.489760309,41.95762634,0.125572845,7.251848698,1.057285786,-13.16872692,-0.815715432,-30.46862411,-0.363017589,0.00993527,1.311151862,0.374893218,0.617295206,11.99607849,0.191349402,-8.664323807,-0.272750795,29.54263878,0.102119982,791.6090698,0.178882957,1497.183594,0.240855873,-6.098138332,-0.966619611,1628.394531,0.190580577,1203.799072,0.176158756,-28.43424606,-0.473598033,3182.849121,0.096092373,881.4980469,0.438028902,-44.14444351,-0.127090305,-15.96617317,-0.296133369,35.68891907,0.165648162,0.036868915,0.542114258,-0.027848277,-0.252034366,0.433786899,0.465750277,42.5736351,0.135048941,4.232129574,1.37094295,-17.55903244,-0.431248546,-34.85980225,-0.221045762,0,0,0,0,0,3.70370388,4.761904716,0.199999988,0,0,0,-25.1690979,0,0,0
xxxxxxxx001,Hanzi,2,2.0064,2.195,0.1886,0.0987,红,35.00016022,0.06289281,35.80644608,35.88811111,36.05225754,0.245811462,357.1677246,0,3.245687485,0,0.786255181,0.12625058,0.662476838,0.802975357,0.887541413,0.225064576,0.241684914,0,1.797631621,0,0.366264611,0.952268541,47.64274979,0.03911718,17.4470787,0.099651165,-11.06860447,-0.589957833,-27.81462288,-0.144924894,0.006220445,0.593381941,0.378031522,0.168532968,11.62186432,0.301883787,5.630214214,0.71846056,44.73646164,0.049720936,903.9227905,0.184356138,1543.863647,0.229187831,-12.67021847,-0.69252491,1714.214966,0.206091374,1500.104248,0.091917388,-37.19519043,-0.133196816,3050.382813,0.0906462,1512.378418,0.245493382,-49.63986588,-0.123800673,-28.46309662,-0.060538162,46.94716263,0.032615516,0.076392882,0.201159835,-0.045310792,-0.049920518,0.548011124,0.85015738,48.48871994,0.035186838,16.46267128,0.083866529,-15.26617336,-0.243289933,-30.23956108,-0.091383234,0,0,0,0,0,0,9.090909004,0.099999994,0,0,0,-25.39204025,0,0,0
xxxxxxxx001,Hanzi,3,2.3327,2.5392,0.2065,0.1377,绿,38.75945663,0.021919761,37.93941498,38.77168655,39.64232635,1.702911377,0,0,-0.200197071,0,0.784090638,0.038039219,0.762460828,0.776546299,0.812894166,0.050433338,1.925879717,1.336795092,-1.053367138,1.658604264,0.272855818,0.19696556,39.80500031,0.034768429,8.354588509,0.380894363,20.13906479,0.393575579,-17.26404572,-0.300356954,0.006737099,0.208947733,0.466507971,1.230932713,14.77691269,0.038359497,16.87764359,0.23092702,30.29136848,0.047145966,796.9422607,0.049902368,1107.414673,0.074321039,-26.4270668,-0.053113122,2027.012207,0.020687345,762.5022583,0.216737136,-38.18345261,-0.046257842,2855.477783,0.018120293,1046.336304,0.213654712,-39.84079361,-0.060269814,-27.89611435,-0.036181927,35.74414063,0.04002535,0.046306696,0.276523501,-0.034299117,-0.08844918,0.261960179,0.164177686,40.28198242,0.034460817,8.128653526,0.453837216,16.49150467,0.400086045,-15.08929729,-0.242195174,0,0,0,0,0,10.52631569,7.692307949,0.119999997,0,0,0,-24.51436424,0,0,0
xxxxxxxx001,Hanzi,4,2.6769,3.068,0.3911,0.1377,蓝,31.81495094,0.088081762,31.76841545,32.60505295,33.72953033,1.961114883,15.80697727,3.255006552,324.0793152,0,0.938381255,0.587494433,0.2512784,0.99343276,1.530676603,1.279398203,3.494320631,2.753151417,4.962993145,0,0.267011762,0.423879772,34.31724548,0.07366652,-3.449653149,-4.337638855,0.55049926,11.87723732,-6.223937511,-1.815719962,0.024093578,1.969330668,0.634921193,0.750761092,9.094956398,0.298259526,22.96487999,0.337346584,30.36165619,0.32405448,774.4049072,0.185362086,1263.821777,0.15695034,-4.989746571,-0.922838688,1632.853149,0.05296037,939.9177246,0.188046828,-11.30321217,-0.670884669,2902.703857,0.082777098,465.6355896,0.683950007,-23.79400635,-0.282027453,-10.91501331,-0.641802609,28.12023735,0.264702648,0.07360258,0.250560671,0.002606607,3.903998375,0.304392487,0.385458112,34.85605621,0.067954585,-7.872155666,-1.51211822,-1.696191192,-2.50848031,-9.461583138,-0.972492158,0,0,0,0,0,2.631578922,3.125,0.310000002,0,0,0,-28.3973217,0,0,0
xxxxxxxx001,Hanzi,5,3.2995,3.6727,0.3732,0.2315,绿,37.7726593,0.055698048,35.47784424,38.51188278,39.57303238,4.095188141,23.89771652,0,-30.29107285,0,0.653244734,0.267293751,0.428079635,0.717023492,0.78665334,0.358573705,3.631610394,2.240117788,-2.803963661,2.951345921,0.365118951,0.406410724,38.25201797,0.182392865,14.12499809,0.635103583,10.95627022,0.45639348,-5.508953571,-1.602330565,0.012108271,0.580388367,0.499966711,1.021705508,13.25747204,0.094097778,17.23821449,0.54161787,33.91391754,0.251276553,731.8031616,0.180176914,1220.109985,0.146683425,-24.14198875,-0.261031479,1853.380737,0.076985955,868.4697876,0.183846161,-37.73771667,-0.150072098,2842.450684,0.067330673,855.4912109,0.630175948,-43.64551544,-0.101366334,-28.83509064,-0.097463839,39.13128662,0.149871841,0.065270983,0.618695319,-0.026514014,-0.30626452,0.348656595,0.435466409,37.1129837,0.188037336,13.9239645,0.696813881,12.45424461,0.310841084,-4.877089977,-1.89377439,0,0,0,0,0,5.55555582,3.333333492,0.289999992,0,0,0,-25.75683403,0,0,0
xxxxxxxx001,Hanzi,6,3.7734,4.0109,0.2375,0.1007,黄,32.15275955,0.041001588,32.39009476,32.44902039,32.76969528,0.379600525,94.06361389,0,8.303032875,0,0.965848625,0.111211315,0.868872702,1.014256716,1.05161953,0.182746828,1.969203949,3.320046425,1.414479852,0,0.319500893,0.382750183,45.89608765,0.031387858,4.522978783,0.541163921,-16.2326889,-0.114018649,-23.98160362,-0.410717964,0.0069063,0.580890596,0.421089798,0.466458023,10.06661129,0.268200248,22.91385841,0.537015975,40.34262085,0.183760241,763.6118164,0.335801899,1640.670288,0.122244217,3.086382627,1.623258471,1372.35083,0.099387027,1219.339722,0.100443676,-6.591189384,-1.488733411,3016.640381,0.081168614,797.3676147,0.41759789,-34.01663971,-0.161295861,-8.387769699,-0.346102417,36.20813751,0.094771601,0.071507677,0.258462876,-0.018728541,-0.634114504,0.327768534,0.546391904,45.7821312,0.031124316,3.706002712,0.5452196,-15.67053223,-0.111826994,-29.17349052,-0.197427854,0,0,0,0,0,4.545454502,6.25,0.149999991,0,0,0,-26.5915184,0,0,0
xxxxxxxx001,Hanzi,7,4.1436,4.414,0.2704,0.1327,蓝,33.59901047,0.025063977,32.85040665,33.24299622,34.40790558,1.557498932,18.69430542,0,6.02729845,0,1.030820966,0.390800536,0.605056822,1.089076281,1.459080338,0.854023516,3.219831228,0,-6.087677956,0,0.331637055,0.228689656,42.71703339,0.103597976,-1.78072536,-10.41174316,-12.85771656,-0.471999079,-12.13377953,-0.508131623,0.006347202,0.61767143,0.44993937,0.571042538,11.12458134,0.035133041,18.09531784,0.444776446,37.58911896,0.355652988,737.4845581,0.216923296,1389.975464,0.174623355,-2.751768827,-1.621616721,1545.301025,0.119807467,935.0440063,0.14629595,-12.30640793,-0.632842243,2845.136719,0.090838857,663.0686646,0.349465847,-35.71892548,-0.39611581,-9.071365356,-0.430246234,33.22639847,0.272708803,0.082847692,0.195725843,-0.002859812,-4.318165779,0.366642743,0.190087482,42.36275482,0.108139932,-8.932500839,-1.676319003,-14.70086575,-0.304185599,-11.81092548,-0.420183688,0,0,0,0,0,3.846153975,5.000000477,0.189999998,0,0,0,-27.16730118,0,0,0
xxxxxxxx001,Hanzi,8,4.5157,4.7522,0.2365,0.1017,红,32.71856689,0.014323998,32.23805237,32.6836586,33.07099915,0.832946777,15.60348606,0,15.33348179,0,0.645773768,0.16154328,0.551987708,0.658648908,0.747566462,0.195578754,0.610345602,2.211221695,1.539497256,0,0.285791248,0.523531556,47.51394272,0.085541241,24.48737144,0.221040592,2.402212381,2.12824297,-21.35331726,-0.291296124,0.007513309,0.683850348,0.268378437,0.582942963,11.58976555,0.065622859,22.77678299,0.114894241,54.55335617,0.060373753,483.1907959,0.314907193,1472.660889,0.084263355,-2.476254225,-3.129656315,1478.143188,0.223238975,1078.893311,0.084677033,-30.71239471,-0.236549452,2784.003174,0.116789229,1002.069702,0.179262295,-48.71540833,-0.043340798,-34.51401138,-0.048735034,48.77579498,0.042375386,0.088131569,0.193796337,-0.048663862,-0.152101651,0.314050317,0.67979604,49.22259521,0.062761724,27.5616436,0.030592225,0.461750001,9.613471985,-23.37330818,-0.263574094,0,0,0,0,0,4.545454502,6.25,0.149999991,0,0,0,-26.40221405,0,0,0
xxxxxxxx001,Hanzi,9,5.1613,5.4177,0.2564,0.4091,蓝,33.56214905,0.012299703,33.13651657,33.38668823,34.09012222,0.953605652,4.40696764,0,8.278783798,0,1.013332486,0.428376585,0.488496006,1.172629118,1.398065567,0.909569561,10.51485443,0,-3.967946291,0,0.4317922,0.535522878,41.55699921,0.039594546,2.776255608,5.120273113,0.115238488,93.34612274,-8.810952187,-0.943516433,0.019470979,1.135160208,0.617622614,0.534282267,9.294849396,0.369695514,20.60100174,0.273388118,38.44041443,0.258746713,703.8092651,0.235771954,1274.716919,0.104941972,-6.764180183,-1.282189965,1729.917236,0.04967143,1003.510498,0.323981971,-21.26306152,-0.409589767,2930.761719,0.097960584,727.7909546,0.414125323,-35.37747955,-0.311359733,-20.80629921,-0.443877548,37.04843903,0.175852925,0.071057998,0.384365201,-0.017437795,-0.520407557,0.482775509,0.517120779,41.03044128,0.03395915,5.820092678,2.609326601,1.357101321,8.917805672,-7.582849979,-1.221669197,0,0,0,0,0,4.166666985,5.55555582,0.170000002,0,0,0,-25.33063316,0,0,0
xxxxxxxx001,Hanzi,10,5.4815,5.7679,0.2864,0.0638,绿,37.68968964,0.043006491,36.33231735,38.00662231,39.14532852,2.813011169,32.17061615,0,-38.19620895,0,0.829059422,0.185529202,0.68827343,0.819724858,0.982554793,0.294281363,0.438951731,3.261712074,3.057707071,0,0.446315646,0.382825822,40.33475876,0.111482218,10.07603836,0.722855687,15.33243084,0.737793982,-15.09783459,-0.389475226,0.011628422,0.576590896,0.352312028,0.440565586,12.88670921,0.140089124,17.43434334,0.294673383,31.28285789,0.27060008,713.7537842,0.109260775,1156.544434,0.119493201,-24.35564423,-0.228084788,1865.066528,0.065100938,701.3114014,0.277563661,-34.93243027,-0.144908026,2834.830078,0.026756117,596.2374878,0.25922206,-39.12083817,-0.124709375,-27.10068512,-0.134172499,34.50578308,0.155493826,0.079281293,0.216693848,-0.034279983,-0.219252929,0.433568925,0.322822392,38.24750137,0.061523005,9.276276588,0.813575447,20.57198715,0.281960964,-15.10247231,-0.424003422,0,0,0,0,0,3.70370388,4.761904716,0.199999988,0,0,0,-23.90419769,0,0,0
xxxxxxxx001,Hanzi,11,5.8397,6.0852,0.2455,0.0718,红,33.033741,0.028119484,32.21351242,32.72044754,33.796875,1.583362579,30.37872505,0,15.94015789,0,0.559483409,0.308044314,0.41169548,0.556807756,0.710252583,0.298557103,15.61876297,0,-3.336195946,0,0.383646488,0.631692231,42.50762558,0.102212884,29.6727314,0.115390837,8.216169357,0.778791368,-13.21538544,-0.670239627,0.009339825,0.591996491,0.313366264,0.569827378,10.4002161,0.203480721,19.21030998,0.295855731,55.0998764,0.037275825,650.1021118,0.274821192,1331.119751,0.107762054,-16.23296928,-0.741609395,1820.823364,0.216887861,1061.484863,0.108053207,-42.96236801,-0.249156699,3018.354004,0.118760943,973.4588623,0.175977483,-52.19691849,-0.062759921,-34.36573029,-0.127625912,46.59642029,0.096134454,0.059821095,0.451683104,-0.043347124,-0.181984857,0.426194817,0.650878906,43.64575577,0.092983536,29.56759834,0.129346758,6.843645096,1.004084349,-15.53219604,-0.468895435,0,0,0,0,0,4.347826481,5.882352829,0.159999996,0,0,0,-26.83667755,0,0,0
xxxxxxxx001,Hanzi,12,6.142,6.4205,0.2785,0.0568,黄,32.81468964,0.04061006,31.53402328,32.43576431,34.15515518,2.621131897,30.71200562,0,82.24583435,0,0.721874297,0.501318872,0.341229081,0.742434144,1.08575666,0.744527578,14.67152309,0,-5.92612648,0,0.467198133,0.74016726,41.32105637,0.116919734,9.950735092,0.930688977,-7.906490326,-0.828337073,-18.62120819,-0.506134808,0.025009532,1.133623362,1.714573264,0.967809856,6.842140198,0.451359957,24.50809097,0.218189701,40.09819031,0.092531703,780.7313843,0.326002002,1454.601074,0.173171476,-3.531585932,-1.948155761,1609.435303,0.132090554,1472.445313,0.345918387,-23.70012665,-0.356746554,3069.423828,0.117724404,869.0265503,0.356784016,-37.40282822,-0.200775355,-12.70939636,-0.547011673,35.50514984,0.162728846,0.079425149,0.188659519,-0.017765574,-0.546820641,0.579516292,0.612859368,43.11676407,0.073180199,7.033041477,1.220894456,-9.961596489,-0.561720312,-22.65114212,-0.290814638,0,0,0,0,0,3.846153975,5.000000477,0.189999998,0,0,0,-28.54354858,0,0,0
xxxxxxxx001,STT,1,1.8797,2.1691,0.2894,1.8797,黄,36.59983826,0.040870667,35.31757736,36.03042603,38.09328842,2.77571106,38.13403702,0,13.38047981,0,1.310859561,0.280364454,1.007350802,1.299206138,1.667868257,0.660517454,19.16109085,0,-6.174838066,0,0.88176775,0.315323234,41.00565338,0.074677773,-0.234387472,-39.20612335,-14.88456535,-0.383376271,-31.67852974,-0.441731989,0.014236495,0.794750988,0.700777531,1.145574093,10.12376308,0.215422288,-4.207970142,-1.121472001,28.35570145,0.153999329,545.7779541,0.253266811,1399.746338,0.096206278,-5.792328835,-0.624130368,1399.397705,0.136197045,1088.195557,0.158398151,-14.3449564,-0.766827047,2825.42041,0.103048161,845.1682739,0.529085875,-37.53797913,-0.201036215,-13.09998417,-0.516689777,30.96310425,0.095497504,0.068298221,0.320507556,-0.027695246,-0.389264047,0.980926394,0.249821886,40.69421768,0.079881907,-2.65959239,-3.236394167,-17.26745033,-0.161652908,-37.61991119,-0.251316637,0,0,0,0,0,3.70370388,4.761904716,0.199999988,0,0,0,-21.62097168,0,0,0
xxxxxxxx001,STT,2,2.2868,2.4804,0.1936,0.1177,红,34.66734695,0.006795835,34.42576599,34.65415955,34.88083267,0.455066681,9.06162262,0,15.38948154,0,1.051477313,0.19667235,0.819282055,1.051955104,1.272109032,0.452826977,10.34557819,0,-4.13867712,0,0.435384214,0.72001791,46.18722534,0.0590575,14.1685276,0.256404817,-6.536710739,-1.079355001,-29.85504913,-0.394977093,0.005677665,0.503665149,0.337417275,0.11360395,11.97220898,0.110482834,6.623532295,0.335452139,41.44994354,0.117690831,940.1524658,0.030529438,1224.662842,0.057535715,-6.524639606,-0.756647587,2035.616943,0.120614976,2102.362305,0.3885203,-35.91241837,-0.149892375,3156.959229,0.119393133,1152.664063,0.639690578,-41.45853806,-0.145049617,-24.57312202,-0.121233381,32.47956085,0.148974776,0.108409114,0.08844284,-0.040777385,-0.119456977,0.610044718,0.684878767,46.86338425,0.052883193,12.35682774,0.251132071,-10.83271599,-0.391899109,-36.84859085,-0.211032525,0,0,0,0,0,5.55555582,8.333333969,0.109999999,0,0,0,-23.78223801,0,0,0
xxxxxxxx001,STT,3,2.5612,3.0191,0.4579,0.0808,绿,37.10555267,0.079424746,33.89125824,38.38366699,39.66047287,5.76921463,24.45278168,0,-33.5217247,0,1.076038957,0.179100186,0.869845867,1.140393138,1.252291679,0.382445812,0.08301989,2.357444048,4.108177662,1.167114377,0.540673912,0.462494791,35.69669342,0.087591663,-4.009993076,-1.927564144,26.44538498,0.340606987,-8.449036598,-0.845932186,0.010122898,0.60267663,0.37477088,0.649417877,12.40329361,0.211677596,18.68220139,0.521776497,22.96971703,0.335394263,638.2229614,0.281856984,1326.747314,0.14428696,-16.96618462,-0.939014971,1748.170166,0.073428862,965.1896362,0.721408963,-27.18083191,-0.149965003,2698.301758,0.085687302,951.578064,0.470366865,-27.93620872,-0.300023645,-19.96714783,-0.170457825,26.81670761,0.327305526,0.076158069,0.366998702,-0.027982917,-0.242917001,0.549876094,0.470343173,36.2571106,0.080205634,-3.898262739,-2.112734795,27.11042976,0.350958645,-8.666609764,-0.879522145,0,0,0,0,0,4.545454502,2.631578922,0.370000005,0,0,0,-22.67517471,0,0,0
xxxxxxxx001,STT,4,3.3254,3.7106,0.3852,0.3063,蓝,33.65546417,0.056426257,33.24131393,33.6178093,34.54098511,1.299671173,125.4976349,72.26276398,11.54603958,0,1.124241948,0.486257702,0.530818939,1.23585701,1.702729702,1.171910763,14.82511616,0,-5.59854269,0,0.464939386,0.569117308,35.60072327,0.135024279,-0.622562706,-23.1490612,-0.040382829,-228.6524506,-8.954176903,-1.099699974,0.008677279,0.626813769,0.620786369,0.66972208,9.106697083,0.444053024,18.92212677,0.374860346,30.52602386,0.227946967,673.401062,0.306589037,1193.559814,0.120071299,-1.364658475,-4.648245811,1584.347778,0.066180974,864.5986938,0.200031519,-14.60958099,-0.551221609,2761.312744,0.052978095,753.7555542,0.747556031,-27.35318184,-0.326507837,-13.82091808,-0.398330539,27.46433258,0.199628517,0.093030356,0.209552854,-0.007200556,-1.578624964,0.515069187,0.516449869,34.80253601,0.13852711,-2.511989832,-5.905173779,-1.125595331,-8.603378296,-12.32101345,-0.545815229,0,0,0,0,0,2.702702761,3.225806475,0.299999982,0,0,0,-25.38547707,0,0,0
xxxxxxxx001,STT,5,4.4738,4.829,0.3552,0.7632,绿,38.06539917,0.165928319,37.74814224,39.82682037,41.64326477,3.895122528,364.0713196,0,-29.81475067,0,1.233840942,0.359635442,0.75954926,1.448150635,1.556324244,0.796774983,6.528586388,2.814531326,0.031464696,1.467679381,0.79492569,0.441283524,31.70786667,0.12137688,-3.313366413,-2.87590003,26.70767021,0.170007959,-7.495181084,-2.034565926,0.047997985,2.467847347,0.861703813,1.085938454,11.81878471,0.431861103,17.11393356,1.285235763,11.32743073,1.033546209,806.170105,0.311122,1195.44519,0.115766041,-23.75473595,-0.618998587,1845.205811,0.12874715,843.6542969,0.733527362,-29.67982101,-0.251099646,2759.856445,0.057180494,923.2504883,0.305605769,-27.14847755,-0.153740212,-19.43763351,-0.095166206,25.0089035,0.199376956,0.071531348,0.262260735,-0.021930767,-0.414096057,0.721711099,0.366583765,30.61907387,0.10933093,-3.343074799,-3.131086111,26.36279869,0.179258034,-6.499874115,-2.55061245,0,0,0,0,0,5.882352829,3.571428537,0.269999981,0,0,0,-19.41129112,0,0,0
xxxxxxxx001,STT,6,4.9647,5.3259,0.3612,0.1357,蓝,34.63512039,0.062788703,33.23921967,34.32401276,36.55875778,3.319538116,0.33954522,0,0,0,1.289357543,0.469330668,0.573518395,1.374925613,1.877158642,1.303640246,0,0,-0.044782523,0,0.451477468,0.410900325,42.46902847,0.056298714,-4.739681244,-3.177084208,-2.130635738,-3.236559868,-11.25853539,-0.800304651,0.00734054,0.412553787,0.323574036,0.575456321,11.22417736,0.209712565,16.24237251,0.66639775,33.53664017,0.215614453,842.8311157,0.072444864,1224.472046,0.191225514,-8.266022682,-1.45396018,1651.961426,0.028205456,909.7852783,0.2095474,-15.6724329,-0.850475311,2913.831787,0.031101158,611.7957153,0.487220168,-34.07379532,-0.359750271,-12.7520895,-0.524161458,33.33591461,0.18679744,0.096051693,0.163940966,0.000254365,41.54716873,0.497250646,0.391287029,42.70311737,0.058442011,-10.19374847,-0.977353513,-4.831007957,-0.783569872,-14.43804359,-0.427047431,0,0,0,0,0,0,3.448276043,0.280000001,0,0,0,-22.76976967,0,0,0
xxxxxxxx001,STT,7,5.8896,6.2209,0.3313,0.5637,黄,34.95055389,0.03482917,33.87083817,34.5912056,36.14833832,2.277500153,19.74071693,0,22.87788582,0,1.188941717,0.368552566,0.770041764,1.152130961,1.693210006,0.923168242,9.023650169,0,-5.928958416,0,0.633236051,0.486262262,43.40338516,0.036729526,7.248383045,1.109786868,-10.84694576,-1.186875939,-26.40300751,-0.444207013,0.007398799,0.465484649,0.977730334,1.376787543,11.14598751,0.128908247,10.59909725,0.726837695,37.25201035,0.090897359,534.3416138,0.400041044,1591.208984,0.071328111,-6.944426537,-1.615806222,1374.151367,0.165872574,1082.891602,0.102631003,-14.21896172,-0.921069801,2752.414063,0.118160971,856.4240723,0.521524549,-38.3322258,-0.148566991,-16.09979057,-0.401527792,34.19015121,0.054469828,0.092242748,0.169203788,-0.025856324,-0.553920984,0.700553238,0.512735724,43.82527542,0.023052834,4.539546967,1.288404703,-15.39341354,-0.621705353,-30.45006752,-0.290737122,0,0,0,0,0,3.125,3.846153975,0.25,0,0,0,-23.17903709,0,0,0
xxxxxxxx001,STT,8,6.3166,6.6239,0.3073,0.0957,红,34.11162949,0.026818926,33.25117493,33.7465477,35.19006348,1.93888855,14.891922,0,15.10715485,0,0.763387501,0.311597407,0.575007081,0.741395295,1.021413207,0.446406126,2.24020052,3.372564554,4.837629795,0,0.363002479,0.687955916,44.50683212,0.136902839,21.58929062,0.227872595,10.13196468,1.07493937,-17.44007492,-0.751906097,0.007293649,0.567323625,0.265267432,0.377520859,12.04813766,0.103651397,14.52309895,0.267148852,45.41131592,0.106814563,697.5032349,0.194784671,1380.617554,0.058469053,-21.87304878,-0.275090724,1966.677246,0.163612425,1154.261475,0.124411501,-39.98862457,-0.136081025,2950.818848,0.098153956,1289.718018,0.430547118,-44.43178177,-0.073162898,-32.33348465,-0.0992034,42.21672058,0.080887668,0.092685625,0.099341407,-0.042015508,-0.226765141,0.411048591,0.775473654,46.99327469,0.081897944,22.90420341,0.186000541,8.08902359,1.394010782,-22.31951904,-0.418321937,0,0,0,0,0,3.448276043,4.347826481,0.219999999,0,0,0,-24.59919167,0,0,0
xxxxxxxx001,STT,9,7.6346,8.0288,0.3942,1.0107,红,36.6915741,0.063712582,34.1305542,36.2788887,39.49998474,5.369430542,20.78018188,0,-7.873153687,0,1.051603198,0.118486159,0.918827295,1.064313412,1.174514413,0.255687118,8.109796524,6.120405674,0.575302124,2.07876277,0.463621259,0.303295046,44.03755188,0.097410411,11.10278988,0.577664733,0.382147849,13.35954285,-20.52586555,-0.734399915,0.010340059,0.708631158,0.44198525,1.218200803,13.23484993,0.125170857,10.01416969,0.511294782,36.88812637,0.192068815,638.6398926,0.34502691,1349.651123,0.131734699,-16.2726059,-0.365026325,1730.664185,0.231169626,1074.093628,0.18072769,-35.95245361,-0.155052081,2909.021973,0.150888368,957.0407715,0.468668997,-43.92965317,-0.111830376,-27.50630379,-0.101613492,39.7055397,0.072429024,0.081175998,0.247624978,-0.03284137,-0.344047457,0.47962749,0.389641404,44.88377762,0.092347987,12.63027668,0.452549666,0.126151845,43.60119247,-23.04966545,-0.654298604,0,0,0,0,0,5.263157845,3.125,0.310000002,0,0,0,-21.30707359,0,0,0
xxxxxxxx001,STT,10,8.0637,8.4568,0.3931,0.0349,蓝,35.08133698,0.047785431,33.51873398,34.73441315,36.55677414,3.038040161,20.06834412,0,107.6705933,0,1.638599038,0.49747622,0.727421641,1.716743231,2.516103745,1.788682103,9.666125298,0,-7.058145046,0,0.664789498,0.666068435,37.70019913,0.091725759,-15.62923145,-1.022607684,-6.370978832,-0.854498327,-10.12800884,-1.037084937,0.017983537,2.003174543,0.559616685,0.791303694,10.02588367,0.248091176,11.52926159,0.731189728,25.77275467,0.323524863,797.861145,0.125954449,1302.670776,0.23940596,-3.336143732,-3.301237345,1665.173706,0.087295532,859.6541138,0.158614278,-8.651599884,-1.228713393,2933.26709,0.063417815,506.2613831,0.453842252,-25.58219337,-0.518967211,-8.521801949,-0.395003349,27.05074883,0.156636715,0.089524806,0.17343612,-0.001253459,-6.117163658,0.756664395,0.686251462,38.40177917,0.083134264,-21.12602615,-0.492676765,-7.95219183,-0.476366997,-12.8891468,-0.699374199,0,0,0,0,0,2.631578922,3.125,0.310000002,0,0,0,-22.08493423,0,0,0
xxxxxxxx001,STT,11,9.7528,10.128,0.3752,1.296,绿,37.80091858,0.07121098,35.65161514,38.11761856,40.40042114,4.748806,55.29599762,0,-38.73176575,0,1.227448106,0.344109297,0.72233814,1.412854314,1.590633273,0.868295133,2.689024448,7.185649395,1.801214099,0,0.820169032,0.488983393,32.88739777,0.080738842,-3.840742111,-2.170426846,28.37811852,0.138703063,-2.400252581,-4.327234745,0.02607738,1.010905862,0.49661085,0.950822592,11.65440845,0.2430709,17.99375916,0.50968188,17.37937355,0.566808879,663.0081177,0.435350627,1401.443115,0.146642521,-17.01060486,-0.897114456,1754.894165,0.075247936,835.4268188,0.234831303,-29.00544548,-0.199315682,2647.730713,0.045111302,1025.424072,0.348141491,-26.31955528,-0.208693162,-19.21934509,-0.117567383,25.42951584,0.198736474,0.072687358,0.401152045,-0.021302227,-0.275908053,0.872358799,0.465911686,32.36341476,0.07678508,-3.760530949,-2.374758005,28.94491005,0.136005968,-4.109176636,-2.372784853,0,0,0,0,0,2.77777791,3.225806475,0.299999982,0,0,0,-20.44214439,0,0,0
xxxxxxxx001,STT,12,10.3824,10.7017,0.3193,0.2544,黄,31.81916428,0.114353515,32.16929626,32.61322021,33.62936783,1.460071564,510.8052673,0,7.514839649,0,1.143827558,0.480920404,0.528566182,1.255555868,1.666382551,1.137816429,15.43992329,0,-8.945171356,0,0.696365654,0.498660356,40.14188004,0.13110964,5.00039196,2.301416636,-12.95087624,-0.337087452,-25.40976906,-0.63060236,0.008405338,0.472757816,1.054260492,1.400853395,7.581252575,0.570976675,9.228157043,3.278940439,26.78460121,0.841245353,564.321106,0.446485668,1486.084473,0.127129868,2.034332275,1.885291696,1326.447998,0.112439036,1277.456299,0.302529514,-5.572449684,-1.81947422,2840.003418,0.126318201,763.7075806,0.459234208,-31.42996025,-0.115119182,-8.799889565,-0.715847313,32.1175499,0.150813192,0.065637998,0.55554384,-0.017875146,-1.064720988,0.821344912,0.35546577,40.8696022,0.137267306,3.672592878,3.294997931,-14.6060276,-0.203462943,-31.03516197,-0.408005625,0,0,0,0,0,3.333333492,4.166666985,0.229999989,0,0,0,-23.47107697,0,0,0
xxxxxxxx002,Dots,1,1.1513,1.5355,0.3842,1.1513,红,23.22642708,0.04033133,22.36827087,22.86288452,24.36108971,1.992818832,13.86047459,0,-1.726102829,7.423880577,0.420666456,0.249780551,0.337611943,0.455590457,0.523928583,0.186316639,2.454376221,2.501315832,1.924441099,0.274292946,0.147276595,0.479516476,40.93637848,0.127636433,31.039114,0.122175358,19.07905579,0.32074517,-17.09077644,-0.257362127,0.008234853,0.424822927,0.465507835,0.649481654,6.876821041,0.175678134,10.36239243,0.390387505,41.30122757,0.090762593,542.7244873,0.275733829,1434.500854,0.102469444,-16.78318787,-0.426587731,1556.647583,0.246338725,1397.961548,0.225605473,-37.49931335,-0.185637593,2780.397949,0.064426921,503.1954956,0.412335306,-44.02511215,-0.107249908,-31.15390015,-0.109326929,37.49515152,0.100940302,0.014235298,1.072056174,-0.047080413,-0.263789296,0.15124698,0.57114011,41.91918564,0.119095758,30.41980934,0.126018345,19.05213928,0.343293518,-17.9067688,-0.238441452,0,0,0,0,0,5.405405521,3.225806475,0.299999982,0,0,0,-31.61517143,0,0,0
xxxxxxxx002,Dots,2,1.6363,2.1152,0.4789,0.1008,黄,22.10197449,0.042668987,21.75102234,21.97874832,22.67758179,0.926559448,5.465769291,0,-313.6716003,0,0.605637133,0.367842704,0.348725587,0.691055596,0.790752828,0.442027241,1.425700545,1.420397997,2.806677818,0,0.18218334,0.33678934,46.1439209,0.072201997,21.34456253,0.255483806,5.377454758,1.911305904,-33.25789261,-0.487970829,0.006697876,0.587662518,0.413427591,0.73141849,5.833374023,0.32180205,11.54063892,0.337580919,37.40242004,0.117654838,451.3983459,0.365003377,1350.101929,0.09741395,-8.18954277,-0.637264073,1274.455078,0.23439613,1038.343384,0.289839089,-15.1866045,-0.778038204,2684.16626,0.085450701,1115.195923,0.778535128,-38.41579819,-0.106103465,-25.13055229,-0.142862767,31.12069702,0.138666824,0.014650764,0.97806263,-0.057691835,-0.18716149,0.169253379,0.363797694,46.83047485,0.069275774,20.82936478,0.267856121,2.193454266,3.705690145,-38.7538147,-0.304731727,0,0,0,0,0,2.17391324,2.631578922,0.370000005,0,0,0,-30.62879181,0,0,0
xxxxxxxx002,Dots,3,2.7059,2.9722,0.2663,0.5907,蓝,21.63729095,0.021711841,21.24535751,21.43386269,22.24424362,0.998886108,4.702186584,0,13.45432377,0,0.651023686,0.28134191,0.433489114,0.736881077,0.785483062,0.351993948,3.646146297,0,-1.51381278,0,0.170419022,0.304568112,41.89985275,0.042053506,11.33804226,0.520185053,9.505818367,1.284458637,-21.1133213,-0.496887624,0.017466744,1.005280614,0.773486257,0.828872561,5.554033756,0.137282744,6.308985233,0.807133198,26.76281548,0.110737525,399.6708984,0.059228737,1098.300781,0.05251424,-5.60514164,-0.141087964,1246.963135,0.013038252,821.5705566,0.080484591,-19.47835922,-0.287258774,2608.976807,0.033158321,353.4323425,0.389235348,-29.89054489,-0.137880176,-18.74023247,-0.271077096,28.84410667,0.160320565,0.012884511,0.622532725,-0.021224188,-0.357594788,0.191481024,0.278983444,41.45698547,0.043076966,11.97908783,0.552980959,12.84608364,0.9517349,-23.95314598,-0.415905237,0,0,0,0,0,4,5.263157845,0.179999992,0,0,0,-31.38139343,0,0,0
xxxxxxxx002,Dots,4,3.1768,3.3963,0.2195,0.2046,绿,23.56958961,0.034741234,22.75745583,23.75728989,24.34782982,1.590373993,0,0,-0.180633411,0,0.514123082,0.107895494,0.490571111,0.54133451,0.551659048,0.061087936,1.877956629,0,-1.15953517,0,0.127071634,0.206067532,39.12259293,0.016647896,10.20492363,0.31695196,39.89030075,0.043228514,17.01691437,0.274617553,0.008091557,0.362511516,0.215562686,0.671073556,7.214076042,0.09989924,0.845401108,0.991614401,24.204319,0.053426422,367.4408875,0.004445208,992.9395752,0.024988301,-1.104379773,-0.753534615,1461.79248,0.013501089,641.562561,0.085516125,-32.00372314,-0.112798609,2262.067139,0.009367696,808.163147,0.074032404,-24.55082512,-0.061914559,-21.69501305,-0.056543291,26.54452133,0.026530594,0.028395452,0.40987131,-0.021038806,-0.106061034,0.131633028,0.09546759,38.84813309,0.013448039,8.599330902,0.064892098,39.59778595,0.042816326,18.9194603,0.201110289,0,0,0,0,0,5.000000477,7.142857075,0.129999995,0,0,0,-30.72719193,0,0,0
xxxxxxxx002,Dots,5,3.531,3.8922,0.3612,0.1347,绿,23.22795486,0.037901431,22.30500412,23.39847374,24.11107063,1.806066513,17.31308174,0,-10.87985706,0,0.438232958,0.195711121,0.362668514,0.455896705,0.514100313,0.151431799,-0.065669298,1.652825236,0.998302162,0,0.151730031,0.43260923,38.3684845,0.035276111,10.63693905,0.243721753,43.76865768,0.065320894,17.59073067,0.378024459,0.011986428,0.926478863,0.447730303,0.859245777,6.92062664,0.124526165,2.465452909,0.753356814,25.14910889,0.063099153,373.5046997,0.024086196,1025.256348,0.059036553,-3.115399361,-1.103413582,1511.106567,0.025896657,706.2028198,0.16875495,-32.52659607,-0.08416523,2281.821045,0.031186661,866.3640137,0.165998697,-26.3707943,-0.12819396,-23.17243576,-0.076471567,27.15900993,0.087198392,0.004076506,3.879712582,-0.022333249,-0.187391862,0.130869672,0.233657748,38.72387695,0.025289077,11.14762592,0.182332337,43.90451813,0.049269572,19.80711746,0.234369069,0,0,0,0,0,2.857142925,3.448276043,0.280000001,0,0,0,-31.53412819,0,0,0
xxxxxxxx002,Dots,6,3.966,4.3351,0.3691,0.0738,蓝,21.59708786,0.030314701,20.90946579,21.48356247,22.34329605,1.433830261,10.83215141,0,17.82542419,0,0.566630661,0.245209649,0.457939804,0.615724742,0.691093028,0.233153224,3.836360931,0.978086174,2.911688805,4.54420805,0.244672433,0.672515869,41.96721649,0.05631857,14.94401455,0.33212629,7.142458439,1.336671591,-22.72662926,-0.547118247,0.011483906,0.848675966,0.915203691,1.318063617,3.616801739,1.143748403,10.82328606,0.343811035,31.64423561,0.220773757,388.9735413,0.063903302,1186.611816,0.167700246,-16.55238342,-1.546551108,1205.20166,0.017548788,870.0443726,0.155759767,-22.46178246,-1.144238949,2594.572021,0.045363747,578.609436,0.803132355,-39.85138702,-0.56834197,-16.53527069,-0.209832028,30.34918404,0.119052701,-0.001573443,-12.50200462,-0.0286997,-0.180278882,0.268681854,0.667869389,41.72911072,0.060432401,13.57524204,0.333924174,4.647146225,1.723399878,-26.18187523,-0.42958647,-24.47669601,27.5397625,-0.004332309,-0.012920338,0,8.571428299,3.448276043,0.269999981,0,0,0,-32.20304489,0,0,0
xxxxxxxx002,Dots,7,4.4798,4.7751,0.2953,0.1447,黄,21.43517303,0.044111066,20.58567619,20.98775673,22.51841736,1.932741165,17.34323502,0,12.64827156,0,0.643759191,0.321320891,0.422068179,0.747897863,0.809326947,0.387258768,3.458563805,4.690306187,2.938740015,0,0.231882781,0.305563271,43.53547668,0.069982812,24.11521339,0.16971235,1.782266378,5.441520214,-37.07492065,-0.322386354,0.012659613,0.604829252,0.700400293,0.47579217,4.751893997,0.361017406,14.04023552,0.119481213,37.47269058,0.112089977,463.2186584,0.346840084,1309.29126,0.099746309,-6.310897827,-0.415368199,1329.373779,0.282200158,1005.881836,0.298253864,-18.51538086,-0.637217999,2889.6875,0.046968825,1090.24353,0.604799628,-37.4081459,-0.121301234,-26.10289001,-0.08210256,31.25156784,0.076967061,0.008460636,1.114212871,-0.062084999,-0.057266425,0.255249411,0.355341733,44.20282745,0.050728124,22.6692276,0.146466702,-1.582632184,-5.115333557,-41.23218155,-0.223786607,0,0,0,0,0,3.571428537,4.545454502,0.209999993,0,0,0,-30.1967144,0,0,0
xxxxxxxx002,Dots,8,4.8799,5.1752,0.2953,0.1048,红,21.5281868,0.038663439,20.80139351,21.33963776,22.18185425,1.380460739,10.96081257,0,111.6985321,0,0.319533378,0.271091551,0.259548604,0.355983198,0.390433758,0.130885154,2.510344982,2.565135479,0.790194333,0,0.164294809,0.574514925,38.09668732,0.08249943,28.04236984,0.10123767,25.68884468,0.189632773,-16.9956646,-0.541483343,0.007415183,0.545296788,0.228386924,0.318498969,5.222982407,0.350972593,24.20806503,0.797590971,38.18091965,0.067071185,442.4609985,0.372406125,1444.182495,0.104726993,-11.32657814,-0.648472965,1213.828613,0.237282097,1181.381226,0.181744352,-29.97151756,-0.255406946,2787.965332,0.050751172,194.6882172,0.47085011,-38.63096619,-0.08539065,-28.38130569,-0.056222517,34.70849609,0.045319404,0.002689132,4.287602901,-0.035275631,-0.170341551,0.158631116,0.525324821,38.15702057,0.083160274,28.43563652,0.107297271,25.34500504,0.212279573,-18.95381355,-0.484191507,0,0,0,0,0,3.571428537,4.545454502,0.209999993,0,0,0,-34.31196594,0,0,0
xxxxxxxx002,Dots,9,5.3568,5.6791,0.3223,0.1816,黄,21.66771507,0.056664359,20.63881874,21.3269577,22.85909081,2.220272064,21.50940132,0,19.03450203,0,0.515128613,0.39347434,0.288138241,0.570195198,0.716370404,0.428232163,4.172373772,0,-3.081997156,0,0.265879303,0.576878309,43.57155228,0.081496865,23.24361229,0.204936013,6.968369961,1.566499114,-39.61487961,-0.434711158,0.025530234,0.863332391,1.09191823,0.825618982,2.803447008,1.600927234,11.92144299,0.195869744,38.88121796,0.16501148,441.0090942,0.37870577,1245.451416,0.103064455,-10.98835945,-0.527819574,1330.24646,0.393838406,752.7711792,0.299348712,-17.3427124,-0.695622683,2733.692139,0.077400006,1074.398071,0.830184281,-41.55679703,-0.144441336,-25.15620804,-0.13765429,30.97478676,0.105647273,0.005124553,4.081894398,-0.060453925,-0.127383187,0.316203952,0.492208034,45.06312561,0.034333508,21.74245262,0.183564454,3.798326015,2.574847221,-46.8347702,-0.194380179,0,0,0,0,0,3.225806475,4,0.239999995,0,0,0,-32.17204285,0,0,0
xxxxxxxx002,Dots,10,5.7898,6.0373,0.2475,0.1107,红,21.4789753,0.013837536,21.20728874,21.32161522,21.80217552,0.59488678,9.055996895,0,3.477255583,0,0.367830276,0.140182137,0.323945105,0.372807771,0.420104027,0.096158922,2.015877962,1.267897725,-0.165128648,1.089884162,0.139861867,0.474381238,39.71586227,0.048179038,27.88609505,0.088076472,28.39547348,0.072049931,-15.96717072,-0.707591772,0.01242231,0.994672716,0.564147174,0.67930913,6.054588795,0.098771133,18.49572945,0.075051136,39.1182251,0.07246764,536.0647583,0.243332073,1458.254028,0.089952797,-15.91772747,-0.45802933,1466.439941,0.24685438,1483.709961,0.179674014,-34.64713287,-0.246638775,2762.623047,0.018258637,329.5271301,0.314039826,-38.26548767,-0.078685701,-29.54148674,-0.052669123,34.64347839,0.071413934,0.008390758,0.767103076,-0.038632765,-0.209728658,0.156619206,0.650247931,40.01011658,0.046085369,28.92350769,0.06099233,27.85409927,0.057783421,-19.16341591,-0.599233568,0,0,0,0,0,8.695652962,5.882352829,0.159999996,0,0,0,-32.80873871,0,0,0
xxxxxxxx002,Dots,11,6.1161,6.4154,0.2993,0.0788,绿,22.57048798,0.030452387,21.93088531,22.85816956,23.11960602,1.188720703,16.37547874,0,-4.59349823,7.884145737,0.403900743,0.198007599,0.310545325,0.421969235,0.476646662,0.166101336,1.958230495,0.083995804,1.093601942,0,0.14252387,0.443874389,38.95733643,0.135499269,11.58744144,0.213223085,37.29901123,0.308442056,19.44486427,0.298391312,0.017683037,0.82111454,0.542078972,0.553295434,6.3388834,0.097205691,2.041702032,0.681936264,28.92209816,0.162112102,381.5032959,0.068475626,1117.090332,0.153728679,-6.067416191,-0.861742854,1461.94751,0.042257264,720.2297363,0.158584684,-31.60505676,-0.10133516,2371.625,0.060873561,743.9086304,0.21349667,-30.81578064,-0.199222967,-22.87636757,-0.039892383,30.98739243,0.271998972,0.005626767,3.675149679,-0.01242954,-1.062790036,0.122259118,0.341399223,40.29101563,0.126129359,11.72824001,0.210488245,36.44750214,0.346166044,20.07944489,0.311342627,0,0,0,0,0,3.571428537,4.545454502,0.209999993,0,0,0,-33.1635704,0,0,0
xxxxxxxx002,Dots,12,6.4833,6.8355,0.3522,0.0679,蓝,21.15125275,0.071631134,19.89585495,20.49362564,22.55786133,2.662006378,50.79338074,15.79839611,66.08090973,30.4312191,0.53295821,0.467464268,0.257544041,0.660082459,0.750204563,0.492660522,6.135887623,5.483674049,4.200260639,1.047117114,0.323604375,0.621322572,41.25946426,0.082661688,8.332366943,1.107110858,8.303544044,1.504710197,-10.00395107,-1.888658285,0.061397478,1.180291533,1.873068213,0.819401801,1.522237539,3.267531633,10.47888374,0.518976271,28.91116524,0.273056835,470.1044617,0.258256018,1338.228516,0.283161193,-13.33613205,-0.698047638,1348.51416,0.058504757,994.0978394,0.24065116,-18.81516075,-0.721816599,2605.176758,0.04688077,738.4788818,0.54981941,-32.4950676,-0.247781008,-16.9448185,-0.474471807,30.3765564,0.217603192,-0.011601699,-2.148500681,-0.01779695,-0.236971423,0.381459802,0.525721133,41.81682968,0.082591966,6.283833027,1.411756516,5.864570618,2.084113359,-14.81424236,-1.169938803,0,0,0,0,0,5.882352829,3.571428537,0.269999981,0,0,0,-32.74115372,0,0,0
xxxxxxxx002,Hanzi,1,1.5275,1.9027,0.3752,1.5275,黄,23.11568832,0.063026175,22.47842598,23.06232834,24.31933784,1.840911865,162.9235229,149.8223419,12.56361008,15.45629501,0.564036489,0.350898802,0.343269497,0.636981487,0.767137349,0.423867851,3.836536884,0,-2.911164999,0,0.235250622,0.465302974,44.0770607,0.158505931,24.01076508,0.220129654,7.713369846,1.196851373,-39.64652252,-0.475564063,0.091897756,2.248140097,1.506561279,1.337478042,4.769281387,0.875176549,13.21503735,1.93540585,34.85637283,0.150015742,442.077301,0.272033364,1246.468872,0.120748162,-9.766149521,-0.489368588,1302.948853,0.274806321,869.130127,0.19054988,-17.23209381,-0.738314092,2846.124023,0.045551118,625.5441895,0.891829312,-38.52112961,-0.164820284,-25.88038445,-0.147437289,31.78105545,0.137205884,0.007422888,1.824057698,-0.059832472,-0.193313763,0.261358202,0.425908953,46.28934097,0.103579767,22.37800026,0.185089812,5.188210011,1.517080307,-45.75645447,-0.305910915,0,0,0,0,0,2.77777791,3.333333492,0.289999992,0,0,0,-30.54680824,0,0,0
xxxxxxxx002,Hanzi,2,1.9875,2.198,0.2105,0.0848,红,22.38855934,0.004496402,22.29341888,22.37116051,22.48848343,0.195064545,4.85428381,0,3.95116806,0,0.554891348,0.16947417,0.489768177,0.588906288,0.629873097,0.14010492,7.085479259,0,-1.654847383,0,0.151294351,0.770977497,41.28807068,0.040474832,30.51574516,0.13537392,16.36504173,0.299857765,-27.4040966,-0.272042274,0.002988893,0.39027527,0.336279869,0.626807094,6.635397911,0.119225241,12.74291611,0.17118068,36.58334351,0.051522616,671.4048462,0.284556627,1258.410889,0.150382832,-12.6032238,-0.359705687,1991.316284,0.279676884,1335.338623,0.196669295,-37.94522858,-0.17964083,3044.293701,0.041999344,647.548584,0.478857428,-37.07699585,-0.039690245,-30.72285461,-0.060042974,33.85219193,0.083337873,0.034590572,0.389033645,-0.064101093,-0.090358503,0.18305479,0.940894186,41.99503326,0.035037205,32.78299332,0.079738192,13.58862209,0.202402353,-30.78115082,-0.176324919,0,0,0,0,0,5.000000477,7.142857075,0.129999995,0,0,0,-30.05456734,0,0,0
xxxxxxxx002,Hanzi,3,2.3826,2.5791,0.1965,0.1846,绿,23.61762047,0.024523474,23.11063766,23.76779175,24.12005615,1.009418488,0,0,-0.158173084,0,0.511058509,0.072726384,0.473711371,0.509486914,0.548796594,0.075085223,1.470910549,1.605538487,0.939717352,0,0.136696756,0.192601979,37.82312012,0.062913671,15.30822563,0.059351079,34.87322998,0.053331602,16.48444366,0.258861154,0.006996606,0.342827052,0.39173755,1.044064999,7.310911179,0.073023193,-0.702188432,-0.930557251,29.99745178,0.039230019,369.6620178,0.009015285,1017.526245,0.031250026,0.316465884,3.134610891,1457.965454,0.026249899,742.1324463,0.089523137,-31.36416245,-0.063511662,2259.077148,0.013498154,797.4907227,0.10631609,-30.3831749,-0.035542604,-24.86453819,-0.033574678,29.42745018,0.063498773,0.021619182,0.370393157,-0.016146904,-0.311835438,0.138847724,0.223046154,36.46434021,0.032658465,15.27536678,0.066636428,34.5656662,0.036120698,18.73970222,0.111312389,0,0,0,0,0,5.55555582,8.333333969,0.109999999,0,0,0,-30.03881836,0,0,0
xxxxxxxx002,Hanzi,4,2.7068,2.9802,0.2734,0.1277,蓝,20.65127754,0.018814908,20.31085587,20.54090118,21.00383759,0.69298172,8.83570385,0,8.816003799,0,0.636574388,0.246462822,0.490287453,0.671664,0.766055286,0.275767833,5.174221516,3.284184933,0.953079462,3.146239281,0.177477166,0.378802478,44.05654144,0.024922509,7.508903503,0.920578897,0.312526882,22.76088524,-18.57841301,-0.40179348,0.007250161,0.457075268,0.691424429,0.509012341,5.230772495,0.112690374,8.2709198,0.271177739,30.90107727,0.122385599,427.6520386,0.057996448,1204.460449,0.121396929,-7.264249802,-0.209280789,1294.055908,0.046209268,946.4367676,0.123779356,-15.08677101,-0.10740459,2471.518311,0.073242918,946.6994629,0.73516643,-32.51777267,-0.109556951,-15.11049175,-0.104376003,30.23980713,0.116910867,0.008325677,1.254920244,-0.021954324,-0.212961137,0.206049025,0.293745071,44.07844925,0.028038146,4.583305359,1.059999585,-0.215324119,-34.67567444,-20.79735756,-0.336443812,0,0,0,0,0,7.692307949,5.000000477,0.189999998,0,0,0,-32.07624435,0,0,0
xxxxxxxx002,Hanzi,5,3.1239,3.3903,0.2664,0.1437,绿,22.4540596,0.034706526,21.5585289,22.57358551,23.2239151,1.6653862,0,0,-0.120500267,0,0.394725055,0.200756297,0.304946214,0.432756394,0.464554787,0.159608573,0.668251157,1.468112588,0.553800702,0,0.122182794,0.268492401,38.03020096,0.084194139,19.16372681,0.132451326,31.75836945,0.297843426,13.69368267,0.690922081,0.007625569,0.385253757,0.551062107,0.647267103,6.706910133,0.090085067,0.482873142,1.947955728,28.47270584,0.135252416,378.3924866,0.047206577,1046.281372,0.088447794,-2.255535126,-0.625911057,1460.601196,0.052614525,860.0367432,0.289755195,-34.62660217,-0.063704647,2169.38623,0.018924635,849.7271729,0.13915062,-30.14370155,-0.157506451,-25.49847603,-0.07160458,29.03114128,0.117105216,0.014382055,0.869258463,-0.022417424,-0.100783989,0.11451412,0.254017085,36.83215332,0.069836654,18.810709,0.12203411,35.81965637,0.189582929,18.64876556,0.12969391,0,0,0,0,0,4,5.263157845,0.179999992,0,0,0,-32.44753265,0,0,0
xxxxxxxx002,Hanzi,6,3.4641,3.6477,0.1836,0.0738,黄,20.42845726,0.030227322,19.97865486,20.17146301,20.67437935,0.695724487,11.99633312,0,53.0641098,0,0.594843864,0.233358279,0.584090769,0.633184195,0.691521347,0.107430577,6.417285919,3.264402628,-1.265354753,2.549286127,0.237226129,0.393850327,43.24597168,0.065819547,20.46722221,0.074185759,-3.321408987,-2.922443867,-38.35380936,-0.189084262,0.004401353,0.399851203,0.862947524,0.127124354,3.899567842,0.489089549,10.68841839,0.185953796,37.78628922,0.129683897,489.0581055,0.345986575,1193.668457,0.095036127,-7.646028519,-0.095670991,1389.933594,0.31628415,806.9431763,0.210392848,-13.55132866,-0.639637411,2713.206543,0.077284873,925.7172241,0.636531651,-39.22285461,-0.098895036,-23.2516861,-0.065158278,31.91218758,0.031567272,-0.011517193,-1.523581505,-0.053625122,-0.182919398,0.266651183,0.368662715,43.26227951,0.080876276,19.80526543,0.059115309,-0.301074952,-34.18217087,-38.67218399,-0.216932833,0,0,0,0,0,11.76470566,9.090909004,0.099999994,0,0,0,-31.93289185,0,0,0
xxxxxxxx002,Hanzi,7,3.8572,4.0957,0.2385,0.2095,蓝,21.84984589,0.029588245,21.16571236,21.74453735,22.56137848,1.395666122,0.116191745,0,0,0,0.517326057,0.363514155,0.328819215,0.477186501,0.734702289,0.405883074,0,0,-0.02177128,0,0.138841197,0.235858515,43.15506363,0.088042624,19.94197845,0.406680435,4.130890369,2.169613838,-22.23082352,-0.368275732,0.007542144,0.533816159,0.483939588,0.575545371,6.208739281,0.081129447,12.9849968,0.151167437,43.35929108,0.104939409,449.7402344,0.347539335,1311.651489,0.129751414,-12.570014,-0.542491376,1326.244629,0.250796765,1011.331543,0.154545084,-21.81511497,-0.560572982,2589.028564,0.104832791,1073.295166,0.401026458,-45.10133743,-0.107680485,-19.42778587,-0.390463442,34.8102951,0.162115142,0.001695348,6.117934227,-0.038976122,-0.213716522,0.15018031,0.123720713,44.91091919,0.056225691,16.78223801,0.435020596,0.54540813,14.39256191,-26.14492226,-0.22424306,0,0,0,0,0,0,6.25,0.149999991,0,0,0,-32.43952942,0,0,0
xxxxxxxx002,Hanzi,8,4.1675,4.41,0.2425,0.0718,红,20.64631653,0.021593982,20.29543877,20.39877892,21.04264832,0.747209549,14.76661777,0,4.077403069,0,0.373989224,0.209823906,0.28935957,0.350484461,0.462946594,0.173587024,2.748312712,1.882472992,1.451502085,0,0.142882913,0.323418558,44.2897377,0.047131896,30.00935364,0.043816861,18.00743484,0.451120615,-28.77145576,-0.333855331,0.007109255,0.468785405,0.620828807,0.747152209,5.535668373,0.07720089,14.63520908,0.137644365,41.68206406,0.044826191,512.1889648,0.285286784,1439.136353,0.103930309,-11.27480507,-0.451020569,1408.499512,0.203265443,1302.1875,0.186951712,-31.53671074,-0.248053581,2908.111328,0.048357621,653.1881714,0.631174803,-41.87867355,-0.039718792,-31.02573204,-0.020306531,36.78235626,0.066492833,0.012158683,1.184638262,-0.056301881,-0.089031279,0.165258154,0.37681064,45.41886902,0.014945565,30.1290226,0.037050389,14.64371109,0.46024093,-33.84394455,-0.130470395,0,0,0,0,0,4.347826481,5.882352829,0.159999996,0,0,0,-33.56871033,0,0,0
xxxxxxxx002,Hanzi,9,4.5237,4.5985,0.0748,0.1137,蓝,33.03220749,0,33.03220749,33.03220749,33.03220749,0,0,0,0,0,0.551624179,0.342265636,0.361734152,0.529775143,0.741514266,0.379780114,0.084598064,0,0,0,0.200638041,0.504192054,40.65758896,0.012780015,15.56501007,0.30679968,15.76034832,0.866942286,-23.80184555,-0.200222597,0,0,0,0,-9.146550179,-0.232547596,8.595155716,0.119040087,31.91928482,0.018060852,372.2566528,0.005955884,1074.489868,0.007743159,-1.112878323,-0.134623021,1240.797119,0.000776862,818.9223633,0.013763466,-20.20190811,-0.030665852,2577.635254,0.011723203,354.4469604,0.137910977,-33.03216171,-0.012916807,-26.46581268,-0.004002787,32.12276459,0.010612751,-0.002156717,-2.455935478,-0.006303634,-0.19358623,0.130821228,0,40.89849091,0.018337572,21.23847198,0.059909739,33.46923828,0.068687543,-15.87543297,-0.117850654,0,0,0,0,0,0,0,0,0,0,0,-32.39781952,0,0,0
xxxxxxxx002,Hanzi,10,4.848,5.1234,0.2754,0.2495,绿,22.61306572,0.046558809,21.40935135,22.78863144,23.76926613,2.35991478,0,0,-0.140806392,0,0.403760463,0.191650987,0.346203297,0.40922761,0.480171084,0.133967787,1.747885227,0.068451345,-1.305835724,2.168071747,0.13577199,0.426954776,39.61856079,0.058999486,15.45549297,0.142656192,35.11385727,0.203878671,15.90741634,0.371820301,0.010415272,0.361438602,0.557234764,0.75028801,6.628241539,0.093930617,1.555244446,0.84608227,30.04753494,0.098161593,381.5353394,0.023967391,1058.181641,0.080125861,-2.047533512,-0.835189164,1491.494019,0.030195937,828.8248901,0.183140635,-34.12240982,-0.063599572,2304.454346,0.034989912,858.9963379,0.271154344,-31.16075325,-0.125536367,-25.58126831,-0.083421573,29.7104435,0.084914543,0.02096653,0.503256917,-0.020457584,-0.139370278,0.125788257,0.327056527,39.61432266,0.058224149,15.15391922,0.139569372,38.71572876,0.064125769,17.78823662,0.292467445,0,0,0,0,0,7.692307949,5.000000477,0.189999998,0,0,0,-32.15596008,0,0,0
xxxxxxxx002,Hanzi,11,5.1992,5.5005,0.3013,0.0758,红,21.30412102,0.031829994,20.6855526,21.13751602,21.99748993,1.311937332,9.694469452,0,81.24580383,0,0.268440813,0.356075257,0.165913016,0.293566436,0.358626246,0.192713231,0.930465758,1.644453645,0.74301511,0,0.136220589,0.605616868,38.56541824,0.177820146,30.09006691,0.201020434,20.68777657,0.33160457,-17.01461601,-0.438880295,0.016639117,1.069683313,0.83973968,0.935409665,4.882806778,0.41028285,12.51461697,0.228873014,44.42744064,0.067628443,442.3602905,0.284191787,1536.726563,0.069263533,-34.28321838,-1.742582798,1246.666504,0.189245641,1361.842163,0.1537752,-54.86739349,-0.951645613,2805.073242,0.065766893,558.4647217,0.499314547,-65.93544769,-0.722006202,-30.16665077,-0.112122245,36.68917847,0.096779108,0.00526452,3.784014463,-0.039278783,-0.208212987,0.155729532,0.559931517,40.75493622,0.11811325,30.03788757,0.182666555,22.07289886,0.253570974,-19.34191132,-0.341004372,-16.67707253,19.75035286,-0.036779597,-0.018676773,0.040118434,3.448276043,4.347826481,0.189999998,0,0.02,0,-35.24075699,0,0,0
xxxxxxxx002,Hanzi,12,5.6631,6.0104,0.3473,0.1626,黄,22.29775238,0.027918234,21.87944031,22.26994133,22.68360329,0.804162979,15.97862816,2.918896437,47.17623901,23.36693001,0.261516511,0.475009352,0.137120187,0.238159105,0.409532249,0.272412062,2.395359755,1.373551369,3.511869192,1.000521421,0.181389242,0.765341818,41.27386856,0.148367405,20.29175758,0.176601216,14.55305386,0.667589724,-13.24416733,-1.559707522,0.052367434,0.941784918,2.446439505,0.547190309,2.538243055,1.523908138,21.38225746,0.883644938,38.37283325,0.083852164,666.180481,0.336111754,1346.707031,0.187411383,-20.33675194,-0.306837112,1721.361328,0.245068923,1365.838623,0.340342969,-36.83203506,-0.360345572,2902.277588,0.083404794,791.8033447,0.541820407,-44.43415451,-0.062613919,-28.34066963,-0.098941892,39.05997849,0.085187539,-0.046219606,-0.483859509,-0.039363019,-0.347402573,0.216110811,0.633535147,42.49212265,0.144101366,20.2963047,0.188821092,11.97088528,0.739096522,-19.67910004,-0.849750876,0,0,0,0,0,6.06060648,3.70370388,0.25999999,0,0,0,-37.35172272,0,0,0
xxxxxxxx002,STT,1,3.076,3.519,0.443,3.076,黄,23.64482117,0.035102837,22.94413757,23.26325989,24.36270142,1.418563843,13.06540489,0,7.407426834,0,0.608248711,0.30079174,0.423400819,0.66433233,0.775482774,0.352081954,3.323971748,0,-2.518806219,0,0.202297151,0.34242186,46.0533371,0.142840132,21.95018196,0.228755057,6.344213963,1.515401602,-38.57414246,-0.288660079,0.010495863,1.010363579,0.524089813,0.806644857,6.774217129,0.19347316,8.247219086,0.490235329,38.90185547,0.151328921,435.8900146,0.354484469,1346.300659,0.124107391,-8.927956581,-0.664503813,1293.237427,0.26181531,884.6620483,0.209298581,-20.5930748,-0.51898092,2726.357178,0.070334502,1004.039734,0.701467276,-41.48215866,-0.131182864,-26.18347931,-0.118139856,33.7661438,0.103546903,0.013063742,0.69151336,-0.058704961,-0.174329013,0.195722416,0.335962981,47.20679474,0.136126205,22.54426956,0.233942986,3.313816309,2.194962025,-40.49336624,-0.274456263,0,0,0,0,0,2.325581551,2.77777791,0.349999994,0,0,0,-30.08777809,0,0,0
xxxxxxxx002,STT,2,3.8493,4.2513,0.402,0.3303,红,22.86453819,0.031271916,22.32699966,22.64663315,23.53572083,1.208721161,0,0,-0.049625993,0,0.377766103,0.168283686,0.341855168,0.398864776,0.426456153,0.084600985,-0.510995686,0.843841076,1.134161353,0,0.136687919,0.766335249,43.29579544,0.101981498,27.88992119,0.228210464,21.08749962,0.16467762,-16.01664543,-0.794139743,0.005761154,0.955760062,0.399987459,0.522440195,7.014284134,0.107467867,13.92250061,0.157615334,42.9438591,0.084310055,403.914093,0.461457342,1698.999756,0.116415024,-13.95419312,-0.365141481,1199.133545,0.284734666,1317.663696,0.359006822,-27.98781395,-0.200695261,2734.273193,0.063153282,954.2575684,0.506606638,-43.98690796,-0.050027281,-31.44170761,-0.09280201,38.68304443,0.057448559,0.00700255,2.106099844,-0.043020613,-0.355771393,0.099247955,0.64239639,44.68975449,0.078677334,29.48376083,0.192168549,19.92406082,0.10846588,-19.89632225,-0.529421329,0,0,0,0,0,2.56410265,3.125,0.310000002,0,0,0,-31.96828842,0,0,0
xxxxxxxx002,STT,3,4.5946,4.9577,0.3631,0.3433,绿,23.26148033,0.062996514,21.93070984,23.80615044,24.51264572,2.581935883,123.8702087,0,-14.17207336,0,0.427614987,0.247377083,0.359746814,0.481911182,0.504470825,0.144724011,1.411471248,0,-2.630001783,0,0.16886498,0.578560412,39.59612656,0.064778745,11.86083317,0.373546779,36.99320602,0.163207889,19.74543953,0.279690325,0.009675778,0.63183254,0.319381893,0.670469463,6.47662735,0.370593131,1.920451045,0.347204864,29.25022888,0.168250084,358.5711365,0.117094204,1138.821411,0.116381831,-2.506856203,-1.34222877,1454.217285,0.052116923,841.3012085,0.150159806,-31.3582859,-0.106997512,2295.152588,0.058426924,849.5211182,0.178748593,-29.88161659,-0.200202838,-24.89698219,-0.123005621,31.75888443,0.223782226,0.010213713,2.624177694,-0.010364413,-0.96519053,0.147277519,0.373183161,39.89480972,0.066525988,12.23503304,0.381074458,35.818367,0.163124621,20.96250153,0.246782646,0,0,0,0,0,2.857142925,3.448276043,0.280000001,0,0,0,-31.38316536,0,0,0
xxxxxxxx002,STT,4,5.1204,5.5434,0.423,0.1627,蓝,21.07826233,0.043306962,20.28511429,20.60025406,22.10109711,1.815982819,9.552526474,0,8.163281441,0,0.658081412,0.354309142,0.362575144,0.703475893,0.874820769,0.512245655,5.511419296,1.471771002,0.290568829,2.508031845,0.204651594,0.383525997,41.07878876,0.099586315,9.393311501,0.623052359,4.039408207,2.647428036,-17.43302536,-0.747668564,0.010848829,1.159639835,0.540896237,0.722153246,5.072751999,0.365575194,13.07483101,0.219267964,32.36209106,0.214966148,406.4791565,0.041931562,1127.70166,0.14129369,-12.65425491,-1.865701556,1260.620972,0.019353127,862.4702148,0.159786209,-18.51516151,-1.299440622,2508.41748,0.070109032,880.1358032,0.721152425,-36.84524918,-0.604814172,-14.57766056,-0.302165121,29.25409889,0.189253852,0.002533234,4.40692234,-0.019650074,-0.194771662,0.213890433,0.381130099,41.58949661,0.074486449,8.459990501,0.716503918,0.926335275,8.782516479,-22.51455307,-0.314498305,-22.90868568,37.54890823,-0.017541591,-0.002210186,0,4.878048897,2.857142925,0.329999983,0,0,0,-31.41706848,0,0,0
xxxxxxxx002,STT,5,6.4324,6.7257,0.2933,0.889,绿,22.98142052,0.052179743,21.5586338,23.27400589,24.13866806,2.580034256,11.9597435,0,19.02079391,0,0.398741215,0.130031541,0.363505542,0.407488942,0.441512853,0.078007311,1.326500773,0,-1.358569503,0,0.124063767,0.369001299,37.34010696,0.066681474,14.66741371,0.193823963,41.19219589,0.10839735,24.66036797,0.144494355,0.013233975,0.603007615,0.356177211,1.106711388,6.758311749,0.13948223,2.090155125,0.771959007,25.81950569,0.09379378,373.4587402,0.015528874,1018.120972,0.025441036,-2.670981884,-0.283684075,1527.394409,0.026639223,719.5303955,0.137821391,-33.47734833,-0.095882878,2241.962402,0.01966246,937.453186,0.126736403,-26.27787209,-0.124705791,-23.93164825,-0.089129128,27.80104065,0.088279977,0.013666293,0.710335016,-0.019987583,-0.117576048,0.117293678,0.411008984,38.16953278,0.048630852,14.74562645,0.181070909,39.55186844,0.086764835,24.61728287,0.161504582,0,0,0,0,0,3.571428537,4.545454502,0.209999993,0,0,0,-32.70523071,0,0,0
xxxxxxxx002,STT,6,6.8764,7.3124,0.436,0.1507,蓝,21.16109657,0.040211394,20.38465691,20.92755127,22.04380989,1.659152985,12.76100922,0,10.48349476,0,0.508933783,0.335632563,0.304016352,0.587515831,0.651762128,0.347745776,3.034043312,1.807395577,-0.037403584,2.524264574,0.168230161,0.279652923,40.30286026,0.07555598,14.16569901,0.381605059,11.37386227,1.201228261,-13.06860256,-0.89763099,0.023414977,1.366515398,0.758034527,0.58494848,5.001159668,0.300429046,13.38192272,0.295030266,35.21457291,0.163737491,407.6989441,0.116609216,1194.459717,0.200654879,-9.509828568,-0.589896321,1266.598755,0.042961866,873.2212524,0.17519176,-19.16394424,-0.3723979,2562.536133,0.042832356,822.793396,1.054478288,-35.27379227,-0.157137364,-17.96955681,-0.28969115,31.02457428,0.13574414,-0.001235457,-15.06489277,-0.017056884,-0.596748352,0.175817743,0.2618168,40.56135559,0.078528233,12.56934929,0.312280953,9.323231697,1.469550371,-16.59754181,-0.515869856,0,0,0,0,0,4.761904716,2.77777791,0.349999994,0,0,0,-33.17720032,0,0,0
xxxxxxxx002,STT,7,7.473,7.8093,0.3363,0.1606,黄,21.30301285,0.034000408,20.7097683,20.88496399,21.96602821,1.256259918,0.085440636,0,0,0,0.434839696,0.249309212,0.29450646,0.463291705,0.519881248,0.225374788,2.045850992,2.043565989,3.596507311,0.755225897,0.153573543,0.345370084,44.93576431,0.063484095,24.25499535,0.129215539,9.754930496,0.772132277,-34.2462883,-0.449845642,0.018557088,0.642661691,0.793354511,0.613358736,5.1272645,0.249366581,15.02789688,0.209379494,42.84378815,0.128793776,425.9729614,0.307540774,1471.689575,0.081042685,-9.186598778,-0.463747084,1282.223022,0.23415938,1135.445679,0.291615397,-20.2410717,-0.360776693,2774.144775,0.068147309,1316.05896,0.692238748,-43.16895294,-0.131528512,-28.01086807,-0.108334526,33.21577454,0.154776677,0.004466665,3.821531296,-0.058420219,-0.141107321,0.172924772,0.325032324,46.19957352,0.023295961,24.23928642,0.142893642,7.133017063,0.799734175,-39.96595001,-0.270483077,0,0,0,0,0,6.25,3.846153975,0.25,0,0,0,-33.99103165,0,0,0
xxxxxxxx002,STT,8,8.0317,8.3969,0.3652,0.2224,红,20.30833817,0.115569472,20.26270485,20.49388695,22.02920723,1.76650238,30.40502167,0,-212.4824982,0,0.259519637,0.303105652,0.158695713,0.286114752,0.333659649,0.174963936,1.861272573,0.734648407,1.118981838,0,0.152631015,0.492920995,39.73296738,0.111592866,29.46611023,0.135241255,25.11061287,0.188959107,-9.037911415,-1.799879789,0.05370966,1.664450049,1.111516833,1.558035851,3.989724874,0.932997108,12.94389725,0.269572049,41.39721298,0.047408916,529.4968872,0.312498033,1530.093384,0.079350345,-23.38134193,-1.139022708,1506.839233,0.190136537,1322.474731,0.173320159,-42.52069855,-0.577634037,2928.515869,0.041054975,606.9649658,0.967347264,-46.32760239,-0.480940729,-31.53336525,-0.049809054,37.93342972,0.043915771,-0.010435824,-2.342755318,-0.034445174,-0.36921671,0.148476467,0.50454247,40.34147644,0.114214584,30.33713531,0.126436561,24.28254128,0.195464119,-14.26064301,-0.876251221,0,0,0,0,0,2.857142925,3.448276043,0.280000001,0,0,0,-35.28401947,0,0,0
xxxxxxxx002,STT,9,9.1432,9.5712,0.428,0.7463,红,19.93232918,0.173329473,16.68544006,21.11611938,22.57565308,5.890213013,44.28343964,25.04187202,267.244812,0,0.338357121,0.448149174,0.128569826,0.389423043,0.477885962,0.34931612,2.644698858,1.570686817,1.499393225,0,0.154293805,0.475804657,42.96338272,0.106383123,28.68379402,0.172817186,20.07983017,0.226455048,-12.28957939,-1.397658825,0.028073858,1.765802503,1.002120137,1.317553759,3.777696133,1.0869205,11.69280815,0.470618606,44.58719635,0.054334927,640.2190552,0.359764695,1457.190186,0.130151674,-12.71733856,-0.635878026,1605.364258,0.257179201,1477.080566,0.346452504,-33.37397385,-0.253127247,2988.63916,0.076235175,670.6344604,0.53696698,-40.0819664,-0.163715586,-31.25890732,-0.068807766,39.22645187,0.058482405,0.000562974,48.59421921,-0.039409321,-0.464271903,0.172269881,0.480810583,43.51935959,0.109681733,29.1061306,0.179127723,19.55433464,0.244888768,-17.19974899,-0.849718034,0,0,0,0,0,2.439024448,2.941176414,0.329999983,0,0,0,-32.7758522,0,0,0
xxxxxxxx002,STT,10,9.698,10.0771,0.3791,0.1268,蓝,20.86561394,0.034240626,20.1254673,20.84210014,21.49637413,1.37090683,13.39436626,0,17.19404411,0,0.749084592,0.357049584,0.429071039,0.879255772,0.99469471,0.565623641,5.197212696,1.466776013,0.213423416,3.173854351,0.259312809,0.307698935,42.00125122,0.057391576,5.608726978,1.736895204,5.130955219,2.139188051,-16.91314697,-0.725530624,0.014911041,1.044696689,0.776908636,0.536388695,4.742582321,0.165085942,12.63084793,0.195814312,30.44017029,0.195141509,413.302948,0.074637108,1112.883179,0.054119013,-5.449965954,-0.503383577,1275.104858,0.028009711,842.4628296,0.054858997,-12.22960377,-0.468684375,2635.857422,0.038179606,546.8748169,0.311104625,-29.61461639,-0.186041728,-13.60104179,-0.36308375,27.56472206,0.110842235,0.00771123,1.80979991,-0.016266236,-0.265408367,0.279111713,0.292334557,42.32174301,0.056976821,3.128125191,2.797004461,2.778343201,3.753982306,-21.7877388,-0.277805805,0,0,0,0,0,8.333333969,3.333333492,0.289999992,0,0,0,-30.2914257,0,0,0
xxxxxxxx002,STT,11,10.1829,10.557,0.3741,0.1058,绿,21.93056679,0.09851671,20.92899704,22.82061577,23.42705154,2.498054504,-26.32983589,0,11.9427681,0,0.344155133,0.302920282,0.224928796,0.381187975,0.43581149,0.210882694,1.686043739,0.268728822,1.610669136,0,0.14635551,0.455675304,38.86758423,0.062980898,15.03895378,0.339963615,36.41279221,0.128830045,22.57745361,0.273520827,0.014510386,0.573350906,0.413463593,0.887417078,5.037626266,0.708242953,3.925418854,0.635959029,28.06497765,0.113501601,377.7606506,0.046898264,1132.291138,0.164875865,-11.66287136,-1.683175921,1445.73999,0.061837647,860.5020142,0.299866557,-39.07299423,-0.436668664,2302.673096,0.067444339,719.1378784,0.195360675,-33.95343018,-0.49005121,-24.53856468,-0.149321869,27.92766571,0.175107837,0.00859955,1.413618684,-0.018062124,-0.352156162,0.132116839,0.397307605,39.06942749,0.05581047,13.54520988,0.316918373,37.19702148,0.128927857,21.90633392,0.301294744,0,0,0,0,0,2.77777791,3.448276043,0.280000001,0,0,0,-33.49325562,0,0,0
xxxxxxxx002,STT,12,11.0998,11.45,0.3502,0.5428,黄,21.60419273,0.120607816,19.65450287,20.02690887,24.17105103,4.516548157,0.26857391,0,0,0,0.371660322,0.44365564,0.190674797,0.436660111,0.519361854,0.328687072,0.681430459,1.975815296,1.498476624,0,0.191608906,0.466079146,45.13153839,0.069181658,20.40870476,0.18135567,10.44899273,0.88269496,-28.78209305,-0.831532598,0.042649757,0.440120816,0.63694185,0.62459904,3.232585192,0.723203123,13.22037029,0.249697968,36.78681183,0.122071497,534.968811,0.408291668,1267.864014,0.126310721,-15.19124222,-0.635993659,1395.369873,0.283818692,1040.936768,0.196865112,-25.99538994,-0.660648644,2734.492188,0.110955007,854.2410889,0.888445437,-40.40870667,-0.148930281,-26.73739433,-0.169650778,33.32457352,0.172031179,-0.010443263,-2.135887861,-0.053274453,-0.258053035,0.223549426,0.373035133,46.02070999,0.058278635,20.29212761,0.188225582,8.893074036,1.049797535,-36.65556335,-0.505757511,0,0,0,0,0,2.941176414,3.571428537,0.269999981,0,0,0,-35.33724976,0,0,0
