Subject_ID,Task,Valid_Item_Count,Correct_Item_Count,Overall_Accuracy,Total_Hesitation_Duration
xxxxxxxx001,C,12,12,1,3.442359229
xxxxxxxx001,W,12,12,1,2.864046431
xxxxxxxx001,CW,12,12,1,6.473974887
xxxxxxxx002,C,12,12,1,2.927107049
xxxxxxxx002,W,12,12,1,2.417650155
xxxxxxxx002,CW,12,12,1,6.81573856
xxxxxxxx003,C,12,12,1,3.757145932
xxxxxxxx003,W,12,12,1,4.666565752
xxxxxxxx003,CW,12,12,1,4.61819937
xxxxxxxx004,C,12,12,1,6.861207459
xxxxxxxx004,W,12,12,1,7.735744819
xxxxxxxx004,CW,12,12,1,10.19563765
xxxxxxxx005,C,12,12,1,3.026765724
xxxxxxxx005,W,12,12,1,2.388620919
xxxxxxxx005,CW,12,12,1,6.278422061
xxxxxxxx006,C,12,12,1,3.379516533
xxxxxxxx006,W,12,12,1,2.845357386
xxxxxxxx006,CW,12,12,1,4.61089854
xxxxxxxx007,C,12,12,1,3.813146915
xxxxxxxx007,W,12,12,1,3.882274032
xxxxxxxx007,CW,12,12,1,9.257432159
xxxxxxxx008,C,12,12,1,4.029152882
xxxxxxxx008,W,12,10,0.833333333,2.764894793
xxxxxxxx008,CW,12,12,1,4.70931277
xxxxxxxx009,C,12,12,1,10.33417744
xxxxxxxx009,W,12,12,1,5.960174161
xxxxxxxx009,CW,12,12,1,6.521665942
xxxxxxxx010,C,12,12,1,1.962216103
xxxxxxxx010,W,12,12,1,1.736827064
xxxxxxxx010,CW,12,10,0.833333333,4.449054424
xxxxxxxx011,C,12,12,1,2.274401583
xxxxxxxx011,W,12,12,1,1.693591208
xxxxxxxx011,CW,12,12,1,5.133608841
xxxxxxxx012,C,12,12,1,4.432996921
xxxxxxxx012,W,12,12,1,4.045244522
xxxxxxxx012,CW,12,12,1,6.261530577
xxxxxxxx013,C,12,12,1,2.741448721
xxxxxxxx013,W,12,12,1,2.464124435
xxxxxxxx013,CW,12,12,1,3.18137702
xxxxxxxx014,C,12,12,1,4.180684155
xxxxxxxx014,W,12,12,1,3.281763134
xxxxxxxx014,CW,12,12,1,6.640934708
xxxxxxxx015,C,12,12,1,7.13803051
xxxxxxxx015,W,12,12,1,6.626953514
xxxxxxxx015,CW,12,12,1,7.952063049
xxxxxxxx016,C,12,12,1,4.042998541
xxxxxxxx016,W,12,12,1,3.523627778
xxxxxxxx016,CW,12,11,0.916666667,5.70486255
xxxxxxxx017,C,12,12,1,3.940369989
xxxxxxxx017,W,12,12,1,4.05821705
xxxxxxxx017,CW,12,12,1,4.391026571
xxxxxxxx018,C,12,12,1,2.472967296
xxxxxxxx018,W,12,12,1,2.500837873
xxxxxxxx018,CW,12,9,0.75,4.885388898
xxxxxxxx019,C,12,12,1,2.810301182
xxxxxxxx019,W,12,12,1,2.079266748
xxxxxxxx019,CW,12,12,1,4.143307906
xxxxxxxx020,C,12,12,1,4.872578271
xxxxxxxx020,W,12,12,1,3.020789083
xxxxxxxx020,CW,12,12,1,5.246473086
xxxxxxxx021,C,12,12,1,4.03131688
xxxxxxxx021,W,12,12,1,2.198549292
xxxxxxxx021,CW,12,12,1,4.721586448
xxxxxxxx022,C,12,12,1,2.293876135
xxxxxxxx022,W,12,12,1,2.402157702
xxxxxxxx022,CW,12,12,1,2.828024004
xxxxxxxx023,C,12,12,1,3.299655026
xxxxxxxx023,W,12,12,1,3.226169215
xxxxxxxx023,CW,12,12,1,4.741049359
xxxxxxxx024,C,12,12,1,3.239512375
xxxxxxxx024,W,12,12,1,3.819591547
xxxxxxxx024,CW,12,12,1,4.070935273
xxxxxxxx025,C,12,12,1,1.82884651
xxxxxxxx025,W,12,12,1,2.146328762
xxxxxxxx025,CW,12,12,1,3.96371661
xxxxxxxx026,C,12,12,1,4.173054859
xxxxxxxx026,W,12,12,1,2.356122041
xxxxxxxx026,CW,12,12,1,4.606666173
xxxxxxxx027,C,12,12,1,3.752425563
xxxxxxxx027,W,12,12,1,3.102563514
xxxxxxxx027,CW,12,12,1,4.823751692
xxxxxxxx028,C,12,12,1,3.374678363
xxxxxxxx028,W,12,12,1,5.53804269
xxxxxxxx028,CW,12,12,1,5.609947253
xxxxxxxx029,C,12,12,1,2.631861264
xxxxxxxx029,W,12,12,1,2.948597819
xxxxxxxx029,CW,12,12,1,4.326700475
xxxxxxxx030,C,12,10,0.833333333,4.230054326
xxxxxxxx030,W,12,12,1,2.823951678
xxxxxxxx030,CW,12,12,1,6.623257351
xxxxxxxx031,C,12,12,1,5.496177613
xxxxxxxx031,W,12,12,1,5.094198428
xxxxxxxx031,CW,12,12,1,5.608026908
xxxxxxxx032,C,12,12,1,5.883737773
xxxxxxxx032,W,12,11,0.916666667,3.751409047
xxxxxxxx032,CW,12,12,1,4.867403497
xxxxxxxx033,C,12,12,1,3.663367328
xxxxxxxx033,W,12,12,1,3.41820363
xxxxxxxx033,CW,12,12,1,6.529293144
xxxxxxxx034,C,12,12,1,2.149398535
xxxxxxxx034,W,12,12,1,1.916219929
xxxxxxxx034,CW,12,12,1,4.26121442
xxxxxxxx035,C,12,12,1,6.376694831
xxxxxxxx035,W,12,12,1,7.121715855
xxxxxxxx035,CW,12,12,1,6.624280282
xxxxxxxx036,C,12,12,1,4.413974269
xxxxxxxx036,W,12,12,1,4.294413473
xxxxxxxx036,CW,12,9,0.75,10.80097579
xxxxxxxx037,C,12,12,1,3.078996953
xxxxxxxx037,W,12,12,1,3.4000246
xxxxxxxx037,CW,12,12,1,7.201535636
xxxxxxxx038,C,12,12,1,5.935730199
xxxxxxxx038,W,12,10,0.833333333,3.004127512
xxxxxxxx038,CW,12,12,1,6.193044078
xxxxxxxx039,C,12,12,1,4.842083574
xxxxxxxx039,W,12,12,1,3.612314416
xxxxxxxx039,CW,12,12,1,7.81541894
xxxxxxxx040,C,12,12,1,2.891378255
xxxxxxxx040,W,12,10,0.833333333,2.627897276
xxxxxxxx040,CW,12,12,1,3.322247554
xxxxxxxx041,C,12,12,1,3.490998615
xxxxxxxx041,W,12,11,0.916666667,3.527131977
xxxxxxxx041,CW,12,12,1,4.888657822
xxxxxxxx042,C,12,12,1,3.943178039
xxxxxxxx042,W,12,11,0.916666667,2.378787698
xxxxxxxx042,CW,12,12,1,8.5788863
xxxxxxxx043,C,12,12,1,6.024425384
xxxxxxxx043,W,12,12,1,3.869149563
xxxxxxxx043,CW,12,12,1,7.161190697
xxxxxxxx044,C,12,12,1,2.654120166
xxxxxxxx044,W,12,12,1,2.9291703
xxxxxxxx044,CW,12,12,1,3.624349665
xxxxxxxx045,C,12,12,1,2.992911347
xxxxxxxx045,W,12,12,1,2.882480234
xxxxxxxx045,CW,12,12,1,4.817549219
xxxxxxxx046,C,12,12,1,4.232555818
xxxxxxxx046,W,12,12,1,3.03038239
xxxxxxxx046,CW,12,12,1,4.494288838
xxxxxxxx047,C,12,12,1,3.308175582
xxxxxxxx047,W,12,12,1,2.932560143
xxxxxxxx047,CW,12,12,1,5.390720303
xxxxxxxx048,C,12,12,1,2.678010885
xxxxxxxx048,W,12,12,1,2.048227212
xxxxxxxx048,CW,12,12,1,3.362062476
xxxxxxxx049,C,12,12,1,7.44069636
xxxxxxxx049,W,12,12,1,6.650392502
xxxxxxxx049,CW,12,12,1,9.604395982
xxxxxxxx050,C,12,12,1,4.063574903
xxxxxxxx050,W,12,12,1,3.33642112
xxxxxxxx050,CW,12,12,1,6.64740965
xxxxxxxx051,C,12,12,1,3.701947965
xxxxxxxx051,W,12,12,1,3.866499659
xxxxxxxx051,CW,12,12,1,6.650974855
xxxxxxxx052,C,12,12,1,4.660547925
xxxxxxxx052,W,12,12,1,3.361702194
xxxxxxxx052,CW,12,12,1,7.25114033
xxxxxxxx053,C,12,12,1,3.095790922
xxxxxxxx053,W,12,12,1,2.665476177
xxxxxxxx053,CW,12,11,0.916666667,7.032055909
xxxxxxxx054,C,12,12,1,4.455018055
xxxxxxxx054,W,12,12,1,4.064394628
xxxxxxxx054,CW,12,12,1,6.309715446
xxxxxxxx055,C,12,12,1,3.751796539
xxxxxxxx055,W,12,12,1,3.698920581
xxxxxxxx055,CW,12,12,1,4.501389755
xxxxxxxx056,C,12,12,1,3.338720134
xxxxxxxx056,W,12,12,1,2.817361212
xxxxxxxx056,CW,12,9,0.75,4.048454417
xxxxxxxx057,C,12,12,1,3.152994438
xxxxxxxx057,W,12,12,1,3.563414506
xxxxxxxx057,CW,12,12,1,5.682413211
xxxxxxxx058,C,12,12,1,5.320189227
xxxxxxxx058,W,12,12,1,4.154195353
xxxxxxxx058,CW,12,11,0.916666667,9.79562361
xxxxxxxx059,C,12,12,1,3.328175028
xxxxxxxx059,W,12,12,1,2.20484773
xxxxxxxx059,CW,12,12,1,3.404733315
xxxxxxxx060,C,12,12,1,3.065420502
xxxxxxxx060,W,12,12,1,2.692034724
xxxxxxxx060,CW,12,12,1,3.575708865
xxxxxxxx061,C,12,12,1,3.242659778
xxxxxxxx061,W,12,12,1,3.2192605
xxxxxxxx061,CW,12,12,1,4.924829035
xxxxxxxx062,C,12,12,1,2.169097267
xxxxxxxx062,W,12,12,1,2.376688661
xxxxxxxx062,CW,12,12,1,5.628463786
xxxxxxxx063,C,12,12,1,2.6028088
xxxxxxxx063,W,12,12,1,2.605527693
xxxxxxxx063,CW,12,12,1,2.80232221
xxxxxxxx064,C,12,12,1,2.306786119
xxxxxxxx064,W,12,12,1,2.638908071
xxxxxxxx064,CW,12,12,1,3.125974486
xxxxxxxx065,C,12,12,1,4.701368039
xxxxxxxx065,W,12,12,1,3.39661656
xxxxxxxx065,CW,12,12,1,15.40134986
xxxxxxxx066,C,12,12,1,2.069054496
xxxxxxxx066,W,12,12,1,2.280672936
xxxxxxxx066,CW,12,12,1,4.948868523
xxxxxxxx067,C,12,12,1,2.728847162
xxxxxxxx067,W,12,12,1,2.816720409
xxxxxxxx067,CW,12,12,1,4.116618461
xxxxxxxx068,C,12,12,1,2.297280992
xxxxxxxx068,W,12,11,0.916666667,2.563198368
xxxxxxxx068,CW,12,12,1,10.84256481
xxxxxxxx069,C,12,12,1,2.341374706
xxxxxxxx069,W,12,12,1,2.384628364
xxxxxxxx069,CW,12,5,0.416666667,5.663445556
xxxxxxxx070,C,12,12,1,3.072487574
xxxxxxxx070,W,12,12,1,2.861822641
xxxxxxxx070,CW,12,10,0.833333333,6.557894196
xxxxxxxx071,C,12,12,1,2.795065806
xxxxxxxx071,W,12,12,1,2.582203534
xxxxxxxx071,CW,12,12,1,4.022304064
xxxxxxxx072,C,12,12,1,2.375225571
xxxxxxxx072,W,12,12,1,1.883797637
xxxxxxxx072,CW,12,12,1,3.995212715
xxxxxxxx073,C,12,12,1,4.391554966
xxxxxxxx073,W,12,12,1,3.025654774
xxxxxxxx073,CW,12,12,1,5.081409044
xxxxxxxx074,C,12,12,1,1.730875642
xxxxxxxx074,W,12,12,1,1.798599825
xxxxxxxx074,CW,12,12,1,3.399016093
xxxxxxxx075,C,12,12,1,4.63577437
xxxxxxxx075,W,12,12,1,3.319997199
xxxxxxxx075,CW,12,12,1,9.564624635
xxxxxxxx076,C,12,12,1,5.846052352
xxxxxxxx076,W,12,12,1,3.556650704
xxxxxxxx076,CW,12,12,1,10.06068838
xxxxxxxx077,C,12,12,1,4.221973097
xxxxxxxx077,W,12,12,1,4.110385938
xxxxxxxx077,CW,12,12,1,4.216858587
xxxxxxxx078,C,12,12,1,7.856633206
xxxxxxxx078,W,12,12,1,7.993277733
xxxxxxxx078,CW,12,12,1,7.688539337
xxxxxxxx079,C,12,12,1,3.93942813
xxxxxxxx079,W,12,12,1,3.560329962
xxxxxxxx079,CW,12,12,1,5.733290246
xxxxxxxx080,C,12,12,1,3.042811962
xxxxxxxx080,W,12,12,1,2.150030969
xxxxxxxx080,CW,12,12,1,4.814441222
xxxxxxxx081,C,12,12,1,4.664960488
xxxxxxxx081,W,12,12,1,6.724704188
xxxxxxxx081,CW,12,12,1,8.857739433
xxxxxxxx082,C,12,12,1,4.167842962
xxxxxxxx082,W,12,12,1,3.164723942
xxxxxxxx082,CW,12,12,1,5.663951654
xxxxxxxx083,C,12,12,1,2.466061587
xxxxxxxx083,W,12,12,1,2.734286376
xxxxxxxx083,CW,12,12,1,7.974777887
xxxxxxxx084,C,12,12,1,4.072718302
xxxxxxxx084,W,12,12,1,2.333235481
xxxxxxxx084,CW,12,12,1,6.873084788
xxxxxxxx085,C,12,12,1,3.793029071
xxxxxxxx085,W,12,12,1,3.047937798
xxxxxxxx085,CW,12,12,1,3.376213086
xxxxxxxx086,C,12,12,1,2.278852986
xxxxxxxx086,W,12,12,1,2.818804458
xxxxxxxx086,CW,12,12,1,5.866202595
xxxxxxxx087,C,12,12,1,1.566201507
xxxxxxxx087,W,12,12,1,3.439255662
xxxxxxxx087,CW,12,10,0.833333333,3.01716186
xxxxxxxx088,C,12,12,1,2.967023727
xxxxxxxx088,W,12,12,1,2.944127814
xxxxxxxx088,CW,12,12,1,5.721444703
xxxxxxxx089,C,12,12,1,3.148227869
xxxxxxxx089,W,12,12,1,1.844989985
xxxxxxxx089,CW,12,12,1,5.605252385
xxxxxxxx090,C,12,12,1,3.277886411
xxxxxxxx090,W,12,12,1,3.776975569
xxxxxxxx090,CW,12,12,1,3.681850385
xxxxxxxx091,C,12,12,1,3.148881532
xxxxxxxx091,W,12,12,1,2.62485602
xxxxxxxx091,CW,12,12,1,4.763394046
xxxxxxxx092,C,12,12,1,3.151728964
xxxxxxxx092,W,12,12,1,3.366291866
xxxxxxxx092,CW,12,12,1,3.866683271
xxxxxxxx093,C,12,12,1,4.88794901
xxxxxxxx093,W,12,12,1,4.321445866
xxxxxxxx093,CW,12,12,1,18.63994602
xxxxxxxx094,C,12,2,0.166666667,6.960023873
xxxxxxxx094,W,12,12,1,4.710133109
xxxxxxxx094,CW,12,9,0.75,12.46698046
xxxxxxxx095,C,12,12,1,6.940627939
xxxxxxxx095,W,12,12,1,7.392903603
xxxxxxxx095,CW,12,12,1,15.33391648
xxxxxxxx096,C,12,12,1,6.00432355
xxxxxxxx096,W,12,2,0.166666667,3.930947725
xxxxxxxx096,CW,12,10,0.833333333,19.87654017
xxxxxxxx097,C,12,12,1,2.742568859
xxxxxxxx097,W,12,12,1,2.78074463
xxxxxxxx097,CW,12,12,1,7.829475392
xxxxxxxx098,C,12,11,0.916666667,5.227601019
xxxxxxxx098,W,12,12,1,5.832345999
xxxxxxxx098,CW,12,11,0.916666667,10.5958129
xxxxxxxx099,C,12,12,1,5.905679555
xxxxxxxx099,W,12,12,1,3.064552785
xxxxxxxx099,CW,12,12,1,13.88246124
xxxxxxxx100,C,12,12,1,4.447000035
xxxxxxxx100,W,12,12,1,4.510381175
xxxxxxxx100,CW,12,12,1,13.3392044
xxxxxxxx101,C,12,12,1,6.008667708
xxxxxxxx101,W,12,12,1,2.109427544
xxxxxxxx101,CW,12,12,1,8.631893424
xxxxxxxx102,C,12,8,0.666666667,5.440459512
xxxxxxxx102,W,12,12,1,2.315124431
xxxxxxxx102,CW,12,12,1,14.03569334
xxxxxxxx103,C,12,12,1,3.504382191
xxxxxxxx103,W,12,12,1,3.007439596
xxxxxxxx103,CW,12,12,1,8.894179262
xxxxxxxx104,C,12,12,1,4.055198817
xxxxxxxx104,W,12,12,1,2.454670185
xxxxxxxx104,CW,12,12,1,5.474486348
xxxxxxxx105,C,12,12,1,4.196952501
xxxxxxxx105,W,12,12,1,3.29301444
xxxxxxxx105,CW,12,12,1,9.935543683
xxxxxxxx106,C,12,12,1,5.564257215
xxxxxxxx106,W,12,12,1,4.091353553
xxxxxxxx106,CW,12,10,0.833333333,12.46273377
xxxxxxxx107,C,12,12,1,2.48149283
xxxxxxxx107,W,12,12,1,2.404466381
xxxxxxxx107,CW,12,12,1,6.426228929
xxxxxxxx108,C,12,10,0.833333333,4.722536294
xxxxxxxx108,W,12,11,0.916666667,2.857308849
xxxxxxxx108,CW,12,9,0.75,25.10627454
xxxxxxxx109,C,12,12,1,3.862445086
xxxxxxxx109,W,12,12,1,3.401638665
xxxxxxxx109,CW,12,5,0.416666667,10.66777038
xxxxxxxx110,C,12,12,1,6.248811995
xxxxxxxx110,W,12,12,1,3.702814551
xxxxxxxx110,CW,12,12,1,5.849972601
xxxxxxxx111,C,12,12,1,4.590562595
xxxxxxxx111,W,12,12,1,5.18242397
xxxxxxxx111,CW,12,10,0.833333333,13.62878145
xxxxxxxx112,C,12,12,1,9.900002621
xxxxxxxx112,W,12,6,0.5,6.218326275
xxxxxxxx112,CW,12,10,0.833333333,7.273124634
xxxxxxxx113,C,12,12,1,6.021044827
xxxxxxxx113,W,12,10,0.833333333,4.37678593
xxxxxxxx113,CW,12,10,0.833333333,19.11443368
xxxxxxxx114,C,12,10,0.833333333,7.003075974
xxxxxxxx114,W,12,12,1,4.068617159
xxxxxxxx114,CW,12,10,0.833333333,10.73171768
xxxxxxxx115,C,12,12,1,7.104398176
xxxxxxxx115,W,12,12,1,3.363626515
xxxxxxxx115,CW,12,8,0.666666667,11.56427441
xxxxxxxx116,C,12,12,1,8.510637715
xxxxxxxx116,W,12,12,1,4.290185976
xxxxxxxx116,CW,12,8,0.666666667,13.35794065
xxxxxxxx117,C,12,11,0.916666667,5.573291948
xxxxxxxx117,W,12,12,1,5.196258751
xxxxxxxx117,CW,12,12,1,9.127173185
xxxxxxxx118,C,12,12,1,4.744616478
xxxxxxxx118,W,12,10,0.833333333,2.481188985
xxxxxxxx118,CW,12,12,1,12.8572098
xxxxxxxx119,C,12,12,1,5.043931618
xxxxxxxx119,W,12,12,1,3.408152695
xxxxxxxx119,CW,12,2,0.166666667,13.65837701
xxxxxxxx120,C,12,12,1,5.835787537
xxxxxxxx120,W,12,12,1,4.589715601
xxxxxxxx120,CW,12,10,0.833333333,16.54802631
xxxxxxxx121,C,12,12,1,4.602615341
xxxxxxxx121,W,12,12,1,3.561957096
xxxxxxxx121,CW,12,12,1,15.47769017
xxxxxxxx122,C,12,12,1,3.722001561
xxxxxxxx122,W,12,12,1,2.809217168
xxxxxxxx122,CW,12,11,0.916666667,9.1254381
xxxxxxxx123,C,12,12,1,5.921651069
xxxxxxxx123,W,12,12,1,2.867501679
xxxxxxxx123,CW,12,9,0.75,22.31588377
xxxxxxxx124,C,12,12,1,5.718843848
xxxxxxxx124,W,12,12,1,5.522253082
xxxxxxxx124,CW,12,12,1,6.96380098
xxxxxxxx125,C,12,12,1,8.562019454
xxxxxxxx125,W,12,10,0.833333333,7.299232781
xxxxxxxx125,CW,12,12,1,9.134724242
xxxxxxxx126,C,12,12,1,2.970821948
xxxxxxxx126,W,12,12,1,4.513744672
xxxxxxxx126,CW,12,12,1,5.594328499
xxxxxxxx127,C,12,12,1,6.289432133
xxxxxxxx127,W,12,12,1,4.026208399
xxxxxxxx127,CW,12,12,1,14.3158475
xxxxxxxx128,C,12,11,0.916666667,3.094335165
xxxxxxxx128,W,12,12,1,2.446839237
xxxxxxxx128,CW,12,12,1,12.80802844
xxxxxxxx129,C,12,12,1,11.12197679
xxxxxxxx129,W,12,12,1,3.448688654
xxxxxxxx129,CW,12,6,0.5,25.31594981
xxxxxxxx130,C,12,12,1,4.397776973
xxxxxxxx130,W,12,12,1,3.161240446
xxxxxxxx130,CW,12,11,0.916666667,8.09256423
xxxxxxxx131,C,12,12,1,4.121212863
xxxxxxxx131,W,12,12,1,4.006410129
xxxxxxxx131,CW,12,12,1,9.940327976
xxxxxxxx132,C,12,12,1,4.477485953
xxxxxxxx132,W,12,12,1,6.80469488
xxxxxxxx132,CW,12,12,1,8.021925845
xxxxxxxx133,C,12,12,1,5.603248886
xxxxxxxx133,W,12,12,1,3.482030704
xxxxxxxx133,CW,12,12,1,8.294669818
xxxxxxxx134,C,12,12,1,6.379149781
xxxxxxxx134,W,12,12,1,5.279750941
xxxxxxxx134,CW,12,12,1,13.99207517
xxxxxxxx135,C,12,12,1,3.055627091
xxxxxxxx135,W,12,12,1,3.052559424
xxxxxxxx135,CW,12,11,0.916666667,13.22254255
xxxxxxxx136,C,12,12,1,8.822044731
xxxxxxxx136,W,12,12,1,4.29727368
xxxxxxxx136,CW,12,8,0.666666667,33.9772173
xxxxxxxx137,C,12,12,1,7.521579784
xxxxxxxx137,W,12,12,1,3.97044626
xxxxxxxx137,CW,12,11,0.916666667,16.00775684
xxxxxxxx138,C,12,12,1,6.264946956
xxxxxxxx138,W,12,12,1,7.458959681
xxxxxxxx138,CW,12,12,1,14.7170326
xxxxxxxx139,C,12,12,1,6.073797357
xxxxxxxx139,W,12,12,1,3.80698677
xxxxxxxx139,CW,12,12,1,16.06925971
xxxxxxxx140,C,12,12,1,8.263639494
xxxxxxxx140,W,12,12,1,6.231464079
xxxxxxxx140,CW,12,12,1,19.41333456
xxxxxxxx141,C,12,12,1,10.48167807
xxxxxxxx141,W,12,12,1,6.348925293
xxxxxxxx141,CW,12,12,1,15.90577426
xxxxxxxx142,C,12,12,1,2.828888261
xxxxxxxx142,W,12,10,0.833333333,3.226348227
xxxxxxxx142,CW,12,12,1,11.75450076
xxxxxxxx143,C,12,12,1,5.854081552
xxxxxxxx143,W,12,10,0.833333333,4.960480073
xxxxxxxx143,CW,12,12,1,16.09186278
xxxxxxxx144,C,12,10,0.833333333,14.63699762
xxxxxxxx144,W,12,12,1,4.989495216
xxxxxxxx144,CW,12,10,0.833333333,21.67238456
xxxxxxxx145,C,12,12,1,7.558745835
xxxxxxxx145,W,12,12,1,3.957793042
xxxxxxxx145,CW,12,12,1,15.67791402
xxxxxxxx146,C,12,12,1,8.860644701
xxxxxxxx146,W,12,11,0.916666667,7.488030451
xxxxxxxx146,CW,12,12,1,19.01591747
xxxxxxxx147,C,12,8,0.666666667,7.797316929
xxxxxxxx147,W,12,12,1,3.695271574
xxxxxxxx147,CW,12,10,0.833333333,21.33514342
xxxxxxxx148,C,12,12,1,11.36701701
xxxxxxxx148,W,12,12,1,6.324370157
xxxxxxxx148,CW,12,10,0.833333333,18.21632579
xxxxxxxx149,C,12,12,1,5.793429813
xxxxxxxx149,W,12,12,1,7.268532958
xxxxxxxx149,CW,12,12,1,10.53072801
xxxxxxxx150,C,12,12,1,4.44733702
xxxxxxxx150,W,12,12,1,5.408221446
xxxxxxxx150,CW,12,12,1,6.789292876
xxxxxxxx151,C,12,12,1,6.421757443
xxxxxxxx151,W,12,12,1,2.736229385
xxxxxxxx151,CW,12,12,1,9.633832973
xxxxxxxx152,C,12,12,1,7.658112731
xxxxxxxx152,W,12,12,1,3.943483209
xxxxxxxx152,CW,12,12,1,13.15994812
xxxxxxxx153,C,12,12,1,6.826878219
xxxxxxxx153,W,12,12,1,4.389844481
xxxxxxxx153,CW,12,12,1,11.19016963
xxxxxxxx154,C,12,10,0.833333333,2.399214913
xxxxxxxx154,W,12,12,1,2.067071014
xxxxxxxx154,CW,12,12,1,9.812634086
xxxxxxxx155,C,12,12,1,12.39582282
xxxxxxxx155,W,12,12,1,7.279239923
xxxxxxxx155,CW,12,12,1,11.51029617
xxxxxxxx156,C,12,12,1,7.801417941
xxxxxxxx156,W,12,12,1,4.024746732
xxxxxxxx156,CW,12,12,1,10.402132
xxxxxxxx157,C,12,12,1,8.087424622
xxxxxxxx157,W,12,12,1,6.059813241
xxxxxxxx157,CW,12,12,1,15.40890022
xxxxxxxx158,C,12,12,1,12.52219281
xxxxxxxx158,W,12,12,1,6.940000985
xxxxxxxx158,CW,12,12,1,22.80538807
