Feature,English_Description,Interaction_Coef,Z_Score,HDI_2.5%,HDI_97.5%,Interaction_PValue,Significant_Interaction,Interaction_FDR_PValue,Significant_Interaction_FDR,W_Age_Coef,W_Age_PValue,W_Age_Significant,CW_Age_Coef,CW_Age_PValue,CW_Age_Significant
Gap_Before,Hesitation duration (response latency),0.4061533939331335,9.255384810747614,0.3201428532169297,0.4921639346493373,2.1346010598794213e-20,True,1.9211409538914793e-18,True,0.06354337276072601,0.0011333551191240855,True,0.4696967666938595,0.0,True
loudness_sma3_stddevNorm,Loudness-coefficient of variation [intensity],0.31063608650342434,7.357326344878207,0.22788228423793702,0.3933898887689117,1.8763025327174413e-13,True,8.443361397228485e-12,True,0.0839105041885633,0.026319630200303437,True,0.3945465906919876,0.0,True
spectralFlux_sma3_stddevNorm,Spectral flux-coefficient of variation [timbre change],0.26492322203393415,6.332018664346835,0.18291943418817092,0.3469270098796974,2.419742067670796e-10,True,5.937752061908591e-09,True,-0.03843683584519657,0.32139547220619247,False,0.22648638618873757,5.782308174495654e-07,True
F3amplitudeLogRelF0_sma3nz_stddevNorm,F3-coefficient of variation [timbre],-0.21945708218229107,-6.318625408307143,-0.28753136310291466,-0.15138280126166748,2.6390009164038185e-10,True,5.937752061908591e-09,True,-0.0733056844938625,0.013885133620115732,True,-0.2927627666761536,1.482369782479509e-12,True
HNRdBACF_sma3nz_amean,Harmonics-to-noise ratio-mean [voice clarity],-0.17452382229819519,-5.926029597484538,-0.23224656668841254,-0.11680107790797783,3.103466748987388e-09,True,5.5862401481772984e-08,True,-0.03789259459376033,0.5036125477591424,False,-0.2124164168919555,0.00029080341667198084,True
loudness_sma3_percentile20.0,Loudness-20th percentile [intensity],-0.20394650594906572,-5.894890467504424,-0.271756951938471,-0.13613605995966044,3.74930000284857e-09,True,5.623950004272855e-08,True,0.1188565444315948,0.0628398577478463,False,-0.08508996151747092,0.16420390556871856,False
loudness_sma3_pctlrange0-2,Loudness-percentile range [intensity],0.174462099328114,5.144317491717343,0.10799152957155128,0.2409326690846767,2.684951287216538e-07,True,3.4520802264212634e-06,True,0.17704225134882845,0.00025333077608810395,True,0.3515043506769424,7.873150686954489e-08,True
mfcc1_sma3_stddevNorm,MFCC coefficient 1-coefficient of variation [vocal tract feature],0.17859212813361527,4.764020771837934,0.10511625808470235,0.25206799818252823,1.8977295646691716e-06,True,1.8977295646691717e-05,True,0.08555385386391051,0.014122088814783395,True,0.2641459819975258,6.971477617412347e-09,True
shimmerLocaldB_sma3nz_amean,Shimmer-mean [hoarseness],0.1700493556235504,4.787097884076866,0.1004253903123771,0.23967332093472368,1.6921031749041894e-06,True,1.8977295646691717e-05,True,0.0700367926204261,0.0343386926633159,True,0.2400861482439765,8.835154829966996e-13,True
mfcc1_sma3_amean,MFCC coefficient 1-mean [vocal tract feature],-0.1282179995307777,-4.608464393797637,-0.18274967377318901,-0.07368632528836638,4.056538242686823e-06,True,3.650884418418141e-05,True,-0.06121273704620973,0.15966797086388373,False,-0.18943073657698742,1.6836306642398213e-05,True
mfcc1V_sma3nz_stddevNorm,MFCC coefficient 1-coefficient of variation [vocal tract feature],0.16704349788594505,4.535357154764986,0.09485397792444208,0.23923301784744802,5.750608837115179e-06,True,4.7050435940033284e-05,True,0.10583093836510811,0.0037875334014581233,True,0.2728744362510532,4.057247648958651e-09,True
F0semitoneFrom27.5Hz_sma3nz_stddevNorm,F0 semitone-coefficient of variation [pitch],0.17392728518322162,4.458186481461458,0.09746178057127385,0.2503927897951694,8.265598003430714e-06,True,6.199198502573036e-05,True,0.15936408732789842,6.755408103732768e-08,True,0.33329137251112007,4.440892098500626e-16,True
hammarbergIndexUV_sma3nz_amean,hammarbergIndexUV-mean,0.17609682987670766,4.3970428376776125,0.0976009408667555,0.2545927188866598,1.0973569362423077e-05,True,7.597086481677515e-05,True,-0.006344637988107931,0.7774445289599397,False,0.16975219188859972,8.673741640263799e-06,True
hammarbergIndexV_sma3nz_stddevNorm,hammarbergIndexV-coefficient of variation,0.11954143619750332,3.933860514056356,0.059981313486007014,0.17910155890899962,8.359230519975179e-05,True,0.0005373791048555473,True,0.12562085368230202,0.00019489834527457032,True,0.24516228987980535,5.396572078097961e-12,True
spectralFluxUV_sma3nz_amean,Spectral flux-mean [timbre change],0.16003873042577435,3.8917120717309146,0.07943772350313111,0.2406397373484176,9.95393298779276e-05,True,0.0005972359792675656,True,0.01912992423392664,0.4729574207820809,False,0.179168654659701,5.938094608959332e-05,True
spectralFluxV_sma3nz_stddevNorm,Spectral flux-coefficient of variation [timbre change],0.13811494732959248,3.6983532523277276,0.0649187764133555,0.21131111824582946,0.0002170027488985713,True,0.0012206404625544635,True,-0.07600190674812392,0.06411587385460672,False,0.06211304058146856,0.12319628631322366,False
F0semitoneFrom27.5Hz_sma3nz_pctlrange0-2,F0 semitone-percentile range [pitch],0.13620311626076803,3.65175454304021,0.06309904951019897,0.2093071830113371,0.00026045476770097297,True,0.0013788781819463274,True,0.21432433946144425,5.857424509927462e-15,True,0.3505274557222123,0.0,True
F1amplitudeLogRelF0_sma3nz_amean,F1-mean [mouth opening],-0.14180861588184346,-3.603085492191739,-0.21894941304881288,-0.06466781871487402,0.0003144620432477333,True,0.0015723102162386665,True,0.08675042647717593,0.0027484171036658376,True,-0.05505818940466753,0.1577742850074444,False
jitterLocal_sma3nz_amean,Jitter-mean [roughness],0.12061657175394912,3.2965962073767696,0.04890366978896757,0.19232947371893067,0.0009786409033536762,True,0.004605073193715899,True,0.09918411390240345,0.000340475577529195,True,0.21980068565635258,1.8630386122708842e-10,True
slopeUV500-1500_sma3nz_amean,slopeUV500-1500-mean,-0.13386654755169838,-3.284027435128318,-0.21376187071335667,-0.05397122439004008,0.001023349598603533,True,0.004605073193715899,True,0.011310259335426636,0.6549407516474319,False,-0.12255628821627175,0.0012848417594593098,True
alphaRatioUV_sma3nz_amean,Alpha ratio-mean [energy distribution],-0.1303714821894273,-3.206465851737094,-0.21006299206558762,-0.05067997231326696,0.0013437625280875558,True,0.005758982263232381,True,0.0037573170494590766,0.8663220807989557,False,-0.1266141651399682,0.0008640425413750652,True
mfcc1V_sma3nz_amean,MFCC coefficient 1-mean [vocal tract feature],-0.09057425815148631,-3.190908626542082,-0.14620905273640483,-0.03493946356656781,0.0014182612646063254,True,0.005801977900662241,True,-0.06919873758732908,0.10059144029309819,False,-0.1597729957388154,0.0001963278868390983,True
F3amplitudeLogRelF0_sma3nz_amean,F3-mean [timbre],-0.11153555358535976,-3.158313172650664,-0.18075278223777788,-0.04231832493294163,0.0015868498600780958,True,0.006209412495957766,True,0.09880673929946293,0.0019365196290977878,True,-0.012728814285896825,0.748965499941316,False
F0semitoneFrom27.5Hz_sma3nz_stddevRisingSlope,F0 semitone-standard deviation [pitch],0.11488768215454344,3.0306069278400227,0.04058578079137473,0.18918958351771215,0.0024406275089818826,True,0.009152353158682059,True,0.03326608942933535,0.13717250960734823,False,0.1481537715838788,1.9357918374929284e-06,True
StddevVoicedSegmentLengthSec,Voiced segment duration SD [voicing stability],0.12754665862309847,3.001972377702277,0.044270925389131285,0.21082239185706564,0.0026823651380142835,True,0.00965651449685142,True,0.007303923500520143,0.7490211227996715,False,0.1348505821236186,0.0003258785117390417,True
F0semitoneFrom27.5Hz_sma3nz_percentile20.0,F0 semitone-20th percentile [pitch],-0.07842174111974616,-2.8734739150907878,-0.13191330468935875,-0.02493017755013356,0.004059846024536974,True,0.013595811368305481,True,0.021999795415744292,0.737983394785372,False,-0.05642194570400187,0.3923944073387089,False
slopeUV0-500_sma3nz_amean,slopeUV0-500-mean,0.09407674995531828,2.872006683373645,0.029874103429500698,0.15827939648113587,0.004078743410491644,True,0.013595811368305481,True,0.041393185367504214,0.10411864189147517,False,0.1354699353228225,9.383941315110889e-06,True
F2amplitudeLogRelF0_sma3nz_amean,F2-mean [tongue position],-0.08445950664359414,-2.581626734078987,-0.14858211230002427,-0.02033690098716401,0.009833587849040098,True,0.030244858197929478,True,0.044082098980398804,0.1197046009551246,False,-0.040377407663195336,0.2411865646438549,False
MeanUnvoicedSegmentLength,Mean unvoiced segment duration [pause duration],0.11856031163976406,2.5892864786611725,0.028814270508737097,0.20830635277079101,0.009617504646551613,True,0.030244858197929478,True,0.002025064789420412,0.9297420930042196,False,0.12058537642918447,0.003757575738104091,True
spectralFluxV_sma3nz_amean,Spectral flux-mean [timbre change],0.08095615140163609,2.5616483678576363,0.0190139821569519,0.14289832064632027,0.01041767337928682,True,0.030244858197929478,True,0.20820782757711934,0.0011134305137951246,True,0.28916397897875545,8.06502308330348e-05,True
slopeV0-500_sma3nz_amean,slopeV0-500-mean,-0.07353875521200058,-2.572891665766568,-0.12955975373802178,-0.01751775668597938,0.010085277085167202,True,0.030244858197929478,True,0.2844370292504238,5.545682128175392e-06,True,0.2108982740384232,0.0006892443033736928,True
F0semitoneFrom27.5Hz_sma3nz_stddevFallingSlope,F0 semitone-standard deviation [pitch],0.09576948062787555,2.5008772376649913,0.02071254492402841,0.17082641633172269,0.01238861138213957,True,0.03484296951226754,True,0.05308749247095378,0.02341272770227241,True,0.14885697309882934,1.0298985658963034e-05,True
StddevUnvoicedSegmentLength,Unvoiced segment duration SD [pause stability],0.07635859199253549,2.303752996250311,0.011393797351370694,0.14132338663370028,0.021236513038998185,True,0.05791776283363142,False,0.0008221136689581046,0.9784589159479672,False,0.0771807056614936,0.029469390717120403,True
Duration,Word duration (articulation lengthening),0.10868209367470856,2.244134924281178,0.013760482100635976,0.20360370524878113,0.024823721504456994,True,0.06383242672574656,False,0.20622842699034802,6.103891058364361e-10,True,0.3149105206650566,8.659739592076221e-14,True
jitterLocal_sma3nz_stddevNorm,Jitter-coefficient of variation [roughness],0.08664991898342889,2.24475744898903,0.010991926943349647,0.1623079110235081,0.024783707772701873,True,0.06383242672574656,False,0.1081539320595416,0.0004784963620362549,True,0.1948038510429705,1.3511914032093841e-08,True
F0semitoneFrom27.5Hz_sma3nz_amean,F0 semitone-mean [pitch],-0.04377220506560979,-1.9433741309772818,-0.08791888817775528,0.00037447804653569644,0.05197097053968455,False,0.12992742634921137,False,0.09528681894537276,0.18244026972603877,False,0.05151461387976297,0.45901298352321707,False
spectralFlux_sma3_amean,Spectral flux-mean [timbre change],0.059074269018747336,1.8885442346809982,-0.0022351592437590967,0.12038369728125377,0.05895292533155196,False,0.1433990075632345,False,0.21639597950820197,0.00081632697184368,True,0.2754702485269493,0.0001966017578698409,True
loudness_sma3_percentile80.0,Loudness-80th percentile [intensity],0.05274639962883802,1.8650209531410529,-0.0026861911409363434,0.1081789903986124,0.062178467277643874,False,0.14348877064071663,False,0.18948346525660836,0.0009890728578276226,True,0.2422298648854464,0.0005772310109886103,True
VoicedSegmentsPerSec,VoicedSegmentsPerSec,0.08820512525991558,1.8739073537591509,-0.004052394922512123,0.1804626454423433,0.06094319571643894,False,0.14348877064071663,False,-0.2179198485284625,9.062715188735695e-06,True,-0.1297147232685469,1.1301759528237199e-09,True
slopeV500-1500_sma3nz_amean,slopeV500-1500-mean,0.052685122127225974,1.6933216787093837,-0.008297289347047362,0.11366753360149931,0.09039425387081672,False,0.19842641093593913,False,-0.08130297406931322,0.010974556878112069,True,-0.028617851942087248,0.3921269263975393,False
shimmerLocaldB_sma3nz_stddevNorm,Shimmer-coefficient of variation [hoarseness],-0.055969575537252916,-1.7033763406847091,-0.12037129665598072,0.008432145581474884,0.08849766240315025,False,0.19842641093593913,False,0.03641559849419818,0.24089777057397022,False,-0.019553977043054734,0.5524243069384427,False
F2frequency_sma3nz_amean,F2-mean [tongue position],-0.0467966949207608,-1.5153282113797155,-0.10732584059091115,0.013732450749389544,0.1296893073847039,False,0.27790565868150835,False,0.11277954170080019,0.006166871490300282,True,0.06598284678003939,0.0969415878964277,False
mfcc3_sma3_amean,MFCC coefficient 3-mean [vocal tract feature],-0.044667631213025465,-1.4886424544058634,-0.10347863510346045,0.014143372677409512,0.13658154585046678,False,0.2858683517800467,False,-0.04834397014067727,0.1877834454948527,False,-0.09301160135370273,0.01419351221136278,True
alphaRatioV_sma3nz_amean,Alpha ratio-mean [energy distribution],0.044245188946592566,1.43717784533466,-0.01609568717867762,0.10458606507186274,0.15066746640614048,False,0.3081834540125601,False,0.016654872367145405,0.6415089942122744,False,0.06090006131373797,0.11698995085161767,False
F3frequency_sma3nz_stddevNorm,F3-coefficient of variation [timbre],0.0438906910520461,1.4079738601135992,-0.017208280242115258,0.10498966234620746,0.1591388104242536,False,0.3182776208485072,False,0.12774746815974355,0.0003675104632856831,True,0.17163815921178965,1.1985630901101274e-06,True
logRelF0-H1-A3_sma3nz_amean,logRelF0-H1-A3-mean,-0.03833454788523493,-1.3501147267219704,-0.09398590281674304,0.017316807046273183,0.17697918521777933,False,0.34626362325217697,False,-0.017621530449242074,0.6774656163425654,False,-0.05595607833447701,0.20465628254495982,False
F0semitoneFrom27.5Hz_sma3nz_percentile50.0,F0 semitone-median [pitch],-0.02840560505641026,-1.3162460610975109,-0.07070391656219456,0.013892706449374043,0.1880914683602587,False,0.36017515217921875,False,0.11164532031964844,0.1143555893722542,False,0.08323971526323817,0.22512524329709516,False
F0semitoneFrom27.5Hz_sma3nz_meanRisingSlope,F0 semitone-rising slope [pitch],0.042758909953194285,1.301265867886099,-0.02164565607481171,0.10716347598120028,0.19316746608262092,False,0.36218899890491424,False,-0.010956979490102095,0.7323889775046843,False,0.03180193046309219,0.2273466808228357,False
mfcc2_sma3_amean,MFCC coefficient 2-mean [vocal tract feature],-0.035180005881189046,-1.2758951315082165,-0.08922270094627832,0.018862689183900237,0.20199259230691624,False,0.37100680219637683,False,-0.017330229415066976,0.7071976186765956,False,-0.05251023529625602,0.25144349807301514,False
HNRdBACF_sma3nz_stddevNorm,Harmonics-to-noise ratio-coefficient of variation [voice clarity],-0.04722731952684049,-1.2033762772308076,-0.12414885107441087,0.029694212020729888,0.22883074372137524,False,0.4118953386984754,False,0.00949034629530029,0.6740681797943109,False,-0.037736973231540204,0.24523077713206942,False
mfcc3_sma3_stddevNorm,MFCC coefficient 3-coefficient of variation [vocal tract feature],0.04222193676574909,1.068301507006364,-0.035242145722318804,0.11968601925381699,0.28538452893078947,False,0.502167796894351,False,0.0029691203705091446,0.8949927667129491,False,0.045191057136258234,0.16651553770140648,False
mfcc4_sma3_stddevNorm,MFCC coefficient 4-coefficient of variation [vocal tract feature],-0.035737217996273184,-1.0578114892253194,-0.10195407041861956,0.030479634426073203,0.29014139376118053,False,0.502167796894351,False,0.015341381466083107,0.5836135594365688,False,-0.020395836530190076,0.5653142814412142,False
mfcc3V_sma3nz_amean,MFCC coefficient 3-mean [vocal tract feature],-0.031238441807212705,-1.038811053056901,-0.09017827091469445,0.02770138730026904,0.298892619808666,False,0.5028112226104176,False,-0.037717538478479244,0.31256961523806515,False,-0.06895598028569194,0.06404398648188225,False
mfcc4_sma3_amean,MFCC coefficient 4-mean [vocal tract feature],0.030376752800811566,1.0328230098626598,-0.027269557284309232,0.08802306288593237,0.30168673356625053,False,0.5028112226104176,False,-0.013136053057577101,0.7507275707654771,False,0.017240699743234465,0.6974435674996695,False
loudness_sma3_percentile50.0,Loudness-median [intensity],-0.031151734434741448,-0.9826316969504565,-0.09328834134614225,0.030984872476659358,0.32578873831853794,False,0.5331088445212439,False,0.1751279369736015,0.0023341542060551297,True,0.14397620253886004,0.03940541387384022,True
mfcc2V_sma3nz_stddevNorm,MFCC coefficient 2-coefficient of variation [vocal tract feature],-0.03371480607308318,-0.9369564340262453,-0.10424211930074603,0.03681250715457968,0.3487809682257841,False,0.5605408417914387,False,0.03236172334452909,0.25581967226666935,False,-0.0013530827285540906,0.9538803906518396,False
F3bandwidth_sma3nz_amean,F3-mean [timbre],-0.027412269174700705,-0.9067921562766288,-0.08666294443751467,0.03183840608811325,0.36451671855305845,False,0.5755527135048292,False,0.15008649604839985,3.9382781894201806e-05,True,0.12267422687369915,0.0003452925920213179,True
F1frequency_sma3nz_amean,F1-mean [mouth opening],-0.024587536573616193,-0.889861951517784,-0.07874377013556394,0.029568696988331557,0.37354001642361545,False,0.5796310599676792,False,0.05491696303481619,0.3020374638066754,False,0.030329426461199998,0.5098440222933185,False
mfcc4V_sma3nz_amean,MFCC coefficient 4-mean [vocal tract feature],0.02807708538489231,0.8770073863328651,-0.03467163054610678,0.09082580131589141,0.380482626143854,False,0.5803972263211332,False,-0.0005418299245593723,0.988630860191257,False,0.02753525546033294,0.49220613154041537,False
loudness_sma3_stddevFallingSlope,Loudness-standard deviation [intensity],-0.02759255338340947,-0.8401238740311041,-0.09196568489791787,0.03678057813109894,0.40083893549858685,False,0.6012584032478803,False,0.03518160046278029,0.18928033712017256,False,0.007589047079370817,0.8185241126774876,False
F3bandwidth_sma3nz_stddevNorm,F3-coefficient of variation [timbre],-0.023492228925231926,-0.7826637357161614,-0.08232307363189538,0.03533861578143152,0.433824603082152,False,0.6197494329745029,False,-0.051088248010381934,0.1584448079588111,False,-0.07458047693561386,0.04673723210535874,True
hammarbergIndexV_sma3nz_amean,hammarbergIndexV-mean,-0.022282496860363744,-0.7893784497575893,-0.07760918314084773,0.033044189420120246,0.4298908474769204,False,0.6197494329745029,False,-0.04285467395760847,0.33067048958234657,False,-0.06513717081797221,0.13138715506805543,False
F1frequency_sma3nz_stddevNorm,F1-coefficient of variation [mouth opening],0.024956109830020032,0.8019322915014998,-0.036039033756547684,0.08595125341658776,0.4225921256748194,False,0.6197494329745029,False,0.023382728012286195,0.46286880585498413,False,0.04833883784230623,0.1101637867352756,False
slopeV500-1500_sma3nz_stddevNorm,slopeV500-1500-coefficient of variation,-0.028970974733158884,-0.7691303082911344,-0.10279866019149558,0.04485671072517782,0.44181595739421275,False,0.6213036900856117,False,0.019368432142941844,0.5272358173563778,False,-0.00960254259021704,0.6716941362747957,False
alphaRatioV_sma3nz_stddevNorm,Alpha ratio-coefficient of variation [energy distribution],-0.029798432876499366,-0.7444765772922013,-0.10824942813865826,0.048652562385659535,0.4565882063430461,False,0.6226202813768811,False,-0.007710970824462333,0.731332636020477,False,-0.0375094037009617,0.26002209487898464,False
loudness_sma3_meanRisingSlope,Loudness-rising slope [intensity],0.024029517842943975,0.7498780719631987,-0.03877783275588989,0.08683686844177785,0.45332814230310947,False,0.6226202813768811,False,0.056918555283962176,0.21185696084787287,False,0.08094807312690615,0.10536211373554161,False
F1bandwidth_sma3nz_stddevNorm,F1-coefficient of variation [mouth opening],0.023702457360937273,0.6991157858967364,-0.04274836146565836,0.09015327618753291,0.48447967396443214,False,0.6507935918925207,False,0.01890188765423428,0.5596591951148191,False,0.04260434501517155,0.12439765667369329,False
logRelF0-H1-H2_sma3nz_stddevNorm,logRelF0-H1-H2-coefficient of variation,0.022718447142843524,0.6251426773838608,-0.048510342717285264,0.0939472370029723,0.531877419975838,False,0.7039554087915504,False,-0.025982899660948317,0.36275189460043544,False,-0.0032644525181047927,0.8894218401669434,False
loudness_sma3_amean,Loudness-mean [intensity],-0.017188687661814105,-0.6011999045326162,-0.07322633431338291,0.038848958989754705,0.5477068480603378,False,0.70419451893472,False,0.1831569885772763,0.002767209231790816,True,0.1659683009154622,0.01898451306454718,True
F3frequency_sma3nz_amean,F3-mean [timbre],-0.01751901817630804,-0.6033426014443007,-0.07443075546017643,0.03939271910756034,0.5462807979397342,False,0.70419451893472,False,-0.03144468087108924,0.5168663515250358,False,-0.04896369904739728,0.2380616476074795,False
F2amplitudeLogRelF0_sma3nz_stddevNorm,F2-coefficient of variation [tongue position],-0.018214254255884306,-0.47340311881787217,-0.09362554100591464,0.05719703249414603,0.6359256052022301,False,0.8061028798338128,False,-8.092319325253096e-05,0.997166381463171,False,-0.018295177449136838,0.5657700971893542,False
equivalentSoundLevel_dBp,equivalentSoundLevel_dBp,-0.011479569634324456,-0.4238635541449484,-0.06456258718383906,0.041603447915190155,0.6716653252095974,False,0.8280805379296406,False,0.1680940562338651,0.01806856223435151,True,0.15661448659954066,0.029048967254815983,True
mfcc2_sma3_stddevNorm,MFCC coefficient 2-coefficient of variation [vocal tract feature],0.014611641841965796,0.4321276242749179,-0.05166233927254184,0.08088562295647343,0.6656486583463065,False,0.8280805379296406,False,0.028774003094514035,0.302302384978413,False,0.04338564493647983,0.22137509755351736,False
slopeV0-500_sma3nz_stddevNorm,slopeV0-500-coefficient of variation,0.011759486794244196,0.3549787720133133,-0.05317001303470388,0.07668898662319228,0.7226054944327246,False,0.8594242139172524,False,-0.02072026337415867,0.4697852716355856,False,-0.008960776579914473,0.7969264331399848,False
loudness_sma3_meanFallingSlope,Loudness-falling slope [intensity],-0.01362156578160633,-0.36241712254128544,-0.08728880518999554,0.06004567362678289,0.7170403460332504,False,0.8594242139172524,False,-0.020294828842449805,0.4524282838467043,False,-0.033916394624056136,0.393452283762296,False
F0semitoneFrom27.5Hz_sma3nz_meanFallingSlope,F0 semitone-falling slope [pitch],0.013732091965394386,0.35080319130511123,-0.06299155513724485,0.09045573906803363,0.7257360028634576,False,0.8594242139172524,False,-0.03292074835057173,0.14630679127979404,False,-0.019188656385177347,0.5615098769325448,False
F0semitoneFrom27.5Hz_sma3nz_percentile80.0,F0 semitone-80th percentile [pitch],0.0068669834073308775,0.3081853797304556,-0.036805716089771325,0.05053968290443308,0.7579412767002092,False,0.8634774038356814,False,0.16271723413592024,0.02030301931010519,True,0.16958421754325112,0.011750018909622462,True
loudnessPeaksPerSec,loudnessPeaksPerSec,-0.011445144697614321,-0.3107564871653498,-0.08363183921185631,0.060741549816627674,0.7559857511448497,False,0.8634774038356814,False,-0.13713352106420276,0.00029425514390290234,True,-0.14857866576181708,1.8935031320665985e-10,True
F2bandwidth_sma3nz_amean,F2-mean [tongue position],0.011065995558025333,0.3303493322421706,-0.05458980930320487,0.07672180041925553,0.7411360214229956,False,0.8634774038356814,False,0.028085383341991177,0.22888139333684587,False,0.039151378900016506,0.14852474243180858,False
MeanVoicedSegmentLengthSec,Mean voiced segment duration [voicing continuity],0.01459386860861628,0.2852953555284839,-0.08566707822629316,0.11485481544352572,0.775417870820694,False,0.8723451046732809,False,0.24941029832549463,1.1955250155768008e-10,True,0.26400416693411094,3.7059422197671665e-10,True
loudness_sma3_stddevRisingSlope,Loudness-standard deviation [intensity],-0.008539708012188112,-0.25773892633304685,-0.07348072387666912,0.056401307852292894,0.7966084018949228,False,0.8801522222911635,False,0.0782965956654943,0.00896406736774545,True,0.06975688765330618,0.08881415126735481,False
F1amplitudeLogRelF0_sma3nz_stddevNorm,F1-coefficient of variation [mouth opening],0.00919980835477715,0.2508676074528536,-0.06267724487837874,0.08107686158793305,0.8019164691986156,False,0.8801522222911635,False,-0.0021579107258153747,0.9244078020857943,False,0.007041897628961776,0.8111754973143894,False
F1bandwidth_sma3nz_amean,F1-mean [mouth opening],0.007449049642290628,0.22724518150345346,-0.05679934146679764,0.07169744075137889,0.8202330967841311,False,0.8834589551301504,False,0.00659850492122571,0.85508322074574,False,0.014047554563516338,0.7200738386058565,False
F2frequency_sma3nz_stddevNorm,F2-coefficient of variation [tongue position],-0.007464963352790221,-0.22168168139398886,-0.0734664844503543,0.05853655774477386,0.8245616914548071,False,0.8834589551301504,False,0.017896993475014087,0.46941183783755347,False,0.010432030122223865,0.7307244672339444,False
logRelF0-H1-A3_sma3nz_stddevNorm,logRelF0-H1-A3-coefficient of variation,-0.004509272799050134,-0.1291105179233899,-0.0729636081103108,0.06394506251221052,0.8972701995700699,False,0.95005079954478,False,0.07221280256992012,0.0062326314966769936,True,0.06770352977086998,0.05681537715716867,False
F2bandwidth_sma3nz_stddevNorm,F2-coefficient of variation [tongue position],-0.0018167245773881816,-0.05785432245250423,-0.06336407351754861,0.059730624362772246,0.953864667543104,False,0.967954283325707,False,0.13161631852270023,3.852796887988369e-06,True,0.12979959394531204,4.764750387775685e-05,True
mfcc4V_sma3nz_stddevNorm,MFCC coefficient 4-coefficient of variation [vocal tract feature],-0.0034773502217890703,-0.08852338638698752,-0.08046950690354515,0.07351480645996702,0.9294606976529637,False,0.967954283325707,False,8.506099491294614e-06,0.9997014920744907,False,-0.0034688441222977756,0.9157353281328011,False
mfcc2V_sma3nz_amean,MFCC coefficient 2-mean [vocal tract feature],-0.0015667520876121517,-0.056465706788347746,-0.05595080687736844,0.05281730270214414,0.9549708139389156,False,0.967954283325707,False,-0.02122895898197475,0.6385615387909329,False,-0.022795711069586902,0.6185101759404765,False
mfcc3V_sma3nz_stddevNorm,MFCC coefficient 3-coefficient of variation [vocal tract feature],-0.0018846205207994958,-0.05366855553015917,-0.07071181708455349,0.0669425760429545,0.9571992357331992,False,0.967954283325707,False,0.0032777126236014564,0.903127762670805,False,0.0013930921028019606,0.9696540779565883,False
logRelF0-H1-H2_sma3nz_amean,logRelF0-H1-H2-mean,0.000837674406244837,0.02724102220047219,-0.059433259046884575,0.061108607859374255,0.9782674968506789,False,0.9782674968506789,False,-0.07289682925056004,0.06452403571258726,False,-0.0720591548443152,0.07657054558725407,False
