Feature,English_Description,Interaction_Coef,Z_Score,HDI_2.5%,HDI_97.5%,Interaction_PValue,Significant_Interaction,Interaction_FDR_PValue,Significant_Interaction_FDR,W_Age_Coef,W_Age_PValue,W_Age_Significant,C_Age_Coef,C_Age_PValue,C_Age_Significant
loudness_sma3_percentile20.0,Loudness-20th percentile [intensity],-0.09753269784773506,-3.818498536849609,-0.14759533004119338,-0.04747006565427675,0.00013426638066932814,True,0.012083974260239532,True,0.11574927357921823,0.06249675446081603,False,0.018216575731483164,0.7666033054516306,False
loudness_sma3_stddevNorm,Loudness-coefficient of variation [intensity],0.11364871825584395,3.442922378558067,0.04895034190884513,0.17834709460284276,0.0005754644576882927,True,0.02589590059597317,True,0.09674037060140428,0.026672175026504798,True,0.21038908885724822,1.1213914036911632e-05,True
mfcc1V_sma3nz_stddevNorm,MFCC coefficient 1-coefficient of variation [vocal tract feature],0.099885295979449,2.9578079744091603,0.03369601600807855,0.16607457595081943,0.0030983506980491768,True,0.09295052094147531,False,0.11446141306355676,0.0020382075300459383,True,0.21434670904300573,2.3560381110510065e-06,True
Gap_Before,Hesitation duration (response latency),0.0865292475787602,2.671623588578308,0.023048251985133036,0.15001024317238737,0.007548526986075697,True,0.12970671207568596,False,0.09216977620910881,0.00011201094498992012,True,0.178699023787869,4.111622153857297e-11,True
F3amplitudeLogRelF0_sma3nz_amean,F3-mean [timbre],-0.0757337485087392,-2.5262273115070086,-0.1344925729427046,-0.01697492407477376,0.011529485517838754,True,0.12970671207568596,False,0.11341207648785588,0.0029514306839305954,True,0.03767832797911669,0.34449378979952816,False
HNRdBACF_sma3nz_amean,Harmonics-to-noise ratio-mean [voice clarity],-0.06469345963092343,-2.752306685963027,-0.11076360927060398,-0.018623309991242884,0.0059177072991091866,True,0.12970671207568596,False,-0.03911518933693463,0.5113386963714763,False,-0.10380864896785806,0.0724463635124657,False
slopeV0-500_sma3nz_amean,slopeV0-500-mean,-0.055187292871556014,-2.584493269979332,-0.0970396340189233,-0.013334951724188741,0.00975222077635426,True,0.12970671207568596,False,0.28169628753315556,5.584334492733678e-06,True,0.22650899466159954,0.00024211434343901495,True
mfcc1_sma3_stddevNorm,MFCC coefficient 1-coefficient of variation [vocal tract feature],0.08568204269790654,2.5339196808745883,0.01940653879956157,0.1519575465962515,0.011279458210454545,True,0.12970671207568596,False,0.0975447977074551,0.009012474804856372,True,0.18322684040536164,4.474268709264706e-05,True
loudness_sma3_pctlrange0-2,Loudness-percentile range [intensity],0.05488984118802729,2.467494764467775,0.011289307449209501,0.09849037492684508,0.013606221110351362,True,0.13553413189516325,False,0.20444659197811882,0.0003284004650769439,True,0.25933643316614613,2.3496028330960428e-05,True
F1amplitudeLogRelF0_sma3nz_amean,F1-mean [mouth opening],-0.07511350888504177,-2.4309486667010227,-0.13567524736653497,-0.014551770403548582,0.015059347988351473,True,0.13553413189516325,False,0.10469195091975866,0.0033943901261291867,True,0.029578442034716892,0.43154846702988614,False
hammarbergIndexV_sma3nz_stddevNorm,hammarbergIndexV-coefficient of variation,0.06873434947997886,2.2610470877673734,0.009151634148833541,0.12831706481112418,0.023756341367492436,True,0.19437006573402904,False,0.13180999060484097,0.0002500904956225653,True,0.20054434008481983,1.6211402753540938e-07,True
logRelF0-H1-A3_sma3nz_stddevNorm,logRelF0-H1-A3-coefficient of variation,-0.08105756771225135,-2.1710829595517196,-0.15423433510248336,-0.007880800322019349,0.029924901907983664,True,0.2244367643098775,False,0.07983519126281197,0.0022185880640055097,True,-0.0012223764494393857,0.9589687147829364,False
hammarbergIndexUV_sma3nz_amean,hammarbergIndexUV-mean,0.06746618338397997,2.0928509927451526,0.004282650542421912,0.13064971622553803,0.03636245816093971,True,0.2517400949603519,False,-0.00758869365002187,0.7714025041246708,False,0.0598774897339581,0.03895839072784324,True
slopeUV500-1500_sma3nz_amean,slopeUV500-1500-mean,-0.06381408891720343,-2.03152793277133,-0.12538135179362153,-0.002246826040785327,0.04220146895183258,True,0.25320881371099546,False,0.013455806605190612,0.654968882105305,False,-0.050358282312012816,0.09725151310873992,False
F3amplitudeLogRelF0_sma3nz_stddevNorm,F3-coefficient of variation [timbre],-0.0612620663808087,-2.0441034153832622,-0.12000354159324148,-0.002520591168375934,0.04094333182744778,True,0.25320881371099546,False,-0.08649820441516837,0.015255486734334989,True,-0.14776027079597706,9.633679178877586e-05,True
F2amplitudeLogRelF0_sma3nz_amean,F2-mean [tongue position],-0.061326425706955116,-1.9917854845818723,-0.12167418670636068,-0.0009786647075495508,0.04639459955148203,True,0.2609696224770864,False,0.04966959215528385,0.13624097351562597,False,-0.01165683355167127,0.7300939199836463,False
shimmerLocaldB_sma3nz_amean,Shimmer-mean [hoarseness],0.061569993920624254,1.95421235377065,-0.00018234729837227764,0.12332233513962079,0.050676108930714246,False,0.26828528257436957,False,0.06891240355277942,0.03453677437787686,True,0.13048239747340368,0.00020246639551002588,True
F1bandwidth_sma3nz_stddevNorm,F1-coefficient of variation [mouth opening],0.061144309639846704,1.8768493322009836,-0.002708896282420735,0.12499751556211414,0.06053874691183989,False,0.30269373455919946,False,0.01785990516907326,0.5656052246484249,False,0.07900421480891996,0.006609663869143301,True
loudness_sma3_amean,Loudness-mean [intensity],-0.032630015419783796,-1.661223260683441,-0.07112865177794837,0.005868620938380781,0.09666861557950977,False,0.4023407260223386,False,0.19518719125500736,0.002776141582887556,True,0.16255717583522356,0.013872144978943401,True
equivalentSoundLevel_dBp,equivalentSoundLevel_dBp,-0.03380414626169401,-1.6529061994194174,-0.07388877217464218,0.00628047965125416,0.09834995524990499,False,0.4023407260223386,False,0.16879400273222236,0.01812282400883261,True,0.13498985647052836,0.056937025697572086,False
F1frequency_sma3nz_stddevNorm,F1-coefficient of variation [mouth opening],0.051431237431349815,1.6647780167373523,-0.009120514425035621,0.11198298928773526,0.09595705131637053,False,0.4023407260223386,False,0.02345044648328361,0.47426605240747577,False,0.07488168391463343,0.0236116337731338,True
loudness_sma3_stddevFallingSlope,Loudness-standard deviation [intensity],0.055208045330724834,1.7163810172171823,-0.007836096828142097,0.11825218748959176,0.08609232862133427,False,0.4023407260223386,False,0.036719041338114045,0.18446447501321517,False,0.09192708666883888,0.004599002491438187,True
alphaRatioUV_sma3nz_amean,Alpha ratio-mean [energy distribution],-0.05239363185332387,-1.5908541484740584,-0.11694481558755629,0.012157551880908536,0.11164240348967537,False,0.43686157887264276,False,0.004498501727763447,0.8603579162851347,False,-0.047895130125560424,0.10448300153754242,False
spectralFlux_sma3_stddevNorm,Spectral flux-coefficient of variation [timbre change],0.049626453351895666,1.3044685731231886,-0.0249386611888361,0.12419156789262743,0.19207386796236425,False,0.6402462265412142,False,-0.04349295193822223,0.2803671084643602,False,0.006133501413673435,0.8866161645465087,False
StddevVoicedSegmentLengthSec,Voiced segment duration SD [voicing stability],0.04611568227516262,1.3431958922156073,-0.021176614986278097,0.11340797953660334,0.1792085514408137,False,0.6402462265412142,False,0.01124864179066968,0.6796561417903526,False,0.0573643240658323,0.10893669541462381,False
mfcc1V_sma3nz_amean,MFCC coefficient 1-mean [vocal tract feature],-0.03709254779020625,-1.310947911094411,-0.0925496663023456,0.018364570721933093,0.18987536247309655,False,0.6402462265412142,False,-0.06951902018244503,0.10651926109258975,False,-0.10661156797265128,0.016624682467959007,True
mfcc1_sma3_amean,MFCC coefficient 1-mean [vocal tract feature],-0.037822283512282784,-1.3568595517834234,-0.09245702856503152,0.01681246154046595,0.1748258410523068,False,0.6402462265412142,False,-0.06144995661827443,0.167133767327028,False,-0.09927224013055722,0.0323521183410993,True
F0semitoneFrom27.5Hz_sma3nz_meanRisingSlope,F0 semitone-rising slope [pitch],0.044703815475238634,1.2763439387255797,-0.023944983389239186,0.11335261433971645,0.20183396435199197,False,0.6487520282742599,False,-0.01085800131633313,0.7426391367797838,False,0.0338458141589055,0.20058793267695663,False
F0semitoneFrom27.5Hz_sma3nz_stddevNorm,F0 semitone-coefficient of variation [pitch],0.04248112727309273,1.2217573805391304,-0.025669072415915824,0.11063132696210129,0.2217993899798565,False,0.6883429344202442,False,0.19045122256597488,6.878839298862452e-08,True,0.2329323498390676,1.5873347081196698e-10,True
F2frequency_sma3nz_amean,F2-mean [tongue position],-0.03559454904540269,-1.1629260886053316,-0.0955857357704826,0.024396637679677216,0.24485949152692232,False,0.7108823947555809,False,0.11021557576728662,0.007257880619015778,True,0.07462102672188392,0.08639727904239214,False
F2frequency_sma3nz_stddevNorm,F2-coefficient of variation [tongue position],0.03905326411907629,1.1660351456999491,-0.026591753490955834,0.10469828172910842,0.24360023595290425,False,0.7108823947555809,False,0.017990797595445383,0.4615408492073998,False,0.05704406171452167,0.05115399825032663,False
F2amplitudeLogRelF0_sma3nz_stddevNorm,F2-coefficient of variation [tongue position],-0.03541007167385098,-1.0239847438983243,-0.10318817178159959,0.03236802843389761,0.30584248086490573,False,0.7520414103116044,False,-0.0018449980090802004,0.9498120859416486,False,-0.037255069682931186,0.309844071161105,False
loudness_sma3_percentile50.0,Loudness-median [intensity],-0.02196466431115407,-1.0124594079393228,-0.06448562042285039,0.02055629180054224,0.31131844573332823,False,0.7520414103116044,False,0.1917555157773169,0.0023464763660429443,True,0.16979085146616282,0.00882036441302203,True
F0semitoneFrom27.5Hz_sma3nz_stddevFallingSlope,F0 semitone-standard deviation [pitch],0.03732588181497428,1.0738970970544397,-0.030798641994629526,0.10545040562457808,0.28286880457038255,False,0.7520414103116044,False,0.05673552305996467,0.02250297718129426,True,0.09406140487493894,0.004362487806811588,True
F3bandwidth_sma3nz_stddevNorm,F3-coefficient of variation [timbre],-0.03160906883353755,-1.0408929854929891,-0.09112890014875288,0.027910762481677787,0.2979252175953929,False,0.7520414103116044,False,-0.04913418596185707,0.1637816576590102,False,-0.08074325479539463,0.04349440114199732,True
F0semitoneFrom27.5Hz_sma3nz_amean,F0 semitone-mean [pitch],-0.017695833284244112,-1.0061611847424203,-0.05216728156019565,0.016775614991707422,0.31433804038930924,False,0.7520414103116044,False,0.09535453383646128,0.18286442136870062,False,0.07765870055221717,0.259624088913478,False
mfcc2V_sma3nz_stddevNorm,MFCC coefficient 2-coefficient of variation [vocal tract feature],-0.03595570031347678,-0.9995494527610681,-0.10646063873322735,0.03454923810627379,0.31752859546489964,False,0.7520414103116044,False,0.03150497666694003,0.282610383607263,False,-0.004450723646536751,0.8467676996144462,False
spectralFluxUV_sma3nz_amean,Spectral flux-mean [timbre change],0.034745974293250555,1.048014973589906,-0.030236026280168547,0.09972797486666965,0.2946317081556006,False,0.7520414103116044,False,0.02714038282089907,0.479727397994701,False,0.06188635711414962,0.058763995104614386,False
F1frequency_sma3nz_amean,F1-mean [mouth opening],-0.023205472484458353,-0.8099811902039353,-0.07935829012962717,0.032947345160710455,0.41795098652625406,False,0.7686632985301509,False,0.053478808689917674,0.2913334931082646,False,0.03027333620545932,0.5705240653952846,False
F1amplitudeLogRelF0_sma3nz_stddevNorm,F1-coefficient of variation [mouth opening],0.029972812632622164,0.879366836972767,-0.03683288243108508,0.09677850769632941,0.3792024072105017,False,0.7686632985301509,False,-0.014825098775778643,0.5992505079308017,False,0.015147713856843522,0.6753548064432862,False
F3bandwidth_sma3nz_amean,F3-mean [timbre],-0.031022602040159216,-0.9321319921038697,-0.09625402904168681,0.03420882496136837,0.35126831638287015,False,0.7686632985301509,False,0.14635788511711953,3.0832566869520846e-05,True,0.11533528307696031,0.00323765653729291,True
F3frequency_sma3nz_stddevNorm,F3-coefficient of variation [timbre],0.020989216966183593,0.6727632751128306,-0.040159877783110434,0.08213831171547761,0.501097905249932,False,0.7686632985301509,False,0.12373186597396772,0.0004857434025986873,True,0.14472108294015132,0.00016699518315266282,True
F2bandwidth_sma3nz_amean,F2-mean [tongue position],-0.021208431856105065,-0.6350284968173313,-0.08666774060571428,0.044250876893504154,0.5254098295390686,False,0.7686632985301509,False,0.02751574674498676,0.24029404007891264,False,0.006307314888881695,0.8147709119495896,False
F3frequency_sma3nz_amean,F3-mean [timbre],-0.024049672620412146,-0.8279471294629611,-0.08098248470296981,0.032883139462145515,0.40770044257107474,False,0.7686632985301509,False,-0.03070319799683048,0.5284549405763308,False,-0.05475287061724263,0.24462524916924178,False
F0semitoneFrom27.5Hz_sma3nz_pctlrange0-2,F0 semitone-percentile range [pitch],0.02221364704852619,0.6846812372721607,-0.04137616065319223,0.0858034547502446,0.4935450913776499,False,0.7686632985301509,False,0.26620201555456624,5.7809259523980636e-15,True,0.2884156626030924,0.0,True
loudness_sma3_stddevRisingSlope,Loudness-standard deviation [intensity],0.030510755901614672,0.953478576830187,-0.03220809591147146,0.0932296077147008,0.3403476455924297,False,0.7686632985301509,False,0.08237390471353137,0.010799641831712925,True,0.11288466061514604,0.00334159663852307,True
F0semitoneFrom27.5Hz_sma3nz_percentile50.0,F0 semitone-median [pitch],-0.014677970059694073,-0.8648089674788085,-0.04794406974049478,0.018588129621106633,0.38714364840090965,False,0.7686632985301509,False,0.11192937092638526,0.1149201799660414,False,0.09725140086669119,0.15131261078369795,False
StddevUnvoicedSegmentLength,Unvoiced segment duration SD [pause stability],0.027644359715985955,0.7053966627438373,-0.04916766379511599,0.1044563832270879,0.48056342026458887,False,0.7686632985301509,False,0.002544506190678049,0.9107301286667843,False,0.030188865906664003,0.3538474435290677,False
slopeV0-500_sma3nz_stddevNorm,slopeV0-500-coefficient of variation,-0.02560951956254471,-0.7016637438732675,-0.0971461477279208,0.04592710860283138,0.48288888858594303,False,0.7686632985301509,False,-0.001708996639566312,0.9405370096049862,False,-0.02731851620211102,0.35504332452371057,False
slopeV500-1500_sma3nz_amean,slopeV500-1500-mean,0.021305370674384507,0.6906862677710967,-0.03915410053611451,0.08176484188488352,0.48976272092071027,False,0.7686632985301509,False,-0.08117010630456338,0.012734359619026261,True,-0.05986473563017887,0.08856199511864271,False
mfcc2V_sma3nz_amean,MFCC coefficient 2-mean [vocal tract feature],0.021826313692203357,0.7735468556780492,-0.03347683248789497,0.07712945987230169,0.43919880992930616,False,0.7686632985301509,False,-0.021138424615347557,0.6434626948118491,False,0.0006878890768558001,0.9891880323732722,False
mfcc4V_sma3nz_amean,MFCC coefficient 4-mean [vocal tract feature],0.026790585765810716,0.9118495722345993,-0.03079517146858476,0.08437634300020619,0.36184791058618015,False,0.7686632985301509,False,-0.0004943407073595093,0.9901299451536384,False,0.026296245058451205,0.5155950731011387,False
MeanUnvoicedSegmentLength,Mean unvoiced segment duration [pause duration],0.030708224671259526,0.7438503660295642,-0.050206060115523116,0.11162250945804217,0.4569670057509415,False,0.7686632985301509,False,0.005276170458305246,0.8163875329270263,False,0.03598439512956477,0.32131120268679547,False
MeanVoicedSegmentLengthSec,Mean voiced segment duration [voicing continuity],0.0241388959819104,0.6287334035615963,-0.05111117957719619,0.099388971541017,0.529523605654104,False,0.7686632985301509,False,0.30216329699011235,1.1821174521135074e-10,True,0.32630219297202273,1.6897594434794883e-13,True
logRelF0-H1-H2_sma3nz_stddevNorm,logRelF0-H1-H2-coefficient of variation,0.027455491436223885,0.7610342529796512,-0.043254549543282034,0.09816553241572981,0.44663660853946185,False,0.7686632985301509,False,-0.026288320165383083,0.3606030450695532,False,0.0011671712708408027,0.9608768368596847,False
F1bandwidth_sma3nz_amean,F1-mean [mouth opening],-0.02049825316505746,-0.6688108450017333,-0.08056991094956677,0.039573404619451844,0.5036161477990994,False,0.7686632985301509,False,0.006645963527938621,0.8515938072540002,False,-0.013852289637118837,0.6866898575471712,False
F0semitoneFrom27.5Hz_sma3nz_meanFallingSlope,F0 semitone-falling slope [pitch],-0.027855783709263757,-0.8308091876068098,-0.0935716386667992,0.03786007124827169,0.4060814315651764,False,0.7686632985301509,False,-0.038058731863363726,0.11756503410804295,False,-0.06591451557262748,0.025809769195816123,True
loudness_sma3_meanFallingSlope,Loudness-falling slope [intensity],-0.02456812735407552,-0.6439883139511843,-0.09934204571688321,0.05020579100873216,0.5195830119237854,False,0.7686632985301509,False,-0.021679496393351858,0.4581533104074732,False,-0.04624762374742738,0.30437317659232566,False
loudness_sma3_meanRisingSlope,Loudness-rising slope [intensity],-0.01886062648528309,-0.6680431803903367,-0.07419661223631671,0.036475359265750525,0.5041060296453732,False,0.7686632985301509,False,0.060490127429671976,0.21890440591687998,False,0.041629500944388886,0.3406767874741454,False
F0semitoneFrom27.5Hz_sma3nz_percentile20.0,F0 semitone-20th percentile [pitch],-0.01718229767261096,-0.8045949100645292,-0.05903851999896961,0.024673924653747695,0.421053480308371,False,0.7686632985301509,False,0.02289772434989657,0.7383627082339694,False,0.005715426677285612,0.9322517210499452,False
mfcc4_sma3_amean,MFCC coefficient 4-mean [vocal tract feature],0.02641824205925112,0.820768793220853,-0.036668652647038315,0.08950513676554056,0.41177797728992194,False,0.7686632985301509,False,-0.012924055472791508,0.7540823563687633,False,0.013494186586459612,0.7898084533391296,False
Duration,Word duration (articulation lengthening),0.031917767301362567,0.7878646241887985,-0.04748524432018659,0.11132077892291173,0.43077589546040596,False,0.7686632985301509,False,0.2958177479378059,6.497329963786336e-10,True,0.3277355152391685,2.90878432451791e-14,True
alphaRatioV_sma3nz_stddevNorm,Alpha ratio-coefficient of variation [energy distribution],0.021187110616782485,0.6015747381505149,-0.047842943631445645,0.09021716486501061,0.5474572485860203,False,0.7820817836943148,False,-0.01252759603638412,0.6032326000443011,False,0.008659514580398365,0.7719696497918602,False
mfcc3_sma3_stddevNorm,MFCC coefficient 3-coefficient of variation [vocal tract feature],-0.02190939994642442,-0.5800890691010655,-0.09593669365416063,0.05211789376131179,0.5618545547196659,False,0.7874807638832731,False,0.005898905691084605,0.7945783442689607,False,-0.016010494255339815,0.5918393050134729,False
shimmerLocaldB_sma3nz_stddevNorm,Shimmer-coefficient of variation [hoarseness],-0.017281348041695652,-0.5570607936597156,-0.07808520023742939,0.04352250415403808,0.5774858935144003,False,0.7874807638832731,False,0.03672434452873711,0.25274715917090285,False,0.019442996487041456,0.5388305919579581,False
slopeV500-1500_sma3nz_stddevNorm,slopeV500-1500-coefficient of variation,-0.02026836487688946,-0.5604387869168078,-0.09115210113156863,0.05061537137778971,0.5751801816156994,False,0.7874807638832731,False,0.019948406858502438,0.5006108062939614,False,-0.0003199580183870232,0.9891238942809599,False
mfcc3V_sma3nz_stddevNorm,MFCC coefficient 3-coefficient of variation [vocal tract feature],0.01681299058024026,0.4964528829438355,-0.049564832309749854,0.08319081347023037,0.6195749222182344,False,0.8322648208901656,False,0.0025108821308614704,0.9294611092615732,False,0.01932387271110173,0.5925495299352688,False
VoicedSegmentsPerSec,VoicedSegmentsPerSec,0.016548568010144454,0.4422762306416204,-0.056788389874362785,0.0898855258946517,0.6582893290098705,False,0.8652699499733542,False,-0.19943254797905985,9.162314880769945e-06,True,-0.1828839799689154,1.9731008693568697e-07,True
jitterLocal_sma3nz_amean,Jitter-mean [roughness],-0.014040266929152495,-0.43526012025918775,-0.07726435271204476,0.04918381885373977,0.6633736283129049,False,0.8652699499733542,False,0.09616848328011639,0.0006587702945526126,True,0.08212821635096389,0.016757232824907264,True
mfcc4V_sma3nz_stddevNorm,MFCC coefficient 4-coefficient of variation [vocal tract feature],-0.01314873923203768,-0.37785891269284466,-0.08135284406876309,0.05505536560468773,0.7055354063884971,False,0.9071169510709248,False,0.0038028971307277597,0.8837581328045228,False,-0.00934584210130992,0.700638302607014,False
spectralFluxV_sma3nz_amean,Spectral flux-mean [timbre change],0.006192575450439837,0.2810703472296701,-0.03699037857688147,0.049375529477761144,0.778656444221957,False,0.9245259681754381,False,0.23058935009384934,0.0011171892227047097,True,0.23678192554428917,0.00040105505674570274,True
loudnessPeaksPerSec,loudnessPeaksPerSec,0.011540328663648906,0.3323555557331826,-0.05651643702168414,0.07959709434898195,0.7396207942580177,False,0.9245259681754381,False,-0.1242329753784021,0.0005104008358594922,True,-0.1126926467147532,0.0007400450793182412,True
mfcc2_sma3_amean,MFCC coefficient 2-mean [vocal tract feature],0.006974322543294486,0.2533420084843191,-0.04698306204775447,0.06093170713434344,0.8000039365636611,False,0.9245259681754381,False,-0.017152063811171358,0.7076056130278758,False,-0.010177741267876872,0.826463750660094,False
F0semitoneFrom27.5Hz_sma3nz_stddevRisingSlope,F0 semitone-standard deviation [pitch],0.008929263703054207,0.26832730256869086,-0.05629465011580126,0.07415317752190967,0.7884473921269386,False,0.9245259681754381,False,0.034954129779635724,0.14740421590284122,False,0.04388339348268993,0.12412267236904406,False
mfcc2_sma3_stddevNorm,MFCC coefficient 2-coefficient of variation [vocal tract feature],0.009928188232665948,0.25172214465222853,-0.0673762895394806,0.0872326660048125,0.8012558390853797,False,0.9245259681754381,False,0.003748061336035334,0.8685180645396049,False,0.013676249568701282,0.67678164995047,False
loudness_sma3_percentile80.0,Loudness-80th percentile [intensity],-0.004857853022828553,-0.2576515591783521,-0.04181238167038487,0.03209667562472776,0.7966758342289085,False,0.9245259681754381,False,0.20853857804919,0.0010697642771765495,True,0.20368072502636145,0.0019890122108856545,True
alphaRatioV_sma3nz_amean,Alpha ratio-mean [energy distribution],0.009086875522764116,0.2973111764707164,-0.0508176199490766,0.06899137099460484,0.7662289496397936,False,0.9245259681754381,False,0.01637069988969872,0.6494651415704938,False,0.025457575412462838,0.5277697071844984,False
F0semitoneFrom27.5Hz_sma3nz_percentile80.0,F0 semitone-80th percentile [pitch],-0.005560226396211548,-0.30555549043809493,-0.041226558953186374,0.030106106160763275,0.7599431139934704,False,0.9245259681754381,False,0.16258406437017872,0.03967115368299279,True,0.15702383797396718,0.0377103691548899,True
mfcc4_sma3_stddevNorm,MFCC coefficient 4-coefficient of variation [vocal tract feature],-0.006971826744390284,-0.20595885394623373,-0.07331896432640556,0.059375310837624984,0.8368230519977935,False,0.9423067484672107,False,0.015676486137849156,0.5741444515587254,False,0.008704659393458871,0.8054259910423531,False
slopeUV0-500_sma3nz_amean,slopeUV0-500-mean,0.006588789867930837,0.20495664440652345,-0.05641979508689489,0.06959737482275656,0.8376059986375206,False,0.9423067484672107,False,0.05068302141591997,0.09899715820377468,False,0.0572718112838508,0.05299611362601642,False
jitterLocal_sma3nz_stddevNorm,Jitter-coefficient of variation [roughness],0.005413599425282476,0.15360090610476196,-0.06366577740024719,0.07449297625081215,0.8779244224506361,False,0.9691688256105409,False,0.11860551399891875,0.0004791261214953151,True,0.12401911342420123,0.00022028882659652638,True
HNRdBACF_sma3nz_stddevNorm,Harmonics-to-noise ratio-coefficient of variation [voice clarity],0.004838843248036518,0.14714130809403836,-0.05961710653929474,0.06929479303536777,0.8830204855562706,False,0.9691688256105409,False,0.02979806791189178,0.28979822874136796,False,0.0346369111599283,0.2964114341440047,False
mfcc3_sma3_amean,MFCC coefficient 3-mean [vocal tract feature],-0.0035888215632162183,-0.11954963606883935,-0.06242706227399012,0.05524941914755769,0.9048399180697452,False,0.973283893722528,False,-0.04775435278692873,0.19888653307999882,False,-0.051343174350144946,0.16877101237886727,False
F2bandwidth_sma3nz_stddevNorm,F2-coefficient of variation [tongue position],-0.0033895822615504076,-0.10794357435466011,-0.06493637902418684,0.05815721450108602,0.9140404516989687,False,0.973283893722528,False,0.13335813556849396,5.926299426704967e-06,True,0.12996855330694357,1.816431622225778e-05,True
logRelF0-H1-H2_sma3nz_amean,logRelF0-H1-H2-mean,0.0031396268253550547,0.10142566185838373,-0.05753208549029154,0.06381133914100165,0.9192125662934987,False,0.973283893722528,False,-0.07120790682097818,0.06310949262008167,False,-0.06806827999562312,0.09699526600124697,False
hammarbergIndexV_sma3nz_amean,hammarbergIndexV-mean,-0.0007042522183123893,-0.024068400384033156,-0.05805473359089206,0.05664622915426728,0.980798048857904,False,0.9859400326443238,False,-0.04234510055681069,0.35604610636284695,False,-0.04304935277512308,0.36899882065709155,False
spectralFlux_sma3_amean,Spectral flux-mean [timbre change],-0.00040201329691695825,-0.017622467928186513,-0.04511459641343643,0.04431056981960252,0.9859400326443238,False,0.9859400326443238,False,0.23786390700116936,0.0008188246599693353,True,0.23746189370425239,0.0004956823077493233,True
logRelF0-H1-A3_sma3nz_amean,logRelF0-H1-A3-mean,0.0017972319708245243,0.05950389337700005,-0.05740182985355087,0.06099629379519991,0.9525507645077507,False,0.9859400326443238,False,-0.01756014388398329,0.6896090827342751,False,-0.015762911913158765,0.7469140099371134,False
mfcc3V_sma3nz_amean,MFCC coefficient 3-mean [vocal tract feature],0.001638429192743865,0.054321125958999246,-0.05747892452709308,0.06075578291258081,0.9566793183198179,False,0.9859400326443238,False,-0.03756267795136716,0.30504682032210084,False,-0.035924248758623295,0.33299001646067605,False
spectralFluxV_sma3nz_stddevNorm,Spectral flux-coefficient of variation [timbre change],0.001105488644282973,0.03714769882320644,-0.05722269348906192,0.05943367077762787,0.9703672400916835,False,0.9859400326443238,False,-0.07804276558441484,0.06689141032130497,False,-0.07693727694013186,0.04171702584217374,True
