Feature,English_Description,Interaction_Coef,Z_Score,HDI_2.5%,HDI_97.5%,Interaction_PValue,Significant_Interaction,Interaction_FDR_PValue,Significant_Interaction_FDR,C_Age_Coef,C_Age_PValue,C_Age_Significant,CW_Age_Coef,CW_Age_PValue,CW_Age_Significant
Gap_Before,Hesitation duration (response latency),0.35191069215150284,9.746577011960674,0.2811427747821009,0.42267860952090475,1.90793149931478e-22,True,1.717138349383302e-20,True,0.12491599710556742,9.729770747483393e-09,True,0.4768266892570703,0.0,True
spectralFlux_sma3_stddevNorm,Spectral flux-coefficient of variation [timbre change],0.2197355194017857,7.290312612164409,0.16065964146084846,0.2788113973427229,3.0923664090705045e-13,True,1.391564884081727e-11,True,0.005495046491113857,0.8801881770828672,False,0.22523056589289955,4.2443812353631927e-07,True
loudness_sma3_stddevNorm,Loudness-coefficient of variation [intensity],0.2111079945029161,6.113452324160433,0.14342583272494897,0.2787901562808832,9.749850833928326e-10,True,2.9249552501784978e-08,True,0.18118882330554487,1.1250563522049866e-05,True,0.39229681780846093,0.0,True
F3amplitudeLogRelF0_sma3nz_stddevNorm,F3-coefficient of variation [timbre],-0.16361219394860665,-5.217620321023714,-0.22507314365534012,-0.10215124424187319,1.8123649126146804e-07,True,4.077821053383031e-06,True,-0.12125373399930241,7.950101453422353e-05,True,-0.28486592794790905,1.4095391520640987e-12,True
HNRdBACF_sma3nz_amean,Harmonics-to-noise ratio-mean [voice clarity],-0.11324345116878734,-4.850464554208275,-0.15900343184904045,-0.06748347048853423,1.2317264506092907e-06,True,2.2171076110967235e-05,True,-0.10186228393867809,0.07445172342761497,False,-0.21510573510746545,0.000342402031707989,True
loudness_sma3_pctlrange0-2,Loudness-percentile range [intensity],0.12587124396633967,4.075624710819996,0.06533877209299357,0.18640371583968576,4.589097956541218e-05,True,0.0006883646934811826,True,0.22175460942089148,1.8194237840599963e-05,True,0.3476258533872312,7.967195703173502e-08,True
spectralFluxV_sma3nz_stddevNorm,Spectral flux-coefficient of variation [timbre change],0.1390117008482958,3.9287602080523394,0.06966083206678478,0.20836256962980684,8.538492756308115e-05,True,0.001097806211525329,True,-0.07626648860416949,0.027902569524327108,True,0.06274521224412632,0.15665202556611724,False
F0semitoneFrom27.5Hz_sma3nz_stddevNorm,F0 semitone-coefficient of variation [pitch],0.13785939630459731,3.8961519789821146,0.06850778522406582,0.20721100738512882,9.773307470484006e-05,True,0.0010994970904294507,True,0.19370367595465823,1.6111076704727493e-10,True,0.3315630722592555,4.440892098500626e-16,True
loudness_sma3_percentile20.0,Loudness-20th percentile [intensity],-0.10268683046216925,-3.6689414720789624,-0.15754357572166958,-0.04783008520266894,0.0002435568246414816,True,0.0024355682464148156,True,0.01849511114890415,0.7671417857215644,False,-0.0841917193132651,0.16433276447964218,False
F0semitoneFrom27.5Hz_sma3nz_pctlrange0-2,F0 semitone-percentile range [pitch],0.1186340230838048,3.630801925120175,0.05459233476268792,0.18267571140492167,0.0002825419656683853,True,0.0025428776910154677,True,0.23349919620174722,2.503914385631705e-18,True,0.352133219285552,0.0,True
jitterLocal_sma3nz_amean,Jitter-mean [roughness],0.12663884540157774,3.5202915612423347,0.056129874008453526,0.19714781679470195,0.00043107265941963674,True,0.0035269581225243008,True,0.0790549428541166,0.015370747059870425,True,0.20569378825569434,1.9354340352606414e-10,True
spectralFluxUV_sma3nz_amean,Spectral flux-mean [timbre change],0.1347063302706084,3.292207463944532,0.05450955949539919,0.2149031010458176,0.000994042528894575,True,0.007455318966709312,True,0.042409190240938144,0.07510075725507621,False,0.17711552051154655,6.177989092881475e-05,True
mfcc1_sma3_amean,MFCC coefficient 1-mean [vocal tract feature],-0.08882552193110223,-3.218945397605464,-0.14291094478868466,-0.034740099073519784,0.0012866298258454858,True,0.00848306821194764,True,-0.0980110270868568,0.0316989834287493,True,-0.18683654901795904,2.3591514780374467e-05,True
mfcc1_sma3_stddevNorm,MFCC coefficient 1-coefficient of variation [vocal tract feature],0.10287138413096764,3.2116853015484605,0.04009191043860898,0.16565085782332628,0.0013195883885251884,True,0.00848306821194764,True,0.15933466212728606,2.1166574804299817e-05,True,0.2622060462582537,1.5076777604150493e-08,True
hammarbergIndexUV_sma3nz_amean,hammarbergIndexUV-mean,0.11863431048177585,3.1380411475615833,0.044536095190697525,0.19273252577285416,0.0017008099898483235,True,0.010204859939089941,True,0.049924307090091116,0.03844236552387722,True,0.16855861757186696,9.092036140856408e-06,True
shimmerLocaldB_sma3nz_amean,Shimmer-mean [hoarseness],0.11519941277854906,2.9153848492376735,0.03775137050550341,0.1926474550515947,0.003552501753158811,True,0.01880736222260547,True,0.1412468507804808,4.053334551408533e-05,True,0.2564462635590299,2.1920465442804016e-11,True
F0semitoneFrom27.5Hz_sma3nz_stddevRisingSlope,F0 semitone-standard deviation [pitch],0.10188924031490626,2.9327015141533304,0.033794035244276904,0.16998444538553562,0.003360267764668761,True,0.01880736222260547,True,0.039901103642119046,0.12256573229343135,False,0.1417903439570253,1.940069843220371e-06,True
spectralFluxV_sma3nz_amean,Spectral flux-mean [timbre change],0.07729447901236551,2.8741068663716454,0.024583433143882977,0.13000552488084804,0.00405171841689476,True,0.0202585920844738,True,0.21916252718611792,0.00040091179967104265,True,0.2964570061984834,8.087245911170271e-05,True
logRelF0-H1-A3_sma3nz_stddevNorm,logRelF0-H1-A3-coefficient of variation,0.09809770486876937,2.7697791583648654,0.02868007604369903,0.1675153336938397,0.005609431201421134,True,0.026570989901468528,True,-0.0015920924715995845,0.9453571754127608,False,0.09650561239716979,0.0010219030961526876,True
slopeUV0-500_sma3nz_amean,slopeUV0-500-mean,0.08918912826957504,2.7141157341502375,0.024781155828009813,0.15359710071114024,0.006645294573435461,True,0.029903825580459575,True,0.046752500796644086,0.0663654582204172,False,0.13594162906621912,1.1694980973864233e-05,True
F0semitoneFrom27.5Hz_sma3nz_percentile20.0,F0 semitone-20th percentile [pitch],-0.06224706082971425,-2.464598297285862,-0.11174974829022132,-0.012744373369207182,0.013716693402266134,True,0.05878582886685486,False,0.005572274014807072,0.9318433979170115,False,-0.056674786814907174,0.3950487660721944,False
loudness_sma3_stddevFallingSlope,Loudness-standard deviation [intensity],-0.07687434122938645,-2.4463302157478783,-0.13846607068588354,-0.015282611772889372,0.014431875261101975,True,0.059039489704508084,False,0.0830122841334364,0.005108607074575972,True,0.006137942904049953,0.8438545700515299,False
F1amplitudeLogRelF0_sma3nz_amean,F1-mean [mouth opening],-0.08241548349210566,-2.3882382520643763,-0.15005293444780404,-0.014778032536407276,0.016929362815470687,True,0.06624533275618966,False,0.025354703581905308,0.41682806697608943,False,-0.05706077991020035,0.1583227109491514,False
loudness_sma3_percentile80.0,Loudness-80th percentile [intensity],0.0573783977142095,2.3348117056414335,0.009211061886606017,0.10554573354181299,0.019553259426130766,True,0.06930986297134838,False,0.18544679056966004,0.001861372398428755,True,0.24282518828386954,0.0005824140353591911,True
spectralFlux_sma3_amean,Spectral flux-mean [timbre change],0.06060071989632572,2.325919429712061,0.00953385598027745,0.11166758381237399,0.020022849302833975,True,0.06930986297134838,False,0.22012215711952757,0.0004958655403364871,True,0.2807228770158533,0.00019708389422157246,True
jitterLocal_sma3nz_stddevNorm,Jitter-coefficient of variation [roughness],0.08056061423801936,2.348612702225878,0.01332994493402101,0.1477912835420177,0.01884349558886574,True,0.06930986297134838,False,0.1115626248016568,0.00022098859563401897,True,0.19212323903967615,1.3840324886160715e-08,True
StddevVoicedSegmentLengthSec,Voiced segment duration SD [voicing stability],0.09133171390753561,2.3091434760966205,0.013809394003287456,0.16885403381178377,0.02093562090869061,True,0.06978540302896871,False,0.03522822655615466,0.11935374695855529,False,0.12655994046369026,0.0006520443615458671,True
alphaRatioUV_sma3nz_amean,Alpha ratio-mean [energy distribution],-0.08407384747865916,-2.219476709565392,-0.15831870904805107,-0.009828985909267271,0.026454310007210508,True,0.08503171073746235,False,-0.039245048945714366,0.10518509103326032,False,-0.12331889642437352,0.0008957245032907846,True
mfcc1V_sma3nz_stddevNorm,MFCC coefficient 1-coefficient of variation [vocal tract feature],0.07406580081052784,2.197796345983346,0.008013743778973098,0.14011785784208258,0.02796362196049513,True,0.0867836543601573,False,0.19516050053914205,1.7495482160360468e-07,True,0.2692263013496699,4.3889432088661806e-08,True
Duration,Word duration (articulation lengthening),0.08674888882657772,2.126130390331608,0.006778336280375025,0.1667194413727804,0.03349240411404431,True,0.09419738657074962,False,0.23247220709947786,2.871292621683438e-14,True,0.3192210959260556,8.237854842718662e-14,True
VoicedSegmentsPerSec,VoicedSegmentsPerSec,0.09079823952899733,2.151387984404659,0.0080774328837553,0.17351904617423936,0.03144558878800896,True,0.09419738657074962,False,-0.26004053680470507,2.0060530538420227e-07,True,-0.16924229727570772,8.84586404126253e-10,True
slopeUV500-1500_sma3nz_amean,slopeUV500-1500-mean,-0.07792681334505311,-2.1295182923561544,-0.1496503363148006,-0.00620329037530562,0.03321140310573987,True,0.09419738657074962,False,-0.0415003988467731,0.09580857563521998,False,-0.1194272121918262,0.0013111778768553073,True
mfcc1V_sma3nz_amean,MFCC coefficient 1-mean [vocal tract feature],-0.053307049730628345,-1.911632096163566,-0.10796286853682803,0.0013487690755713405,0.0559233995313742,False,0.14803252817128465,False,-0.10702156822713643,0.016380448515829094,True,-0.16032861795776476,0.000255928504070857,True
MeanUnvoicedSegmentLength,Mean unvoiced segment duration [pause duration],0.10604842365230312,1.9125009530900565,-0.0026338282559533466,0.21473067556055958,0.055811970488253135,False,0.14803252817128465,False,0.012680630773955691,0.552720184312343,False,0.1187290544262588,0.019374916394151898,True
hammarbergIndexV_sma3nz_stddevNorm,hammarbergIndexV-coefficient of variation,0.05562558849562298,1.7589094934322238,-0.006359495932271232,0.11761067292351718,0.07859288244636337,False,0.2020959834335058,False,0.18879385130592755,7.108924344662912e-08,True,0.2444194398015505,1.1160583568425864e-10,True
StddevUnvoicedSegmentLength,Unvoiced segment duration SD [pause stability],0.06362054006623945,1.6496627622201228,-0.011968399313111389,0.13920947944559028,0.09901193045214524,False,0.24513209354977245,False,0.010304755593939402,0.66016650549544,False,0.07392529566017884,0.05089110805208241,False
F0semitoneFrom27.5Hz_sma3nz_stddevFallingSlope,F0 semitone-standard deviation [pitch],0.058933820978546235,1.641100633170199,-0.01145204493560762,0.1293196868927001,0.10077652734823977,False,0.24513209354977245,False,0.08493863033509122,0.00024012725699844054,True,0.14387245131363746,1.0300384211126001e-05,True
mfcc3_sma3_stddevNorm,MFCC coefficient 3-coefficient of variation [vocal tract feature],0.050001591923165126,1.5101863079509292,-0.014893129776687608,0.11489631362301786,0.13099589142830784,False,0.3083995727837964,False,-0.00756660979695305,0.7942944738622157,False,0.04243498212621208,0.22795680383529193,False
mfcc2_sma3_amean,MFCC coefficient 2-mean [vocal tract feature],-0.04213234694292705,-1.4999019034225776,-0.09718888085337929,0.012924186967525196,0.13363981487297846,False,0.3083995727837964,False,-0.0098984384242813,0.8303985819743875,False,-0.05203078536720835,0.2730797819733697,False
logRelF0-H1-A3_sma3nz_amean,logRelF0-H1-A3-mean,-0.04134773975189587,-1.4643776133911648,-0.09668972884857574,0.013994249344783986,0.1430908013503833,False,0.3219543030383624,False,-0.015965888853384173,0.7141422399394446,False,-0.05731362860528005,0.2050862255795869,False
F2frequency_sma3nz_stddevNorm,F2-coefficient of variation [tongue position],-0.04662839326885273,-1.3895233501601385,-0.11240033642937516,0.019143549891669713,0.16467366556221052,False,0.36147877806338896,False,0.057052135414181124,0.017709377638384143,True,0.010423742145328395,0.7178262726062843,False
loudness_sma3_meanRisingSlope,Loudness-rising slope [intensity],0.043529372231970925,1.355799666528457,-0.019398486271726578,0.10645723073566843,0.175162917453198,False,0.36662005978576323,False,0.041838869200457,0.33891722254556855,False,0.08536824143242792,0.08796481992065153,False
F3amplitudeLogRelF0_sma3nz_amean,F3-mean [timbre],-0.04605819575199899,-1.3588874403077185,-0.1124905292891134,0.02037413778511543,0.17418225935854326,False,0.36662005978576323,False,0.03353672144189068,0.3169962758312008,False,-0.012521474310108305,0.7724052982205771,False
mfcc3_sma3_amean,MFCC coefficient 3-mean [vocal tract feature],-0.03949079083313388,-1.3081395480583502,-0.09866028092907114,0.01967869926280339,0.19082598164822928,False,0.39032587155319626,False,-0.05043073050548858,0.16330192813427058,False,-0.08992152133862247,0.014625183869696246,True
F0semitoneFrom27.5Hz_sma3nz_amean,F0 semitone-mean [pitch],-0.026365888725074515,-1.2954259314856984,-0.06625789694037908,0.013526119490230044,0.19517333730364594,False,0.3903466746072919,False,0.07915342819852386,0.2595047102342406,False,0.052787539473449344,0.4572034326234391,False
F1bandwidth_sma3nz_stddevNorm,F1-coefficient of variation [mouth opening],-0.0395509496671994,-1.2469164042299539,-0.10172020262171805,0.02261830328731925,0.21242815114247393,False,0.415620295713536,False,0.08088659049754449,0.007340650706103989,True,0.041335640830345084,0.13756185209382354,False
loudness_sma3_stddevRisingSlope,Loudness-standard deviation [intensity],-0.03697391014325822,-1.2054360222964002,-0.09709229265411952,0.023144472367603072,0.22803502230928618,False,0.4366628086773565,False,0.10484635943827172,0.0023207142485050587,True,0.0678724492950135,0.09526628597119924,False
HNRdBACF_sma3nz_stddevNorm,Harmonics-to-noise ratio-coefficient of variation [voice clarity],-0.04685329497623046,-1.1876290925795547,-0.12417748543871712,0.0304708954862562,0.23497957079744425,False,0.440586695245208,False,0.01057743611403713,0.6387970826878653,False,-0.03627585886219333,0.26624910786538125,False
alphaRatioV_sma3nz_amean,Alpha ratio-mean [energy distribution],0.03487457129457781,1.1622800995913842,-0.0239358305710339,0.0936849731601895,0.24512170741732697,False,0.4502235442359067,False,0.02564404445146096,0.4985637489973873,False,0.06051861574603877,0.10635988669534102,False
alphaRatioV_sma3nz_stddevNorm,Alpha ratio-coefficient of variation [energy distribution],-0.03675554932893092,-1.0977347366337968,-0.102382402775892,0.028871304118030156,0.2723203368605137,False,0.4901766063489247,False,0.004583009329243985,0.8735356855732733,False,-0.03217253999968694,0.3688700706148822,False
mfcc3V_sma3nz_amean,MFCC coefficient 3-mean [vocal tract feature],-0.03223263650293197,-1.0687110136552187,-0.09134680931347636,0.02688153630761242,0.2851999072109942,False,0.5032939539017545,False,-0.03565885049942286,0.3267102202036799,False,-0.06789148700235484,0.06828579752729769,False
equivalentSoundLevel_dBp,equivalentSoundLevel_dBp,0.02238527587378618,1.0532199260115682,-0.019272823853562694,0.06404337560113504,0.2922402080871922,False,0.5050738372172184,False,0.13577545534350782,0.056923671224365924,False,0.15816073121729401,0.029146705122034655,True
shimmerLocaldB_sma3nz_stddevNorm,Shimmer-coefficient of variation [hoarseness],-0.038072481803851255,-1.0419553707083629,-0.10968981440113648,0.03354485079343397,0.2974323708056953,False,0.5050738372172184,False,0.019183198498310742,0.5297862572893883,False,-0.018889283305540513,0.6162405510014888,False
F2bandwidth_sma3nz_amean,F2-mean [tongue position],0.03305719339478165,1.029130678430799,-0.02990089386442428,0.09601528065398758,0.3034182717541034,False,0.5056971195901724,False,0.006296296171437326,0.8346817408398163,False,0.03935348956621898,0.16691475112341392,False
F0semitoneFrom27.5Hz_sma3nz_meanFallingSlope,F0 semitone-falling slope [pitch],0.03610314690040059,1.016087110146565,-0.0335386852005677,0.10574497900136888,0.3095879066164746,False,0.5065983926451403,False,-0.05434758768092752,0.01930404598986852,True,-0.01824444078052693,0.5586311132254542,False
slopeV500-1500_sma3nz_amean,slopeV500-1500-mean,0.030203936419764196,0.9572606886648689,-0.031638899166962046,0.09204677200649045,0.338435691951802,False,0.5439145049225389,False,-0.05804840083997983,0.07039148810067859,False,-0.027844464420215632,0.3964343988259804,False
F1frequency_sma3nz_stddevNorm,F1-coefficient of variation [mouth opening],-0.02798907258736849,-0.9053823889029368,-0.08858068884104345,0.032602543666306466,0.3652628423591342,False,0.5767308037249488,False,0.07656748579558648,0.021214193315992082,True,0.048578413208217985,0.12223180210047646,False
F2amplitudeLogRelF0_sma3nz_amean,F2-mean [tongue position],-0.030340014781456568,-0.8718074394538379,-0.09855052352511774,0.03787049396220461,0.38331343540911245,False,0.5947967101175883,False,-0.01064952789404067,0.7246034510094596,False,-0.04098954267549724,0.30077828393900696,False
slopeV0-500_sma3nz_amean,slopeV0-500-mean,-0.018353625740554505,-0.8519295173868388,-0.060579074815060974,0.023871823333951964,0.39425321279324066,False,0.6014032059557909,False,0.2337151741141301,0.0002424839341004555,True,0.21536154837357557,0.0006995212026579267,True
mfcc2V_sma3nz_amean,MFCC coefficient 2-mean [vocal tract feature],-0.02331394295802288,-0.8271948428369433,-0.07855525471597385,0.031927368799928094,0.4081266342409282,False,0.6121899513613923,False,0.0008057641381475064,0.9860052339966437,False,-0.022508178819875373,0.6346000964179344,False
logRelF0-H1-H2_sma3nz_stddevNorm,logRelF0-H1-H2-coefficient of variation,-0.02992862280957812,-0.7343785738035488,-0.1098058180318683,0.04994857241271207,0.46271804164352903,False,0.6206454065762818,False,0.007792887188146859,0.7289498619520147,False,-0.022135735621431257,0.5187744401759091,False
F1bandwidth_sma3nz_amean,F1-mean [mouth opening],0.028508933062962462,0.7820226441545478,-0.04294361274383592,0.09996147886976084,0.4342012659342612,False,0.6206454065762818,False,-0.014503649167501227,0.6833422515565128,False,0.014005283895461235,0.7637812590117219,False
F0semitoneFrom27.5Hz_sma3nz_percentile50.0,F0 semitone-median [pitch],-0.013553298976118549,-0.7412573836586209,-0.04939033288474315,0.022283734932506054,0.45853739591555187,False,0.6206454065762818,False,0.09859243729211055,0.15135185212985322,False,0.085039138315992,0.22341163086107474,False
hammarbergIndexV_sma3nz_amean,hammarbergIndexV-mean,-0.021804200168048588,-0.7753621375461677,-0.07692197063930864,0.03331357030321146,0.4381257015508414,False,0.6206454065762818,False,-0.04418105425292892,0.3256828998173322,False,-0.06598525442097751,0.13595462381826273,False
mfcc4_sma3_stddevNorm,MFCC coefficient 4-coefficient of variation [vocal tract feature],-0.025937906141093894,-0.7554573352343711,-0.0932326343348073,0.04135682205261951,0.44997462248401265,False,0.6206454065762818,False,0.0076744265815993475,0.774796505698457,False,-0.018263479559494547,0.6017532098376235,False
F0semitoneFrom27.5Hz_sma3nz_percentile80.0,F0 semitone-80th percentile [pitch],0.013198765874362998,0.724217714242884,-0.022521958163430264,0.048919489912156264,0.46893208496874617,False,0.6206454065762818,False,0.16113015057683056,0.01922989555961034,True,0.17432891645119356,0.011630821366507504,True
loudnessPeaksPerSec,loudnessPeaksPerSec,-0.026249771707401563,-0.7700876738938253,-0.09305976528431549,0.04056022186951237,0.44124788720668495,False,0.6206454065762818,False,-0.13312976336948917,0.00017590142200230827,True,-0.15937953507689073,2.7624924570091025e-10,True
slopeV0-500_sma3nz_stddevNorm,slopeV0-500-coefficient of variation,0.026494048271691165,0.7475254849924928,-0.04297292730979846,0.09596102385318078,0.4547464252260629,False,0.6206454065762818,False,-0.0272168493845432,0.35308650788343066,False,-0.0007228011128520354,0.975710254905739,False
F3frequency_sma3nz_stddevNorm,F3-coefficient of variation [timbre],0.02261296477906727,0.680648167027274,-0.042503512593589574,0.08772944215172411,0.49609414119976303,False,0.6470793146083865,False,0.14957296324822855,2.865142641884298e-05,True,0.17218592802729582,6.677430919976857e-06,True
slopeV500-1500_sma3nz_stddevNorm,slopeV500-1500-coefficient of variation,-0.020599130080364306,-0.5940675058141661,-0.08856159993836689,0.04736333977763828,0.5524669632430712,False,0.7103146670268058,False,-0.0008702606320452373,0.971784657425525,False,-0.021469390712409542,0.505494946141964,False
loudness_sma3_amean,Loudness-mean [intensity],0.01349794165812301,0.5797442218093642,-0.03213591661018854,0.05913179992643455,0.562087117142086,False,0.7125047963772921,False,0.1526639967406335,0.013878193550527485,True,0.1661619383987565,0.01898998756379311,True
mfcc3V_sma3nz_stddevNorm,MFCC coefficient 3-coefficient of variation [vocal tract feature],-0.01882355903407512,-0.5434940502378316,-0.08670687015890241,0.04905975209075217,0.5867896862811712,False,0.733487107851464,False,0.019764645811575617,0.43790699186163096,False,0.0009410867775004952,0.9687141926843092,False
F2amplitudeLogRelF0_sma3nz_stddevNorm,F2-coefficient of variation [tongue position],-0.016694432686230956,-0.43384640396557855,-0.09211533687242485,0.058726471499962934,0.6643999818006021,False,0.819123265233619,False,-0.001611107258305245,0.9436264898817996,False,-0.018305539944536202,0.5657279995860081,False
loudness_sma3_percentile50.0,Loudness-median [intensity],-0.01071095091536346,-0.4146312813934997,-0.06134259579164294,0.039920693960916014,0.6784118449300574,False,0.8250954870770968,False,0.1533081047991575,0.008819234828370777,True,0.14259715388379404,0.03916170805443553,True
F2frequency_sma3nz_amean,F2-mean [tongue position],-0.01016262714102082,-0.3280093740432186,-0.07088878551531261,0.05056353123327097,0.742904574932457,False,0.8914854899189484,False,0.07801760646027363,0.05497167311524297,False,0.0678549793192528,0.11268160415325235,False
F3bandwidth_sma3nz_stddevNorm,F3-coefficient of variation [timbre],0.008197391879327963,0.27005362720472825,-0.05129778413362913,0.06769256789228506,0.7871189971360473,False,0.9066898513268403,False,-0.0794578362753523,0.048367396332867664,True,-0.07126044439602433,0.05530423354248848,False
loudness_sma3_meanFallingSlope,Loudness-falling slope [intensity],0.009233265272556976,0.2914616567434476,-0.05285792070509399,0.07132445125020795,0.7706982649571313,False,0.9066898513268403,False,-0.04231829885494216,0.18782019658040305,False,-0.03308503358238519,0.3464886749260594,False
F3frequency_sma3nz_amean,F3-mean [timbre],0.007287168922607491,0.2586928938915801,-0.04792444077200097,0.06249877861721596,0.7958722028313376,False,0.9066898513268403,False,-0.05797931898651185,0.21044483539273262,False,-0.05069215006390436,0.2459365142120562,False
mfcc2V_sma3nz_stddevNorm,MFCC coefficient 2-coefficient of variation [vocal tract feature],0.010067885114222817,0.27262879963174297,-0.06231278358450384,0.08244855381294947,0.7851385713636418,False,0.9066898513268403,False,-0.014296241923231983,0.6179341242319232,False,-0.004228356809009166,0.852613338802414,False
mfcc2_sma3_stddevNorm,MFCC coefficient 2-coefficient of variation [vocal tract feature],-0.007970799033532311,-0.21735594391652407,-0.07984721439267833,0.0639056163256137,0.8279309620878414,False,0.9314223323488217,False,0.013610093777356422,0.6366733038522736,False,0.005639294743824111,0.811762373919465,False
F1amplitudeLogRelF0_sma3nz_stddevNorm,F1-coefficient of variation [mouth opening],0.004857347739060533,0.12382943198341922,-0.07202584082174485,0.08174053629986591,0.9014503278021719,False,0.9690359576315853,False,0.002196985500099196,0.9221976013004086,False,0.007054333239159729,0.8271382766519328,False
F3bandwidth_sma3nz_amean,F3-mean [timbre],0.004042008834189526,0.1316204281957029,-0.05614877935586224,0.0642327970242413,0.8952845267369224,False,0.9690359576315853,False,0.11861350635162508,0.0011705170603980841,True,0.1226555151858146,0.001020116130046933,True
mfcc4_sma3_amean,MFCC coefficient 4-mean [vocal tract feature],0.0038828524596941816,0.1200625980388403,-0.059504005273791065,0.06726971019317943,0.9044335604561463,False,0.9690359576315853,False,0.013027248442089107,0.7505616338808869,False,0.016910100901783288,0.7333524900404178,False
MeanVoicedSegmentLengthSec,Mean voiced segment duration [voicing continuity],-0.0056139014551574865,-0.1300747198051333,-0.09020564125358094,0.07897783834326597,0.8965073108469291,False,0.9690359576315853,False,0.2739261655141092,1.6863225991475656e-13,True,0.2683122640589517,3.7379455086750113e-10,True
mfcc4V_sma3nz_stddevNorm,MFCC coefficient 4-coefficient of variation [vocal tract feature],-0.0034515701734609086,-0.0878600145838103,-0.08044993594917023,0.0735467956022484,0.9299879373948317,False,0.9732431902969167,False,-1.8009104377398824e-05,0.9993678737361841,False,-0.0034695792778383075,0.9157357345219206,False
logRelF0-H1-H2_sma3nz_amean,logRelF0-H1-H2-mean,-0.002771177229720783,-0.08920512474492107,-0.06365901731496185,0.05811666285552028,0.9289188926600507,False,0.9732431902969167,False,-0.06874346714481051,0.0858734520088871,False,-0.0715146443745313,0.09148229983793654,False
F0semitoneFrom27.5Hz_sma3nz_meanRisingSlope,F0 semitone-rising slope [pitch],-0.0017674837095351646,-0.05582371430293844,-0.0638247673200342,0.06028979990096387,0.9554822431160228,False,0.9818900010889761,False,0.03798161499999213,0.1829962811023913,False,0.03621413129045696,0.21625075443577324,False
F2bandwidth_sma3nz_stddevNorm,F2-coefficient of variation [tongue position],0.0015929302471504436,0.05006546105965958,-0.06076829080890704,0.06395415130320793,0.9600702232869988,False,0.9818900010889761,False,0.12557535040426365,2.0196732777756e-05,True,0.12716828065141408,9.327684063342723e-05,True
mfcc4V_sma3nz_amean,MFCC coefficient 4-mean [vocal tract feature],0.001141085261975646,0.036155621380888285,-0.06071726561273744,0.06299943613668874,0.9711582718411862,False,0.982070162536031,False,0.025716568540551155,0.5063254893652823,False,0.0268576538025268,0.5355007029492658,False
F1frequency_sma3nz_amean,F1-mean [mouth opening],-0.00020553109174193705,-0.007576491612040971,-0.05337538337191604,0.05296432118843217,0.9939548921525365,False,0.9939548921525365,False,0.03172588289400236,0.536377690305545,False,0.03152035180226043,0.5002919238615611,False
