Feature,English_Description,Interaction_Coef,Z_Score,HDI_2.5%,HDI_97.5%,Interaction_PValue,Significant_Interaction,Interaction_FDR_PValue,Significant_Interaction_FDR,Dots_Age_Coef,Dots_Age_PValue,Dots_Age_Significant,STT_Age_Coef,STT_Age_PValue,STT_Age_Significant
Gap_Before,Hesitation duration (response latency),0.3286888658132478,9.264861602391289,0.2591540789333566,0.3982236526931391,1.9533047888345036e-20,True,8.789871549755265e-19,True,0.1393565538545267,4.990974885179517e-10,True,0.4680454196677746,0.0,True
loudness_sma3_stddevNorm,Loudness-coefficient of variation [intensity],0.3829153991481999,9.300885425075665,0.3022226319513212,0.4636081663450785,1.3928091503937788e-20,True,8.789871549755265e-19,True,0.078428939304651,0.0522104682242801,False,0.4613443384528509,0.0,True
mfcc1_sma3_stddevNorm,MFCC coefficient 1-coefficient of variation [vocal tract feature],0.3340183515692592,8.457389670454324,0.2566096008098089,0.4114271023287094,2.7342903213156265e-17,True,8.202870963946879e-16,True,0.0877030362428468,0.0103252747486435,True,0.421721387812106,0.0,True
spectralFlux_sma3_stddevNorm,Spectral flux-coefficient of variation [timbre change],0.2776386295904264,8.342500437949688,0.2124097790743604,0.3428674801064925,7.273589890546972e-17,True,1.6365577253730686e-15,True,-0.061410278795747,0.1290678829599734,False,0.2162283507946794,5.278675914155428e-07,True
loudness_sma3_percentile20.0,Loudness-20th percentile [intensity],-0.2879487363102506,-7.724674988127011,-0.3610106481752228,-0.2148868244452783,1.1213909404950842e-14,True,2.0185036928911522e-13,True,0.1614885174878952,0.0175332001386308,True,-0.1264602188223553,0.0363710619325718,True
F1amplitudeLogRelF0_sma3nz_amean,F1-mean [mouth opening],-0.2798255964005601,-7.541282316371759,-0.3525530379597259,-0.2070981548413942,4.6537239604388984e-14,True,5.983359377707154e-13,True,0.1243847516627981,0.0005210737367882,True,-0.1554408447377619,8.379777197675686e-05,True
hammarbergIndexUV_sma3nz_amean,hammarbergIndexUV-mean,0.3330641624625965,7.557673603309099,0.2466876142426707,0.4194407106825224,4.103421593680882e-14,True,5.983359377707154e-13,True,-0.027107701785089,0.2557253108428761,False,0.3059564606775075,2.013944566670034e-13,True
mfcc1V_sma3nz_stddevNorm,MFCC coefficient 1-coefficient of variation [vocal tract feature],0.2615149778771588,7.160761949937709,0.1899346963061885,0.3330952594481291,8.022986412447448e-13,True,9.02585971400338e-12,True,0.1615908456611932,2.3640120181462747e-05,True,0.4231058235383521,0.0,True
F3amplitudeLogRelF0_sma3nz_stddevNorm,F3-coefficient of variation [timbre],-0.2438650672501575,-6.876425163861727,-0.3133743719281543,-0.1743557625721608,6.1373152168986016e-12,True,6.137315216898602e-11,True,-0.0220251779470415,0.3547247435783932,False,-0.2658902451971991,7.771561172376097e-14,True
loudness_sma3_pctlrange0-2,Loudness-percentile range [intensity],0.2290461132670635,6.821696631044913,0.1632369156020129,0.2948553109321141,8.997151052958644e-12,True,8.09743594766278e-11,True,0.1595781105067539,0.0010253878163638,True,0.3886242237738174,7.969576776289955e-09,True
HNRdBACF_sma3nz_amean,Harmonics-to-noise ratio-mean [voice clarity],-0.1696624499254413,-6.807399136571012,-0.2185120024758988,-0.1208128973749837,9.937893710788126e-12,True,8.131003945190285e-11,True,-0.0675484475229314,0.2473078922438135,False,-0.2372108974483727,7.80059828748847e-05,True
MeanUnvoicedSegmentLength,Mean unvoiced segment duration [pause duration],0.2972336436463971,6.786674001039307,0.211392192965589,0.3830750943272052,1.1474809175480938e-11,True,8.606106881610704e-11,True,-0.0738384411895825,0.0015681240946277,True,0.2233952024568145,7.181311545423341e-09,True
alphaRatioUV_sma3nz_amean,Alpha ratio-mean [energy distribution],-0.2872315926343214,-6.542250765208938,-0.3732836168943989,-0.2011795683742439,6.059977630260278e-11,True,4.1953691286417307e-10,True,0.0282361131278233,0.248132917845857,False,-0.2589954795064981,4.530806840818968e-10,True
mfcc1_sma3_amean,MFCC coefficient 1-mean [vocal tract feature],-0.1778257489774407,-6.49990041922794,-0.2314478732433357,-0.1242036247115456,8.037319618949207e-11,True,5.166848326467347e-10,True,-0.0748711090358333,0.0990951796853875,False,-0.2526968580132741,8.560303133009484e-09,True
slopeUV500-1500_sma3nz_amean,slopeUV500-1500-mean,-0.2819164903693725,-6.475600357752143,-0.3672454622943443,-0.1965875184444006,9.443569469613739e-11,True,5.666141681768245e-10,True,0.0474368362402551,0.0598862276672301,False,-0.2344796541291173,2.454381808902894e-09,True
F0semitoneFrom27.5Hz_sma3nz_stddevNorm,F0 semitone-coefficient of variation [pitch],0.2513555163329235,6.21997057876064,0.1721498664388858,0.3305611662269612,4.97248112867583e-10,True,2.797020634880154e-09,True,0.1314768890283517,4.684212883606902e-05,True,0.3828324053612753,0.0,True
jitterLocal_sma3nz_amean,Jitter-mean [roughness],0.2155486815464841,5.844083506558429,0.1432575489237226,0.2878398141692457,5.0936473117049515e-09,True,2.696636812079092e-08,True,0.0819119972962596,0.0040584385620672,True,0.2974606788427438,2.4802382370126e-13,True
spectralFluxUV_sma3nz_amean,Spectral flux-mean [timbre change],0.2753463488238857,5.599274391954352,0.1789626380219494,0.371730059625822,2.1525086230263607e-08,True,1.0762543115131804e-07,True,-0.024891809776104,0.2453971572892344,False,0.2504545390477817,1.6706377392594618e-08,True
F3amplitudeLogRelF0_sma3nz_amean,F3-mean [timbre],-0.1884244555295815,-5.380382845771698,-0.2570649116874945,-0.1197839993716684,7.432759731606343e-08,True,3.520780925497741e-07,True,0.1087817307647418,0.0025497179363075,True,-0.0796427247648396,0.0552412251301299,False
F0semitoneFrom27.5Hz_sma3nz_pctlrange0-2,F0 semitone-percentile range [pitch],0.1688995423708596,4.984472120688177,0.1024846653224191,0.2353144194193001,6.213120316844898e-07,True,2.795904142580204e-06,True,0.1804663460956662,6.753188235298422e-09,True,0.3493658884665258,0.0,True
F2amplitudeLogRelF0_sma3nz_amean,F2-mean [tongue position],-0.1641759099511513,-4.9191601981195765,-0.2295904869407894,-0.0987613329615131,8.691631385726228e-07,True,3.724984879596955e-06,True,0.0581492934442396,0.0804987758358225,False,-0.1060266165069117,0.0037076667799178,True
F0semitoneFrom27.5Hz_sma3nz_stddevFallingSlope,F0 semitone-standard deviation [pitch],0.2115934857325712,4.686120976770284,0.1230931601772394,0.3000938112879031,2.784317226114468e-06,True,1.139038865228646e-05,True,0.0192143907409647,0.3696635302102173,False,0.230807876473536,7.942390967130564e-09,True
StddevVoicedSegmentLengthSec,Voiced segment duration SD [voicing stability],0.1860311673579299,4.63458401841429,0.1073572051268391,0.2647051295890207,3.576559519315334e-06,True,1.39952329016687e-05,True,-0.0088070639999923,0.692584570209023,False,0.1772241033579375,1.4415153752889154e-06,True
jitterLocal_sma3nz_stddevNorm,Jitter-coefficient of variation [roughness],0.1654023847594998,4.301318693595109,0.0900327836622005,0.240771985856799,1.6978466340010305e-05,True,6.366924877503864e-05,True,0.0802428070183009,0.0051002307584515,True,0.2456451917778007,1.1197487381764404e-11,True
hammarbergIndexV_sma3nz_stddevNorm,hammarbergIndexV-coefficient of variation,0.1297177814566724,4.2064402861557735,0.0692754990613049,0.19016006385204,2.5942458922811143e-05,True,9.339285212212011e-05,True,0.1817342181768226,6.15578272855885e-08,True,0.3114519996334951,0.0,True
mfcc1V_sma3nz_amean,MFCC coefficient 1-mean [vocal tract feature],-0.1151016532646332,-4.168275056512647,-0.1692245787769977,-0.0609787277522686,3.069134396071783e-05,True,0.000102304479869,True,-0.0964265371209613,0.0339063526789854,True,-0.2115281903855946,1.2763749350774845e-06,True
loudnessPeaksPerSec,loudnessPeaksPerSec,-0.1484462081675907,-4.16935504506732,-0.2182302790522951,-0.0786621372828863,3.054628199788372e-05,True,0.000102304479869,True,-0.0298788829418622,0.3758518749858197,False,-0.178325091109453,1.4843726625635156e-07,True
spectralFluxV_sma3nz_stddevNorm,Spectral flux-coefficient of variation [timbre change],0.1049453756085578,3.6481967083315263,0.0485632908040228,0.1613274604130928,0.0002640874144817,True,0.0008488524036912,True,-0.1065342128035317,0.0074706396963801,True,-0.0015888371949739,0.9684963708066616,False
shimmerLocaldB_sma3nz_amean,Shimmer-mean [hoarseness],0.1246450510408997,3.3486579269544388,0.0516891668122723,0.197600935269527,0.0008120398641573,True,0.0025201237163504,True,0.1878984877759271,2.497106225104422e-07,True,0.3125435388168268,2.220446049250313e-16,True
slopeUV0-500_sma3nz_amean,slopeUV0-500-mean,0.1065372834717087,3.181440465293736,0.040902525291417,0.1721720416520004,0.0014654463905089,True,0.0043963391715268,True,-0.0005209315582933,0.9850929813261392,False,0.1060163519134154,0.0018708894044707,True
F0semitoneFrom27.5Hz_sma3nz_percentile20.0,F0 semitone-20th percentile [pitch],-0.0705133314314332,-2.961318482937688,-0.1171838028454048,-0.0238428600174616,0.0030632499807854,True,0.0088933063958287,True,0.0464236642483632,0.5043995662679145,False,-0.02408966718307,0.7279108164987842,False
F0semitoneFrom27.5Hz_sma3nz_stddevRisingSlope,F0 semitone-standard deviation [pitch],0.1357696865658958,2.942244047289123,0.045325596479508,0.2262137766522837,0.00325843023672,True,0.0091643350407752,True,-0.0135848189924125,0.5306722748020618,False,0.1221848675734833,0.0028321031942459,True
Duration,Word duration (articulation lengthening),0.1242746030606497,2.7573783245250554,0.0359377144181278,0.2126114917031716,0.0058266893866888,True,0.0158909710546058,True,0.2038635313841157,8.483552224090962e-06,True,0.3281381344447655,3.5020208954961156e-11,True
loudness_sma3_percentile80.0,Loudness-80th percentile [intensity],0.0643151491101318,2.67465075520452,0.0171846248685774,0.1114456733516861,0.007480713425856,True,0.0198018884802071,True,0.192861894815554,0.0013660200658165,True,0.2571770439256858,0.0002581821312259,True
loudness_sma3_meanRisingSlope,Loudness-rising slope [intensity],-0.0642918225716049,-2.35339544928492,-0.1178365731058317,-0.0107470720373781,0.0186028384550791,True,0.0478358703130607,True,0.1048544220717678,0.0214795198935771,True,0.0405625995001629,0.4208802953838466,False
slopeV0-500_sma3nz_amean,slopeV0-500-mean,-0.0509726644359527,-2.318966755504618,-0.0940549647998176,-0.0078903640720877,0.0203968389742069,True,0.0509920974355174,False,0.2480713006616148,0.000131042017624,True,0.1970986362256621,0.0018955047998121,True
hammarbergIndexV_sma3nz_amean,hammarbergIndexV-mean,-0.0677405483145453,-2.2973377930100867,-0.125534171481535,-0.0099469251475555,0.0215995074401267,True,0.0525393424219298,False,-0.0242368938668507,0.6081492586738915,False,-0.091977442181396,0.063961065106346,False
spectralFluxV_sma3nz_amean,Spectral flux-mean [timbre change],0.0559556642657813,2.134840745790614,0.0045826978385759,0.1073286306929867,0.0327740207667183,True,0.0776226807632803,False,0.2451276555175439,0.0001556087569579,True,0.3010833197833253,4.416723880873441e-05,True
loudness_sma3_stddevFallingSlope,Loudness-standard deviation [intensity],-0.0642015249114156,-2.000507628860784,-0.1271030540088243,-0.0012999958140069,0.0454454769691959,True,0.1048741776212214,False,0.0784133903747086,0.005061250718961,True,0.014211865463293,0.6642288599875921,False
alphaRatioV_sma3nz_amean,Alpha ratio-mean [energy distribution],0.0594905816468454,1.980491816932624,0.0006155390786772,0.1183656242150135,0.0476482919432769,True,0.1072086568723731,False,0.0156733684884183,0.6906182432233551,False,0.0751639501352638,0.0407421417900082,True
F0semitoneFrom27.5Hz_sma3nz_meanRisingSlope,F0 semitone-rising slope [pitch],0.0804627034066306,1.951621447404983,-0.0003454363515661,0.1612708431648274,0.0509831649688909,False,0.1119142645658581,False,0.0202978355619126,0.4922706289515246,False,0.1007605389685433,0.0080832815524478,True
logRelF0-H1-A3_sma3nz_stddevNorm,logRelF0-H1-A3-coefficient of variation,0.0622923875645339,1.9039772754116,-0.0018328943929897,0.1264176695220576,0.0569131438291364,False,0.1219567367767209,False,0.0480684763628819,0.0819658174739846,False,0.1103608639274159,0.0016506068184491,True
F0semitoneFrom27.5Hz_sma3nz_amean,F0 semitone-mean [pitch],-0.0334843235526475,-1.8441012774765535,-0.069073081591466,0.0021044344861709,0.0651683817957173,False,0.136398938642199,False,0.1002688099913685,0.1733594118199033,False,0.066784486438721,0.3504374006763473,False
F0semitoneFrom27.5Hz_sma3nz_percentile80.0,F0 semitone-80th percentile [pitch],0.0287327314943504,1.7441686877493834,-0.003555517987754,0.0610209809764549,0.0811296795975771,False,0.1659470719041351,False,0.15423893467824,0.0296737393628592,True,0.1829716661725905,0.008312962272708,True
HNRdBACF_sma3nz_stddevNorm,Harmonics-to-noise ratio-coefficient of variation [voice clarity],0.0596511709802608,1.7164271297915346,-0.0084649133509808,0.1277672553115025,0.0860838946070321,False,0.1721677892140643,False,0.0176436760350077,0.5063660575513571,False,0.0772948470152685,0.0291652071626999,True
logRelF0-H1-A3_sma3nz_amean,logRelF0-H1-A3-mean,-0.0493440417899459,-1.6891309023817642,-0.106600896052645,0.0079128124727531,0.0911943469761221,False,0.1784237223445868,False,-0.0111324523354617,0.8093394163740166,False,-0.0604764941254077,0.2149340493347074,False
slopeV500-1500_sma3nz_amean,slopeV500-1500-mean,0.0497642528462384,1.5836250068257578,-0.0118273077556832,0.1113558134481602,0.1132790797675712,False,0.2169173867889661,False,-0.07727276729665,0.0156112996449472,True,-0.0275085144504115,0.4064053019271356,False
loudness_sma3_percentile50.0,Loudness-median [intensity],-0.0382747322030475,-1.5089749618293933,-0.0879895896497378,0.0114401252436427,0.1313051814432121,False,0.2461972152060227,False,0.206714379838027,0.000875944432993,True,0.1684396476349794,0.0134384148226676,True
F2frequency_sma3nz_amean,F2-mean [tongue position],-0.0435147745706961,-1.441543937963722,-0.1026797822492279,0.0156502331078355,0.1494310736352796,False,0.2558881383506132,False,0.087882512120104,0.0411460974612711,True,0.0443677375494078,0.2938048818132359,False
mfcc3V_sma3nz_stddevNorm,MFCC coefficient 3-coefficient of variation [vocal tract feature],-0.0562315530389361,-1.444780556945598,-0.1325156942024339,0.0200525881245615,0.1485195340485098,False,0.2558881383506132,False,-0.0079946487183894,0.722914610503859,False,-0.0642262017573256,0.0447230721598517,True
loudness_sma3_stddevRisingSlope,Loudness-standard deviation [intensity],-0.0475698967434623,-1.4503249745514744,-0.1118568663904,0.0167170729034752,0.1469679177972717,False,0.2558881383506132,False,0.0701634539793426,0.0347054640358642,True,0.0225935572358802,0.5911006292022938,False
loudness_sma3_amean,Loudness-mean [intensity],-0.0335049491356994,-1.4370996471844502,-0.0792009455369443,0.0121910472655454,0.1506896814731389,False,0.2558881383506132,False,0.2025148442842553,0.0018217932005073,True,0.1690098951485559,0.0153135399313659,True
F3frequency_sma3nz_stddevNorm,F3-coefficient of variation [timbre],0.0449483590813324,1.4619439539072652,-0.0153130370987019,0.1052097552613669,0.1437565688789845,False,0.2558881383506132,False,0.1296513871447018,0.0004774221019038,True,0.1745997462260343,8.768908521528118e-07,True
mfcc3_sma3_amean,MFCC coefficient 3-mean [vocal tract feature],-0.042327626991699,-1.4056902728231233,-0.1013464240252111,0.016691170041813,0.1598161166424242,False,0.2663601944040404,False,-0.0546791141783315,0.1267760130552477,False,-0.0970067411700306,0.0079104034980146,True
shimmerLocaldB_sma3nz_stddevNorm,Shimmer-coefficient of variation [hoarseness],-0.0468141475592558,-1.2956149511829436,-0.1176343624173547,0.0240060672988431,0.195108175512664,False,0.3192679235661774,False,0.0589215456694302,0.0491806149361934,True,0.0121073981101744,0.7513577391601738,False
logRelF0-H1-H2_sma3nz_amean,logRelF0-H1-H2-mean,-0.0393132802150884,-1.2844561574739752,-0.0993028943200248,0.020676333889848,0.1989823944895085,False,0.3197931340009958,False,-0.0430500580800058,0.2927324095261924,False,-0.0823633382950942,0.0580069255583926,False
F2bandwidth_sma3nz_amean,F2-mean [tongue position],0.0400637228132872,1.2600831806188446,-0.0222535098280359,0.1023809554546104,0.2076393570450909,False,0.3278516163869857,False,-0.0130789105786501,0.6633285980368139,False,0.0269848122346371,0.3429081164443894,False
mfcc2_sma3_amean,MFCC coefficient 2-mean [vocal tract feature],-0.0347762016778468,-1.2467817154434753,-0.0894460403868104,0.0198936370311167,0.2124775466357399,False,0.3297065378830446,False,-0.0134472783047786,0.7725444385442517,False,-0.0482234799826254,0.3176238458174363,False
slopeV500-1500_sma3nz_stddevNorm,slopeV500-1500-coefficient of variation,-0.0456774183793592,-1.22652187934336,-0.1186706046659946,0.0273157679072762,0.2200023469535698,False,0.3355968004376488,False,0.0321506758785117,0.1742120760572558,False,-0.0135267425008475,0.6902092694277981,False
mfcc3V_sma3nz_amean,MFCC coefficient 3-mean [vocal tract feature],-0.034982034450357,-1.16203924929938,-0.093985882697341,0.0240218137966269,0.2452195222901385,False,0.3678292834352078,False,-0.0417510078029772,0.2519421564071926,False,-0.0767330422533342,0.0390830602615002,True
F3frequency_sma3nz_amean,F3-mean [timbre],-0.0308429961794894,-1.0825894945528034,-0.0866834350678891,0.0249974427089102,0.2789906723560459,False,0.4116255821646579,False,-0.046106081937852,0.3595703104140623,False,-0.0769490781173414,0.0936599926481145,False
loudness_sma3_meanFallingSlope,Loudness-falling slope [intensity],0.0321471682686032,1.014936181965591,-0.0299340255306325,0.0942283620678391,0.3101362494539424,False,0.4501977814654003,False,-0.1106988633918073,0.004029920803721,True,-0.078551695123204,0.025774153036232,True
F1frequency_sma3nz_amean,F1-mean [mouth opening],-0.0253690046937624,-0.929595144131241,-0.0788581494184195,0.0281201400308946,0.3525807425694215,False,0.5036867750991736,False,0.0320324473806609,0.5498930111636842,False,0.0066634426868984,0.8866783288440192,False
StddevUnvoicedSegmentLength,Unvoiced segment duration SD [pause stability],0.0333754381540458,0.9074884254019174,-0.038709072183326,0.1054599484914178,0.3641485675641356,False,0.5120839231370656,False,0.0042441024756757,0.8518870274665234,False,0.0376195406297216,0.2036300713345502,False
spectralFlux_sma3_amean,Spectral flux-mean [timbre change],0.0230958318622293,0.885257176618831,-0.0280393993966308,0.0742310631210895,0.3760179407798215,False,0.5206402256951376,False,0.258094957193456,0.0001067888796696,True,0.2811907890556853,0.0001261400066527,True
F1amplitudeLogRelF0_sma3nz_stddevNorm,F1-coefficient of variation [mouth opening],-0.0306044463881221,-0.8509804397220473,-0.1010933931614603,0.0398845003852161,0.3947802185544671,False,0.5383366616651825,False,0.0316245633235086,0.2648729440735402,False,0.0010201169353865,0.9649756662116282,False
F2amplitudeLogRelF0_sma3nz_stddevNorm,F2-coefficient of variation [tongue position],0.0283495848597355,0.8358850675364969,-0.0381250878950274,0.0948242576144984,0.4032195637413992,False,0.5416382199511333,False,-0.0434020464441681,0.1190597104787217,False,-0.0150524615844326,0.6733259912902883,False
F3bandwidth_sma3nz_stddevNorm,F3-coefficient of variation [timbre],0.0248914059137955,0.8168263322305993,-0.034836290985753,0.0846191028133441,0.414027681745895,False,0.5479778140754493,False,-0.0759512312886129,0.0580494695909182,False,-0.0510598253748174,0.1451850481841585,False
mfcc2V_sma3nz_amean,MFCC coefficient 2-mean [vocal tract feature],-0.0225386752409913,-0.8041963514531163,-0.0774702891341917,0.032392938652209,0.4212835856122563,False,0.5495003290594648,False,0.0050627412507836,0.9127227486943574,False,-0.0174759339902076,0.7211728150183649,False
mfcc4_sma3_stddevNorm,MFCC coefficient 4-coefficient of variation [vocal tract feature],0.0269169721236399,0.759879917454094,-0.0425114522241076,0.0963453964713875,0.4473263668692603,False,0.5751339002604775,False,-0.0140461192332203,0.6006126337582101,False,0.0128708528904196,0.7274486338845578,False
mfcc3_sma3_stddevNorm,MFCC coefficient 3-coefficient of variation [vocal tract feature],0.0289568997942286,0.7356238818681132,-0.0481960108107911,0.1061098103992484,0.4619596245915074,False,0.5786990164407951,False,0.0006613982826393,0.976655561078752,False,0.0296182980768679,0.3648129046172941,False
mfcc4V_sma3nz_stddevNorm,MFCC coefficient 4-coefficient of variation [vocal tract feature],0.0265768058010875,0.7339828128654399,-0.0443928932941435,0.0975465048963185,0.4629592131526361,False,0.5786990164407951,False,-0.0293183683093258,0.303547662473103,False,-0.0027415625082382,0.906226516609938,False
logRelF0-H1-H2_sma3nz_stddevNorm,logRelF0-H1-H2-coefficient of variation,-0.0224942182660994,-0.6450345206238657,-0.0908450838273922,0.0458566472951934,0.5189048152358158,False,0.639745662619499,False,-0.002254286182403,0.925522947802176,False,-0.0247485044485025,0.3994390378416903,False
F0semitoneFrom27.5Hz_sma3nz_meanFallingSlope,F0 semitone-falling slope [pitch],-0.0177473614471402,-0.5386275815884461,-0.0823278427025047,0.0468331198082241,0.5901438520853448,False,0.7159372626323341,False,-0.0792814549020762,0.0022038472086573,True,-0.0970288163492165,0.0018636807251419,True
F2frequency_sma3nz_stddevNorm,F2-coefficient of variation [tongue position],-0.017497422464117,-0.5229914542450019,-0.0830720083417735,0.0480771634135394,0.6009802002126055,False,0.7159372626323341,False,0.040009494219554,0.0848856860913006,False,0.022512071755437,0.4042701029150644,False
F1bandwidth_sma3nz_stddevNorm,F1-coefficient of variation [mouth opening],0.0162133784173205,0.517840950712375,-0.0451533822728724,0.0775801391075136,0.6045692440006377,False,0.7159372626323341,False,0.030577317299925,0.3418849691589439,False,0.0467906957172456,0.1131664763240123,False
mfcc2V_sma3nz_stddevNorm,MFCC coefficient 2-coefficient of variation [vocal tract feature],-0.0147850361466221,-0.4327484597253312,-0.0817492741378384,0.0521792018445941,0.6651975203027891,False,0.7563606212294373,False,0.0034635994336838,0.8990855079986317,False,-0.0113214367129382,0.7492673654622328,False
mfcc4V_sma3nz_amean,MFCC coefficient 4-mean [vocal tract feature],0.0124822282590676,0.4229653359583941,-0.0453597869319341,0.0703242434500694,0.6723205522039442,False,0.7563606212294373,False,0.0125312289979662,0.7510088078602293,False,0.0250134572570339,0.5290889170538984,False
F1bandwidth_sma3nz_amean,F1-mean [mouth opening],0.0161031203727781,0.4508014194577168,-0.0539102260106742,0.0861164667562305,0.6521326781802137,False,0.7563606212294373,False,-0.0129775210010624,0.7248521810457977,False,0.0031255993717156,0.9470630399339426,False
mfcc4_sma3_amean,MFCC coefficient 4-mean [vocal tract feature],0.0143064431736506,0.4304680844692064,-0.0508334118632938,0.0794462982105951,0.6668551780929299,False,0.7563606212294373,False,-0.0051677008532046,0.898209404352131,False,0.0091387423204459,0.8537205070791738,False
MeanVoicedSegmentLengthSec,Mean voiced segment duration [voicing continuity],0.0159428212149417,0.3780519441237032,-0.0667123008310943,0.0985979432609779,0.7053920065900081,False,0.7742107389402528,False,0.2310520034551056,7.524193171622821e-07,True,0.2469948246700474,2.4789797659074964e-07,True
F1frequency_sma3nz_stddevNorm,F1-coefficient of variation [mouth opening],-0.0140344120150873,-0.3825603680882104,-0.0859379593873247,0.05786913535715,0.702045760405428,False,0.7742107389402528,False,0.0582798518216204,0.0953461327232656,False,0.044245439806533,0.2337767741199021,False
VoicedSegmentsPerSec,VoicedSegmentsPerSec,0.0152285571077125,0.3371538834437184,-0.0733006676671789,0.1037577818826039,0.7360008996994114,False,0.7980732647343015,False,-0.2099566997834052,0.0002309386147126,True,-0.1947281426756927,1.6626462873148284e-08,True
equivalentSoundLevel_dBp,equivalentSoundLevel_dBp,0.0059088073757014,0.2706644815772024,-0.0368794535327451,0.048697068284148,0.7866490969924784,False,0.8428383182062269,False,0.1608922591337966,0.0262430700979537,True,0.166801066509498,0.0227179512486537,True
F3bandwidth_sma3nz_amean,F3-mean [timbre],-0.0074502390617722,-0.2360589740478987,-0.0693096477962636,0.054409169672719,0.8133869083064944,False,0.8612331970304059,False,0.1334539045323076,0.0002840274596901,True,0.1260036654705353,0.0008646170819488,True
F0semitoneFrom27.5Hz_sma3nz_percentile50.0,F0 semitone-median [pitch],0.0031863393890108,0.2126609825318879,-0.0261807082381897,0.0325533870162113,0.8315914020176183,False,0.8702700718789028,False,0.1062670692795128,0.1406021359890142,False,0.1094534086685236,0.1213062816984311,False
F2bandwidth_sma3nz_stddevNorm,F2-coefficient of variation [tongue position],0.0061953732696549,0.1940518651772239,-0.0563803283214314,0.0687710748607413,0.8461352711364316,False,0.875312349451481,False,0.0893652299836687,0.003482145063815,True,0.0955606032533237,0.0043020484647371,True
alphaRatioV_sma3nz_stddevNorm,Alpha ratio-coefficient of variation [energy distribution],0.0059165680600711,0.181241514576489,-0.0580669702856395,0.0699001064057818,0.8561780102300889,False,0.8756366013716819,False,-0.0285406393815895,0.3253735926375488,False,-0.0226240713215184,0.5020825324649913,False
slopeV0-500_sma3nz_stddevNorm,slopeV0-500-coefficient of variation,-0.0042604229923966,-0.1248122132188677,-0.0711643649203735,0.0626435189355803,0.9006722182539249,False,0.9107921308185756,False,-0.0086878297927522,0.7513770349184198,False,-0.0129482527851488,0.7126152804818136,False
mfcc2_sma3_stddevNorm,MFCC coefficient 2-coefficient of variation [vocal tract feature],-0.0033751157417088,-0.1013594599576058,-0.0686401325099133,0.0618899010264956,0.9192651169503429,False,0.9192651169503429,False,-0.0087772340083351,0.7611199132383886,False,-0.0121523497500439,0.7321198952933639,False
