Feature,English_Description,Model,N,Interaction_Coef,Interaction_PValue_Raw,Age_Main_PValue,Task_Main_PValue,Status,FDR_PValue,Significant_FDR,Significant_Raw
Gap_Before,Hesitation duration (response latency),Utterance-level,316,0.4062183563061743,9.870254679967688e-21,0.027202093687013186,3.7425957322798426e-43,ok,8.883229211970918e-19,True,True
loudness_sma3_stddevNorm,Loudness-coefficient of variation [intensity],Utterance-level,316,0.3112736362192168,2.1398411781545616e-07,0.04352070576682743,1.0447488283698042e-18,ok,9.629285301695526e-06,True,True
spectralFlux_sma3_stddevNorm,Spectral flux-coefficient of variation [timbre change],Utterance-level,316,0.2654725773540065,1.1722112544290308e-05,0.3631277917191694,2.814505441679082e-06,ok,0.00035166337632870924,True,True
F3amplitudeLogRelF0_sma3nz_stddevNorm,F3-coefficient of variation [timbre],Utterance-level,316,-0.21945002106140235,2.3265445254149667e-05,0.04080307489475549,2.6538785915705223e-12,ok,0.0005234725182183675,True,True
hammarbergIndexUV_sma3nz_amean,hammarbergIndexUV-mean,Utterance-level,316,0.17576058889034907,7.55163554866635e-05,0.8486239195063014,5.938483863888154e-07,ok,0.001359294398759943,True,True
shimmerLocaldB_sma3nz_amean,Shimmer-mean [hoarseness],Utterance-level,316,0.17071150941250685,0.00033707288514260515,0.036465090868445175,0.5183369708088865,ok,0.0050560932771390775,True,True
F0semitoneFrom27.5Hz_sma3nz_stddevNorm,F0 semitone-coefficient of variation [pitch],Utterance-level,316,0.1750146176815453,0.0006009905337773564,1.0922425465850422e-05,2.8228652485984394e-13,ok,0.007727021148566012,True,True
mfcc1_sma3_stddevNorm,MFCC coefficient 1-coefficient of variation [vocal tract feature],Utterance-level,316,0.17773823203426653,0.002132921311003013,0.03409059484223847,4.0669468690356885e-06,ok,0.020013356790884063,True,True
spectralFluxUV_sma3nz_amean,Spectral flux-mean [timbre change],Utterance-level,316,0.16005095437879527,0.002228202433930396,0.6058199893767893,0.0007782980102510326,ok,0.020013356790884063,True,True
F0semitoneFrom27.5Hz_sma3nz_stddevRisingSlope,F0 semitone-standard deviation [pitch],Utterance-level,316,0.11802620936507771,0.002402060197839195,0.22027553056426802,0.00023374840338446148,ok,0.020013356790884063,True,True
StddevVoicedSegmentLengthSec,StddevVoicedSegmentLengthSec,Utterance-level,316,0.12828462362368231,0.002446076941108052,0.7653110412454747,2.0456153108092195e-06,ok,0.020013356790884063,True,True
alphaRatioUV_sma3nz_amean,Alpha ratio-mean [energy distribution],Utterance-level,316,-0.12987807637370619,0.0030996449681944625,0.9106767988506621,1.5875866762947912e-06,ok,0.02302362046955065,True,True
F1amplitudeLogRelF0_sma3nz_amean,F1-mean [mouth opening],Utterance-level,316,-0.14278499362608238,0.0034983098772239196,0.012047073982678612,0.07156194653789492,ok,0.02302362046955065,True,True
slopeUV500-1500_sma3nz_amean,slopeUV500-1500-mean,Utterance-level,316,-0.13310195373890985,0.0037971382816380035,0.7338808747464878,3.098594162459787e-05,ok,0.02302362046955065,True,True
F0semitoneFrom27.5Hz_sma3nz_pctlrange0-2,F0 semitone-percentile range [pitch],Utterance-level,316,0.13717717433369392,0.0038372700782584412,4.333455179741816e-10,9.477506203462627e-13,ok,0.02302362046955065,True,True
mfcc1V_sma3nz_stddevNorm,MFCC coefficient 1-coefficient of variation [vocal tract feature],Utterance-level,316,0.16667045396340463,0.005049187683944691,0.01134700441525343,2.5675479089693277e-06,ok,0.028401680722188887,True,True
jitterLocal_sma3nz_amean,Jitter-mean [roughness],Utterance-level,316,0.12218460780253923,0.0060502695218443885,0.0016811700796108202,0.0004828421626962083,ok,0.032030838645058526,True,True
MeanUnvoicedSegmentLength,MeanUnvoicedSegmentLength,Utterance-level,316,0.11873328495260485,0.011032421245403696,0.9160290441421741,0.0002769601872980443,ok,0.054008707664115495,False,True
hammarbergIndexV_sma3nz_stddevNorm,hammarbergIndexV-coefficient of variation,Utterance-level,316,0.12069955814668326,0.011401838284646604,0.0002108155318883732,1.6596798114077812e-07,ok,0.054008707664115495,False,True
spectralFluxV_sma3nz_stddevNorm,Spectral flux-coefficient of variation [timbre change],Utterance-level,316,0.13873282469347234,0.016406465375571302,0.06282732856204391,3.1532783298376034e-05,ok,0.07382909419007086,False,True
slopeUV0-500_sma3nz_amean,slopeUV0-500-mean,Utterance-level,316,0.09307899084250579,0.018302387697358004,0.13441007218461115,0.7093537484970736,ok,0.07830702303851184,False,True
F0semitoneFrom27.5Hz_sma3nz_stddevFallingSlope,F0 semitone-standard deviation [pitch],Utterance-level,316,0.09674469026914947,0.019141716742747335,0.06592565136658164,8.43198951349253e-05,ok,0.07830702303851184,False,True
loudness_sma3_percentile20.0,Loudness-20th percentile [intensity],Utterance-level,316,-0.2043282451322897,0.021502253430849952,0.05844014623394407,0.38040912873894117,ok,0.08413925255549982,False,True
F3amplitudeLogRelF0_sma3nz_amean,F3-mean [timbre],Utterance-level,316,-0.1117167051415804,0.02890425858314853,0.006366499263915228,0.9225634210972333,ok,0.10839096968680699,False,True
HNRdBACF_sma3nz_amean,Harmonics-to-noise ratio-mean [voice clarity],Utterance-level,316,-0.17529657381021346,0.032260248028861425,0.5112302097096707,0.24297777526424275,ok,0.11401205066122598,False,True
loudness_sma3_pctlrange0-2,Loudness-percentile range [intensity],Utterance-level,316,0.17434549645216763,0.03293681463546528,0.0022757253614699873,1.7174955230514514e-06,ok,0.11401205066122598,False,True
mfcc1_sma3_amean,MFCC coefficient 1-mean [vocal tract feature],Utterance-level,316,-0.1275733873897347,0.03974290393297681,0.15972199224752048,0.001242920208421586,ok,0.13247634644325604,False,True
Duration,Word duration (articulation lengthening),Utterance-level,316,0.10985230963366777,0.04435198506992938,1.350795672631424e-07,5.505251229757266e-25,ok,0.13966019170538266,False,True
StddevUnvoicedSegmentLength,StddevUnvoicedSegmentLength,Utterance-level,316,0.08091200238808115,0.045001617327289974,0.9743031026668121,0.04142933623739228,ok,0.13966019170538266,False,True
F2amplitudeLogRelF0_sma3nz_amean,F2-mean [tongue position],Utterance-level,316,-0.08494233110952576,0.057842857070454605,0.16519842425018652,0.374590836506565,ok,0.17185752633563897,False,False
jitterLocal_sma3nz_stddevNorm,Jitter-coefficient of variation [roughness],Utterance-level,316,0.08755313384868285,0.05919537018227565,0.0009991231401441465,1.7225631948670646e-13,ok,0.17185752633563897,False,False
VoicedSegmentsPerSec,VoicedSegmentsPerSec,Utterance-level,316,0.0877964563919163,0.1015682025490831,1.9023409184228404e-08,2.1015725328443928e-22,ok,0.2856605696692962,False,False
mfcc1V_sma3nz_amean,MFCC coefficient 1-mean [vocal tract feature],Utterance-level,316,-0.09023627300613413,0.13221363285131632,0.10193289841083349,0.021979451645072756,ok,0.36058263504904453,False,False
HNRdBACF_sma3nz_stddevNorm,Harmonics-to-noise ratio-coefficient of variation [voice clarity],Utterance-level,316,-0.04687404903395055,0.14677216931296594,0.6773845822365354,0.7076173277627639,ok,0.38851456582843924,False,False
mfcc3_sma3_stddevNorm,MFCC coefficient 3-coefficient of variation [vocal tract feature],Utterance-level,316,0.0419401767941412,0.19481399403340743,0.895676235766351,0.17600132217056721,ok,0.5009502703716191,False,False
shimmerLocaldB_sma3nz_stddevNorm,Shimmer-coefficient of variation [hoarseness],Utterance-level,316,-0.05604887501444651,0.2161343724872239,0.24964128349020806,7.807324719883647e-12,ok,0.5360746269900101,False,False
slopeV500-1500_sma3nz_amean,slopeV500-1500-mean,Utterance-level,316,0.05278316393102203,0.22038623554033746,0.007917664721409286,0.8693966469155144,ok,0.5360746269900101,False,False
mfcc4_sma3_stddevNorm,MFCC coefficient 4-coefficient of variation [vocal tract feature],Utterance-level,316,-0.035790098462127065,0.2675446228979308,0.5036199834553793,0.5604736452818144,ok,0.6336583173898361,False,False
F0semitoneFrom27.5Hz_sma3nz_meanRisingSlope,F0 semitone-rising slope [pitch],Utterance-level,316,0.04436983940472117,0.2783582845027112,0.702832097220925,0.14224268326914594,ok,0.6423652719293336,False,False
mfcc2V_sma3nz_stddevNorm,MFCC coefficient 2-coefficient of variation [vocal tract feature],Utterance-level,316,-0.03362155582673843,0.30902783952964324,0.1666283968915215,0.3429191705754647,ok,0.6953126389416974,False,False
alphaRatioV_sma3nz_stddevNorm,Alpha ratio-coefficient of variation [energy distribution],Utterance-level,316,-0.029702663454469893,0.3628480229757505,0.7352923523713865,0.712123051219153,ok,0.7463762209116962,False,False
mfcc3_sma3_amean,MFCC coefficient 3-mean [vocal tract feature],Utterance-level,316,-0.04447058957270744,0.3720235928751008,0.1718040736682094,0.7936703368241893,ok,0.7463762209116962,False,False
slopeV500-1500_sma3nz_stddevNorm,slopeV500-1500-coefficient of variation,Utterance-level,316,-0.028890871868918106,0.37504368646633757,0.40125024917825713,0.35291060393054874,ok,0.7463762209116962,False,False
alphaRatioV_sma3nz_amean,Alpha ratio-mean [energy distribution],Utterance-level,316,0.04426370042840938,0.3750865240520206,0.6310931737544101,0.00440618111487779,ok,0.7463762209116962,False,False
F3frequency_sma3nz_stddevNorm,F3-coefficient of variation [timbre],Utterance-level,316,0.04345489436572689,0.3776904432878867,0.00027731625880319887,0.0018998540629619177,ok,0.7463762209116962,False,False
F2frequency_sma3nz_amean,F2-mean [tongue position],Utterance-level,316,-0.046062185045407364,0.39190708525944973,0.0031788352087237844,0.5469196348057446,ok,0.7463762209116962,False,False
F0semitoneFrom27.5Hz_sma3nz_percentile20.0,F0 semitone-20th percentile [pitch],Utterance-level,316,-0.07916770595979444,0.3960062517208045,0.7393574206032116,0.41185650349220815,ok,0.7463762209116962,False,False
slopeV0-500_sma3nz_amean,slopeV0-500-mean,Utterance-level,316,-0.07464488627537014,0.39816345904797457,7.333021892607324e-06,0.09826027615747976,ok,0.7463762209116962,False,False
spectralFluxV_sma3nz_amean,Spectral flux-mean [timbre change],Utterance-level,316,0.08085720464015955,0.40636038694081233,0.0026777459730456463,0.06128707123264628,ok,0.7463762209116962,False,False
logRelF0-H1-H2_sma3nz_stddevNorm,logRelF0-H1-H2-coefficient of variation,Utterance-level,316,0.022735756051066765,0.4834545274046206,0.2576117696455155,0.43899599119178745,ok,0.8557401298631515,False,False
loudness_sma3_stddevFallingSlope,Loudness-standard deviation [intensity],Utterance-level,316,-0.029139542405072518,0.4849194069224525,0.2196381144548487,0.36211480997357437,ok,0.8557401298631515,False,False
logRelF0-H1-A3_sma3nz_amean,logRelF0-H1-A3-mean,Utterance-level,316,-0.03935616781795444,0.5163303908204229,0.6796592673511297,0.0005940818352839076,ok,0.8702904188885696,False,False
mfcc3V_sma3nz_amean,MFCC coefficient 3-mean [vocal tract feature],Utterance-level,316,-0.031111602874979327,0.5264727784370737,0.28006481421451335,0.9938976649229492,ok,0.8702904188885696,False,False
spectralFlux_sma3_amean,Spectral flux-mean [timbre change],Utterance-level,316,0.05897295813096756,0.5488065329715033,0.0020193663783727857,0.0650089480010154,ok,0.8702904188885696,False,False
F1bandwidth_sma3nz_stddevNorm,F1-coefficient of variation [mouth opening],Utterance-level,316,0.024675153091087372,0.5628129890343508,0.52917221306462,6.956613790529643e-07,ok,0.8702904188885696,False,False
loudness_sma3_percentile80.0,Loudness-80th percentile [intensity],Utterance-level,316,0.052473870969064584,0.5641011483298866,0.003442298908007055,0.002157478451096953,ok,0.8702904188885696,False,False
F2amplitudeLogRelF0_sma3nz_stddevNorm,F2-coefficient of variation [tongue position],Utterance-level,316,-0.0181897142277379,0.5754659526672266,0.9969311000060302,0.36197867167884334,ok,0.8702904188885696,False,False
mfcc2_sma3_amean,MFCC coefficient 2-mean [vocal tract feature],Utterance-level,316,-0.03542214532728799,0.5797804623770306,0.7022283166487833,0.0016867701640083349,ok,0.8702904188885696,False,False
mfcc4_sma3_amean,MFCC coefficient 4-mean [vocal tract feature],Utterance-level,316,0.030971841873580437,0.5861482058590968,0.7490930522535568,0.373715652538976,ok,0.8702904188885696,False,False
F1frequency_sma3nz_stddevNorm,F1-coefficient of variation [mouth opening],Utterance-level,316,0.023792112501956817,0.5885814367952915,0.43407790685878755,3.7661373348239916e-07,ok,0.8702904188885696,False,False
F3bandwidth_sma3nz_amean,F3-mean [timbre],Utterance-level,316,-0.02670490829282955,0.5934166647157268,2.9008296694177426e-05,0.29236920372910485,ok,0.8702904188885696,False,False
mfcc4V_sma3nz_amean,MFCC coefficient 4-mean [vocal tract feature],Utterance-level,316,0.028437377454001038,0.5995333996787924,0.9930009018386841,0.29015884163087813,ok,0.8702904188885696,False,False
F3bandwidth_sma3nz_stddevNorm,F3-coefficient of variation [timbre],Utterance-level,316,-0.024578531435166667,0.6344097208718797,0.164165202633043,0.009942563798433033,ok,0.9062996012455425,False,False
F0semitoneFrom27.5Hz_sma3nz_amean,F0 semitone-mean [pitch],Utterance-level,316,-0.04432277882154299,0.657044010127356,0.17784953195070213,0.7783672493350524,ok,0.9106581928167804,False,False
mfcc2_sma3_stddevNorm,MFCC coefficient 2-coefficient of variation [vocal tract feature],Utterance-level,316,0.014265540277003701,0.6585490538424499,0.20507507010333198,0.13315740983697555,ok,0.9106581928167804,False,False
F0semitoneFrom27.5Hz_sma3nz_meanFallingSlope,F0 semitone-falling slope [pitch],Utterance-level,316,0.014208050454637498,0.7122471626119982,0.22754086041703792,0.3047051865112106,ok,0.9106581928167804,False,False
hammarbergIndexV_sma3nz_amean,hammarbergIndexV-mean,Utterance-level,316,-0.02216102114624518,0.7163970787465408,0.31813069594420623,0.0008912672686988683,ok,0.9106581928167804,False,False
loudness_sma3_meanRisingSlope,Loudness-rising slope [intensity],Utterance-level,316,0.023080838592527353,0.7276257103714636,0.22476561834653092,0.4834351394344568,ok,0.9106581928167804,False,False
slopeV0-500_sma3nz_stddevNorm,slopeV0-500-coefficient of variation,Utterance-level,316,0.011640162098091955,0.7279182271369591,0.38150458726199066,0.9825888166308752,ok,0.9106581928167804,False,False
loudness_sma3_percentile50.0,Loudness-median [intensity],Utterance-level,316,-0.03146021406275781,0.7283884615497815,0.006607124093952508,0.020383488688579088,ok,0.9106581928167804,False,False
F1frequency_sma3nz_amean,F1-mean [mouth opening],Utterance-level,316,-0.024304633116469878,0.7286171534475927,0.26630313233916414,0.24555947181307913,ok,0.9106581928167804,False,False
F2bandwidth_sma3nz_amean,F2-mean [tongue position],Utterance-level,316,0.011182814595905276,0.7526018563811956,0.26456005280974376,0.8203208092858887,ok,0.9106581928167804,False,False
loudness_sma3_meanFallingSlope,Loudness-falling slope [intensity],Utterance-level,316,-0.013910177197995262,0.7551154033092746,0.5293484430041782,0.6418356413191227,ok,0.9106581928167804,False,False
F0semitoneFrom27.5Hz_sma3nz_percentile50.0,F0 semitone-median [pitch],Utterance-level,316,-0.028840664228748494,0.7698853712085965,0.11052819730315862,0.5709328654086904,ok,0.9106581928167804,False,False
F3frequency_sma3nz_amean,F3-mean [timbre],Utterance-level,316,-0.017866084507603186,0.7777912752099428,0.48221396410306283,0.09536059041376557,ok,0.9106581928167804,False,False
F1amplitudeLogRelF0_sma3nz_stddevNorm,F1-coefficient of variation [mouth opening],Utterance-level,316,0.009018911680308028,0.778432917944802,0.9316960109131667,0.0778368851582126,ok,0.9106581928167804,False,False
loudnessPeaksPerSec,loudnessPeaksPerSec,Utterance-level,316,-0.01240790048381249,0.7793798944418017,1.535905730487836e-05,3.103149601100508e-22,ok,0.9106581928167804,False,False
MeanVoicedSegmentLengthSec,MeanVoicedSegmentLengthSec,Utterance-level,316,0.015175362136977566,0.7916718022996725,2.2050996236188276e-09,3.4871838977282015e-23,ok,0.9106581928167804,False,False
F2frequency_sma3nz_stddevNorm,F2-coefficient of variation [tongue position],Utterance-level,316,-0.008289987487493301,0.7993555248058406,0.4190762257052335,0.00024738651168254637,ok,0.9106581928167804,False,False
loudness_sma3_amean,Loudness-mean [intensity],Utterance-level,316,-0.01752891232581391,0.8514551508203728,0.005973533748155453,0.02967016019453764,ok,0.9549025851379004,False,False
loudness_sma3_stddevRisingSlope,Loudness-standard deviation [intensity],Utterance-level,316,-0.008943117648079299,0.8594123266241104,0.02850938929712709,0.00024781499892625477,ok,0.9549025851379004,False,False
F1bandwidth_sma3nz_amean,F1-mean [mouth opening],Utterance-level,316,0.006791336963964913,0.8876187993545901,0.846880882637103,0.6965434752229738,ok,0.9704995839941372,False,False
logRelF0-H1-A3_sma3nz_stddevNorm,logRelF0-H1-A3-coefficient of variation,Utterance-level,316,-0.004193690036516484,0.8950162830168155,0.0014444110363683693,0.10698781055269546,ok,0.9704995839941372,False,False
equivalentSoundLevel_dBp,equivalentSoundLevel_dBp,Utterance-level,316,-0.01166279169777018,0.9081473113082572,0.019253557387348283,0.013792680878041785,ok,0.9707985243546648,False,False
mfcc4V_sma3nz_stddevNorm,MFCC coefficient 4-coefficient of variation [vocal tract feature],Utterance-level,316,-0.0033952276028289268,0.9168652730016279,0.999770374028037,0.31085641571322664,ok,0.9707985243546648,False,False
F2bandwidth_sma3nz_stddevNorm,F2-coefficient of variation [tongue position],Utterance-level,316,-0.0029912282322901718,0.9421354410560654,7.854276149012668e-06,0.00011433021618862691,ok,0.9778057742031234,False,False
F0semitoneFrom27.5Hz_sma3nz_percentile80.0,F0 semitone-80th percentile [pitch],Utterance-level,316,0.0066836439071033815,0.9452122483963527,0.018516295739495946,0.12769272272335963,ok,0.9778057742031234,False,False
mfcc3V_sma3nz_stddevNorm,MFCC coefficient 3-coefficient of variation [vocal tract feature],Utterance-level,316,-0.0017816745614048055,0.9562613589006874,0.8845951358444512,0.7219022564591928,ok,0.9779945716029758,False,False
logRelF0-H1-H2_sma3nz_amean,logRelF0-H1-H2-mean,Utterance-level,316,0.0018811929980337982,0.9715145519519257,0.05035224129811285,0.5872325587541455,ok,0.9782451780906931,False,False
mfcc2V_sma3nz_amean,MFCC coefficient 2-mean [vocal tract feature],Utterance-level,316,-0.0017219516895490804,0.9782451780906931,0.6332642389933605,0.0017818313683094246,ok,0.9782451780906931,False,False
