Analysis,Measure,Column,FDR_Family,Direction,Positive_Group,Negative_Group,Positive_N,Positive_Mean,Positive_SD,Negative_N,Negative_Mean,Negative_SD,Mann_Whitney_U,P_Raw,AUC,AUC_CI_Low_DeLong,AUC_CI_High_DeLong,P_FDR_BH
Drug vs HC: Full sample,Hanzi accuracy Z_dev,Behavior_ZDev__Overall_Accuracy_Hanzi,Traditional Stroop,Lower is worse,Drug,HC,28,-1.5495093192996452,3.9369558725121725,30,-2.054667267213537,3.983327249918246,390.5,0.6516098387634399,0.5351190476190476,0.37984302659607816,0.690395068642017,0.6516098387634399
Drug vs HC: Full sample,Hanzi completion-time Z_dev,Behavior_ZDev__Card_Completion_Time_Hanzi,Traditional Stroop,Higher is worse,Drug,HC,27,-0.35114760423248964,0.9667660706344646,28,-0.06201182227272628,0.8987230170142481,308.0,0.241963398648947,0.4074074074074074,0.25325912865843103,0.5615556861563837,0.3629450979734205
Drug vs HC: Full sample,STT accuracy Z_dev,Behavior_ZDev__Overall_Accuracy_STT,Traditional Stroop,Lower is worse,Drug,HC,28,-1.7376457133942045,2.756223048692967,30,-0.9656830212403337,2.007464680057142,327.0,0.14986926606865938,0.6107142857142858,0.46285848131871926,0.7585700901098522,0.3629450979734205
Drug vs HC: Full sample,STT completion-time Z_dev,Behavior_ZDev__Card_Completion_Time_STT,Traditional Stroop,Higher is worse,Drug,HC,26,-0.08519562970105446,1.1857254022161827,30,-0.3162580745859415,0.9468766582116878,420.0,0.6279248829325761,0.5384615384615384,0.3836794779956978,0.6932435989273791,0.6516098387634399
Drug vs HC: Full sample,Accuracy-interference Z_dev: STT vs Hanzi,Behavior_ZDev__Accuracy_Cost_STT_vs_Hanzi,Traditional Stroop,Higher is worse,Drug,HC,28,0.4965401329464769,3.600712250861845,30,-0.4347419081904143,2.9195553585206198,512.5,0.15211536821702235,0.6101190476190477,0.46049811526376905,0.7597399799743263,0.3629450979734205
Drug vs HC: Full sample,Completion-time-interference Z_dev: STT vs Hanzi,Behavior_ZDev__Completion_Time_Cost_STT_vs_Hanzi,Traditional Stroop,Higher is worse,Drug,HC,25,0.05609764175164455,1.014567672242615,28,-0.31492617848596854,0.8682238481181221,417.0,0.23607352761514078,0.5957142857142858,0.4388014710213964,0.7526271004071752,0.3629450979734205
Drug vs HC: Full sample,Mean |Z_dev|,Mean_Abs_Deviation_Z,Acoustic,Higher is worse,Drug,HC,28,1.206853985357143,0.547507823235262,30,1.0039447344,0.34119025453645907,499.0,0.22189553147773622,0.594047619047619,0.44436158314675084,0.7437336549484872,0.2958607086369816
Drug vs HC: Full sample,RMS Z_dev,RMS_Deviation_Z,Acoustic,Higher is worse,Drug,HC,28,1.5905154600714286,0.7776274430152891,30,1.3292027777666668,0.5388415797107343,503.0,0.1992310304222198,0.5988095238095238,0.450238187658631,0.7473808599604166,0.2958607086369816
Drug vs HC: Full sample,"N_abn,1.96",N_Features_AbsZ_GE_1_96,Acoustic,Higher is worse,Drug,HC,28,3.8214285714285716,3.600962540339905,30,3.066666666666667,3.016430104397024,478.5,0.3620467656123737,0.5696428571428571,0.4208279773303685,0.7184577369553458,0.3620467656123737
Drug vs HC: Full sample,"N_abn,2.58",N_Features_AbsZ_GE_2_58,Acoustic,Higher is worse,Drug,HC,28,2.75,2.9767618499152917,30,1.7,1.967844961653089,504.5,0.17737061033354995,0.6005952380952381,0.45646206764668495,0.7447284085437912,0.2958607086369816
MoCA-CI vs MoCA-CN: Overall: Full sample,Hanzi accuracy Z_dev,Behavior_ZDev__Overall_Accuracy_Hanzi,Traditional Stroop,Lower is worse,MoCA-CI,MoCA-CN,23,-0.7636787916322642,2.3908996603011605,35,-2.498904764264403,4.585058805320807,392.5,0.8799005433028612,0.5124223602484472,0.36070679163584274,0.6641379288610517,1.0
MoCA-CI vs MoCA-CN: Overall: Full sample,Hanzi completion-time Z_dev,Behavior_ZDev__Card_Completion_Time_Hanzi,Traditional Stroop,Higher is worse,MoCA-CI,MoCA-CN,22,-0.14378351823679206,1.0838378199040657,33,-0.24406299808194332,0.8377073741787646,363.0,1.0,0.5,0.3287251444764454,0.6712748555235546,1.0
MoCA-CI vs MoCA-CN: Overall: Full sample,STT accuracy Z_dev,Behavior_ZDev__Overall_Accuracy_STT,Traditional Stroop,Lower is worse,MoCA-CI,MoCA-CN,23,-2.1314798107933024,2.6000763118132837,35,-0.8171581418286227,2.155065299609879,246.0,0.0131101940635618,0.6944099378881987,0.5570260436634574,0.83179383211294,0.0393305821906854
MoCA-CI vs MoCA-CN: Overall: Full sample,STT completion-time Z_dev,Behavior_ZDev__Card_Completion_Time_STT,Traditional Stroop,Higher is worse,MoCA-CI,MoCA-CN,21,0.14653245596576892,1.2354310904001926,35,-0.4222860052881946,0.8931190843755604,469.0,0.08738620732933369,0.638095238095238,0.48470614973657966,0.7914843264538964,0.13107931099400055
MoCA-CI vs MoCA-CN: Overall: Full sample,Accuracy-interference Z_dev: STT vs Hanzi,Behavior_ZDev__Accuracy_Cost_STT_vs_Hanzi,Traditional Stroop,Higher is worse,MoCA-CI,MoCA-CN,23,1.2861180765942175,2.66791724242867,35,-0.8205671224250879,3.393853357447445,579.5,0.005007617240011195,0.7198757763975155,0.5831036438360255,0.8566479089590056,0.03004570344006717
MoCA-CI vs MoCA-CN: Overall: Full sample,Completion-time-interference Z_dev: STT vs Hanzi,Behavior_ZDev__Completion_Time_Cost_STT_vs_Hanzi,Traditional Stroop,Higher is worse,MoCA-CI,MoCA-CN,20,0.19661746229680113,1.1501731494883098,33,-0.34387397575006146,0.7521322110811101,436.0,0.05288469227501695,0.6606060606060606,0.49023268183365787,0.8309794393784634,0.1057693845500339
MoCA-CI vs MoCA-CN: Overall: Full sample,Mean |Z_dev|,Mean_Abs_Deviation_Z,Acoustic,Higher is worse,MoCA-CI,MoCA-CN,23,1.398417117521739,0.5121086254319581,35,0.9070474262571429,0.2943165300990787,655.0,6.186112631717617e-05,0.8136645962732919,0.7025425601701386,0.9247866323764452,0.0002474445052687047
MoCA-CI vs MoCA-CN: Overall: Full sample,RMS Z_dev,RMS_Deviation_Z,Acoustic,Higher is worse,MoCA-CI,MoCA-CN,23,1.8329128566521735,0.7471846269483603,35,1.2072434432000003,0.4856962780296516,623.0,0.00047061095081756286,0.7739130434782608,0.6516497183251291,0.8961763686313926,0.0009412219016351257
MoCA-CI vs MoCA-CN: Overall: Full sample,"N_abn,1.96",N_Features_AbsZ_GE_1_96,Acoustic,Higher is worse,MoCA-CI,MoCA-CN,23,5.217391304347826,3.6798779838854148,35,2.257142857142857,2.4415864796920723,605.5,0.0011510566652709851,0.7521739130434782,0.6252663454263463,0.8790814806606102,0.0015347422203613136
MoCA-CI vs MoCA-CN: Overall: Full sample,"N_abn,2.58",N_Features_AbsZ_GE_2_58,Acoustic,Higher is worse,MoCA-CI,MoCA-CN,23,3.5652173913043477,2.9821603968282906,35,1.3142857142857143,1.728165102601236,588.0,0.0024079396700915365,0.7304347826086957,0.5947437167237712,0.8661258484936201,0.0024079396700915365
MoCA-CI vs MoCA-CN: Drug: Full sample,Hanzi accuracy Z_dev,Behavior_ZDev__Overall_Accuracy_Hanzi,Traditional Stroop,Lower is worse,MoCA-CI,MoCA-CN,15,-0.885798410287409,2.8490959456125164,13,-2.3153295989291496,4.921170101921201,97.5,1.0,0.5,0.2703554413367554,0.7296445586632446,1.0
MoCA-CI vs MoCA-CN: Drug: Full sample,Hanzi completion-time Z_dev,Behavior_ZDev__Card_Completion_Time_Hanzi,Traditional Stroop,Higher is worse,MoCA-CI,MoCA-CN,15,-0.1574333676705492,1.1632940226489548,12,-0.5932903999349152,0.6096597464547809,103.0,0.5419031799870584,0.5722222222222222,0.343930421348837,0.8005140230956074,0.65028381598447
MoCA-CI vs MoCA-CN: Drug: Full sample,STT accuracy Z_dev,Behavior_ZDev__Overall_Accuracy_STT,Traditional Stroop,Lower is worse,MoCA-CI,MoCA-CN,15,-2.316081252241842,2.7417502481950464,13,-1.0702200916469304,2.724307111250097,60.0,0.08778054570714916,0.6923076923076923,0.48118052469839895,0.9034348599169857,0.17556109141429832
MoCA-CI vs MoCA-CN: Drug: Full sample,STT completion-time Z_dev,Behavior_ZDev__Card_Completion_Time_STT,Traditional Stroop,Higher is worse,MoCA-CI,MoCA-CN,13,0.424566011833193,1.2478908233612478,13,-0.594957271235302,0.8993312302991084,122.0,0.0577704316108834,0.7218934911242604,0.5227575377266482,0.9210294445218725,0.17331129483265023
MoCA-CI vs MoCA-CN: Drug: Full sample,Accuracy-interference Z_dev: STT vs Hanzi,Behavior_ZDev__Accuracy_Cost_STT_vs_Hanzi,Traditional Stroop,Higher is worse,MoCA-CI,MoCA-CN,15,1.3641722381459622,3.0583601222702375,13,-0.504573834591391,4.028934733092114,131.0,0.1278441237424289,0.6717948717948717,0.4544200073518202,0.8891697362379233,0.19176618561364336
MoCA-CI vs MoCA-CN: Drug: Full sample,Completion-time-interference Z_dev: STT vs Hanzi,Behavior_ZDev__Completion_Time_Cost_STT_vs_Hanzi,Traditional Stroop,Higher is worse,MoCA-CI,MoCA-CN,13,0.4868132201651524,1.1136390366284017,12,-0.41051090152965575,0.6604164949829561,119.0,0.0276011217404837,0.7628205128205128,0.55903354215739,0.9666074834836356,0.16560673044290222
MoCA-CI vs MoCA-CN: Drug: Full sample,Mean |Z_dev|,Mean_Abs_Deviation_Z,Acoustic,Higher is worse,MoCA-CI,MoCA-CN,15,1.494861821666667,0.5721995407324596,13,0.8745372511538462,0.26299597325107976,170.0,0.0009108581298148211,0.8717948717948718,0.7421563094791352,1.0,0.0036434325192592843
MoCA-CI vs MoCA-CN: Drug: Full sample,RMS Z_dev,RMS_Deviation_Z,Acoustic,Higher is worse,MoCA-CI,MoCA-CN,15,1.976119139866667,0.8198085034251723,13,1.1455881372307692,0.41972004255633133,165.0,0.002026110403809049,0.8461538461538461,0.6982300880583087,0.9940776042493836,0.004052220807618098
MoCA-CI vs MoCA-CN: Drug: Full sample,"N_abn,1.96",N_Features_AbsZ_GE_1_96,Acoustic,Higher is worse,MoCA-CI,MoCA-CN,15,5.466666666666667,3.8520248231411025,13,1.9230769230769231,2.139374459257443,158.0,0.0051574443000657055,0.8102564102564103,0.6532532505123829,0.9672595700004376,0.00606810545085134
MoCA-CI vs MoCA-CN: Drug: Full sample,"N_abn,2.58",N_Features_AbsZ_GE_2_58,Acoustic,Higher is worse,MoCA-CI,MoCA-CN,15,4.133333333333334,3.181793444554427,13,1.1538461538461537,1.7246329970051526,156.5,0.00606810545085134,0.8025641025641026,0.6366702408286766,0.9684579642995286,0.00606810545085134
MoCA-CI vs MoCA-CN: HC: Full sample,Hanzi accuracy Z_dev,Behavior_ZDev__Overall_Accuracy_Hanzi,Traditional Stroop,Lower is worse,MoCA-CI,MoCA-CN,8,-0.5347045066538676,1.2803362492041412,22,-2.607380998326144,4.490529867901787,91.0,0.9066143808562478,0.48295454545454547,0.2556906155457028,0.7102184753633881,0.9154937903317756
MoCA-CI vs MoCA-CN: HC: Full sample,Hanzi completion-time Z_dev,Behavior_ZDev__Card_Completion_Time_Hanzi,Traditional Stroop,Higher is worse,MoCA-CI,MoCA-CN,7,-0.1145338408787411,0.9759155933352222,21,-0.04450448273738799,0.8963193794835157,69.0,0.8319328739307879,0.46938775510204084,0.17895281319976097,0.7598226970043207,0.9154937903317756
MoCA-CI vs MoCA-CN: HC: Full sample,STT accuracy Z_dev,Behavior_ZDev__Overall_Accuracy_STT,Traditional Stroop,Lower is worse,MoCA-CI,MoCA-CN,8,-1.7853521080772894,2.4500264661951596,22,-0.6676215351178042,1.7931052797377858,57.0,0.15242363473394974,0.6761363636363636,0.4429091805076043,0.909363546765123,0.45727090420184924
MoCA-CI vs MoCA-CN: HC: Full sample,STT completion-time Z_dev,Behavior_ZDev__Card_Completion_Time_STT,Traditional Stroop,Higher is worse,MoCA-CI,MoCA-CN,8,-0.30527207231879533,1.1464895668033435,22,-0.3202529845012674,0.8943819850790778,95.0,0.7604907704405943,0.5397727272727273,0.27806452871052384,0.8014809258349307,0.9154937903317756
MoCA-CI vs MoCA-CN: HC: Full sample,Accuracy-interference Z_dev: STT vs Hanzi,Behavior_ZDev__Accuracy_Cost_STT_vs_Hanzi,Traditional Stroop,Higher is worse,MoCA-CI,MoCA-CN,8,1.1397665236846959,1.9040761971028446,22,-1.0072904288722726,3.0454281417496545,131.0,0.046219556074627105,0.7443181818181818,0.5475243500228633,0.9411120136135003,0.27731733644776263
MoCA-CI vs MoCA-CN: HC: Full sample,Completion-time-interference Z_dev: STT vs Hanzi,Behavior_ZDev__Completion_Time_Cost_STT_vs_Hanzi,Traditional Stroop,Higher is worse,MoCA-CI,MoCA-CN,7,-0.34231751660156556,1.0897118474301803,21,-0.3057957324474363,0.8130531174394897,76.0,0.9154937903317756,0.5170068027210885,0.22133473387095648,0.8126788715712204,0.9154937903317756
MoCA-CI vs MoCA-CN: HC: Full sample,Mean |Z_dev|,Mean_Abs_Deviation_Z,Acoustic,Higher is worse,MoCA-CI,MoCA-CN,8,1.21758329725,0.3348160033555896,22,0.9262579842727273,0.31572245509817176,130.0,0.051623148961673956,0.7386363636363636,0.5290825994620261,0.9481901278107012,0.20649259584669583
MoCA-CI vs MoCA-CN: HC: Full sample,RMS Z_dev,RMS_Deviation_Z,Acoustic,Higher is worse,MoCA-CI,MoCA-CN,8,1.564401075625,0.5330041692057943,22,1.243676124,0.5268067044250648,117.0,0.18135640982143697,0.6647727272727273,0.4415992531129702,0.8879462014324844,0.24180854642858263
MoCA-CI vs MoCA-CN: HC: Full sample,"N_abn,1.96",N_Features_AbsZ_GE_1_96,Acoustic,Higher is worse,MoCA-CI,MoCA-CN,8,4.75,3.5355339059327378,22,2.4545454545454546,2.6318067798390756,122.5,0.10540160961333452,0.6960227272727273,0.46456838746375656,0.9274770670816981,0.21080321922666903
MoCA-CI vs MoCA-CN: HC: Full sample,"N_abn,2.58",N_Features_AbsZ_GE_2_58,Acoustic,Higher is worse,MoCA-CI,MoCA-CN,8,2.5,2.390457218668787,22,1.4090909090909092,1.7636296692870672,110.5,0.2746715864655188,0.6278409090909091,0.38145732343893296,0.8742244947428852,0.2746715864655188
Drug vs HC: Complete 12 items in Hanzi and STT,Hanzi accuracy Z_dev,Behavior_ZDev__Overall_Accuracy_Hanzi,Traditional Stroop,Lower is worse,Drug,HC,25,-1.2115762925791735,3.6036486202374354,28,-1.699555916218539,3.6766285701746044,315.0,0.538440963750435,0.55,0.38764752167481537,0.7123524783251847,0.5991565833360654
Drug vs HC: Complete 12 items in Hanzi and STT,Hanzi completion-time Z_dev,Behavior_ZDev__Card_Completion_Time_Hanzi,Traditional Stroop,Higher is worse,Drug,HC,25,-0.3602216865713009,1.0041953213061765,28,-0.06201182227272628,0.8987230170142481,280.0,0.21560098129374972,0.4,0.24309690048312238,0.5569030995168777,0.35411029142271117
Drug vs HC: Complete 12 items in Hanzi and STT,STT accuracy Z_dev,Behavior_ZDev__Overall_Accuracy_STT,Traditional Stroop,Lower is worse,Drug,HC,25,-1.5063057307101855,2.5813123974944006,28,-0.9816144200945277,2.0600497317811493,277.5,0.19930756055737098,0.6035714285714285,0.44722796702090983,0.7599148901219472,0.35411029142271117
Drug vs HC: Complete 12 items in Hanzi and STT,STT completion-time Z_dev,Behavior_ZDev__Card_Completion_Time_STT,Traditional Stroop,Higher is worse,Drug,HC,25,-0.11911434090028837,1.197233040987933,28,-0.3670394761378043,0.9602925060150197,380.0,0.5991565833360654,0.5428571428571428,0.38415771012113,0.7015565755931557,0.5991565833360654
Drug vs HC: Complete 12 items in Hanzi and STT,Accuracy-interference Z_dev: STT vs Hanzi,Behavior_ZDev__Accuracy_Cost_STT_vs_Hanzi,Traditional Stroop,Higher is worse,Drug,HC,25,0.5088186510303969,3.29773645429769,28,-0.21028003709851964,2.7236167317710724,420.5,0.2120958974139876,0.6007142857142858,0.4426357370447322,0.7587928343838393,0.35411029142271117
Drug vs HC: Complete 12 items in Hanzi and STT,Completion-time-interference Z_dev: STT vs Hanzi,Behavior_ZDev__Completion_Time_Cost_STT_vs_Hanzi,Traditional Stroop,Higher is worse,Drug,HC,25,0.05609764175164455,1.014567672242615,28,-0.31492617848596854,0.8682238481181221,417.0,0.23607352761514078,0.5957142857142858,0.4388014710213964,0.7526271004071752,0.35411029142271117
Drug vs HC: Complete 12 items in Hanzi and STT,Mean |Z_dev|,Mean_Abs_Deviation_Z,Acoustic,Higher is worse,Drug,HC,25,1.11540825032,0.4161990809010787,28,1.0129025172500001,0.34037323858201707,396.0,0.4175423194832435,0.5657142857142857,0.40691151307871676,0.7245170583498547,0.5567230926443246
Drug vs HC: Complete 12 items in Hanzi and STT,RMS Z_dev,RMS_Deviation_Z,Acoustic,Higher is worse,Drug,HC,25,1.45843600636,0.5732672560848616,28,1.3443282719642855,0.5405413867980624,401.0,0.36823759824669566,0.5728571428571428,0.4152424945018018,0.7304717912124838,0.5567230926443246
Drug vs HC: Complete 12 items in Hanzi and STT,"N_abn,1.96",N_Features_AbsZ_GE_1_96,Acoustic,Higher is worse,Drug,HC,25,3.4,3.214550253664318,28,3.107142857142857,3.0470299529856173,380.0,0.595287363878412,0.5428571428571428,0.38586506786107166,0.699849217853214,0.595287363878412
Drug vs HC: Complete 12 items in Hanzi and STT,"N_abn,2.58",N_Features_AbsZ_GE_2_58,Acoustic,Higher is worse,Drug,HC,25,2.36,2.4979991993593593,28,1.75,2.0115407766924083,405.5,0.3118689414739978,0.5792857142857143,0.4261412004020598,0.7324302281693688,0.5567230926443246
MoCA-CI vs MoCA-CN: Overall: Complete 12 items in Hanzi and STT,Hanzi accuracy Z_dev,Behavior_ZDev__Overall_Accuracy_Hanzi,Traditional Stroop,Lower is worse,MoCA-CI,MoCA-CN,20,-0.6804021986031,2.519220091033057,33,-1.9475433029253464,4.104925399887351,309.0,0.7065815673033282,0.5318181818181819,0.3717805418648961,0.6918558217714676,0.8478978807639939
MoCA-CI vs MoCA-CN: Overall: Complete 12 items in Hanzi and STT,Hanzi completion-time Z_dev,Behavior_ZDev__Card_Completion_Time_Hanzi,Traditional Stroop,Higher is worse,MoCA-CI,MoCA-CN,20,-0.13438971256073634,1.1373656994660335,33,-0.24406299808194332,0.8377073741787646,325.0,0.9341916414436111,0.49242424242424243,0.30967404964306133,0.6751744352054235,0.9341916414436111
MoCA-CI vs MoCA-CN: Overall: Complete 12 items in Hanzi and STT,STT accuracy Z_dev,Behavior_ZDev__Overall_Accuracy_STT,Traditional Stroop,Lower is worse,MoCA-CI,MoCA-CN,20,-1.7915713306654717,2.4386059285356123,33,-0.8882248611239998,2.200737301730956,222.0,0.048427843554957856,0.6636363636363637,0.5154861839972285,0.8117865432754989,0.1057693845500339
MoCA-CI vs MoCA-CN: Overall: Complete 12 items in Hanzi and STT,STT completion-time Z_dev,Behavior_ZDev__Card_Completion_Time_STT,Traditional Stroop,Higher is worse,MoCA-CI,MoCA-CN,20,0.12922020326066314,1.2649093927022994,33,-0.4799808460478482,0.8854644198817708,429.0,0.07069751674614026,0.65,0.4928391430411646,0.8071608569588354,0.1060462751192104
MoCA-CI vs MoCA-CN: Overall: Complete 12 items in Hanzi and STT,Accuracy-interference Z_dev: STT vs Hanzi,Behavior_ZDev__Accuracy_Cost_STT_vs_Hanzi,Traditional Stroop,Higher is worse,MoCA-CI,MoCA-CN,20,1.0580906322508574,2.6652742092843207,33,-0.43421780024290224,3.0893835976728914,447.5,0.031720211271666736,0.678030303030303,0.5251965135002916,0.8308640925603143,0.1057693845500339
MoCA-CI vs MoCA-CN: Overall: Complete 12 items in Hanzi and STT,Completion-time-interference Z_dev: STT vs Hanzi,Behavior_ZDev__Completion_Time_Cost_STT_vs_Hanzi,Traditional Stroop,Higher is worse,MoCA-CI,MoCA-CN,20,0.19661746229680113,1.1501731494883098,33,-0.34387397575006146,0.7521322110811101,436.0,0.05288469227501695,0.6606060606060606,0.49023268183365787,0.8309794393784634,0.1057693845500339
MoCA-CI vs MoCA-CN: Overall: Complete 12 items in Hanzi and STT,Mean |Z_dev|,Mean_Abs_Deviation_Z,Acoustic,Higher is worse,MoCA-CI,MoCA-CN,20,1.293483311,0.3898079762679937,33,0.9205094097272727,0.29605698666484975,518.0,0.0005806151916939754,0.7848484848484848,0.6586650032095067,0.9110319664874629,0.0023224607667759016
MoCA-CI vs MoCA-CN: Overall: Complete 12 items in Hanzi and STT,RMS Z_dev,RMS_Deviation_Z,Acoustic,Higher is worse,MoCA-CI,MoCA-CN,20,1.6743751292,0.5550001614845559,33,1.2307451269696972,0.48877791391206826,486.0,0.004326352026209742,0.7363636363636363,0.5983701468945107,0.8743571258327619,0.008652704052419484
MoCA-CI vs MoCA-CN: Overall: Complete 12 items in Hanzi and STT,"N_abn,1.96",N_Features_AbsZ_GE_1_96,Acoustic,Higher is worse,MoCA-CI,MoCA-CN,20,4.7,3.525844430397975,33,2.3636363636363638,2.4725768670834816,469.0,0.0102183562542521,0.7106060606060606,0.5681600025832493,0.8530521186288719,0.013624475005669467
MoCA-CI vs MoCA-CN: Overall: Complete 12 items in Hanzi and STT,"N_abn,2.58",N_Features_AbsZ_GE_2_58,Acoustic,Higher is worse,MoCA-CI,MoCA-CN,20,3.1,2.6137289353275373,33,1.393939393939394,1.7489174140628025,457.5,0.016175766437253984,0.6931818181818182,0.5417718412546966,0.8445917951089399,0.016175766437253984
MoCA-CI vs MoCA-CN: Drug: Complete 12 items in Hanzi and STT,Hanzi accuracy Z_dev,Behavior_ZDev__Overall_Accuracy_Hanzi,Traditional Stroop,Lower is worse,MoCA-CI,MoCA-CN,13,-0.9048537376104926,3.046225438023989,12,-1.5438590604619113,4.240164689723313,70.5,0.7025156771820558,0.5480769230769231,0.30640231457329875,0.7897515315805475,0.7236736098317631
MoCA-CI vs MoCA-CN: Drug: Complete 12 items in Hanzi and STT,Hanzi completion-time Z_dev,Behavior_ZDev__Card_Completion_Time_Hanzi,Traditional Stroop,Higher is worse,MoCA-CI,MoCA-CN,13,-0.14508133577411841,1.2536513553833581,12,-0.5932903999349152,0.6096597464547809,85.0,0.7236736098317631,0.5448717948717948,0.29519373008481326,0.7945498596587763,0.7236736098317631
MoCA-CI vs MoCA-CN: Drug: Complete 12 items in Hanzi and STT,STT accuracy Z_dev,Behavior_ZDev__Overall_Accuracy_STT,Traditional Stroop,Lower is worse,MoCA-CI,MoCA-CN,13,-1.7949884243308296,2.431911765541392,12,-1.193566145954488,2.807275741471991,54.0,0.20012640949115423,0.6538461538461539,0.4206915058531874,0.8870008018391203,0.40025281898230847
MoCA-CI vs MoCA-CN: Drug: Complete 12 items in Hanzi and STT,STT completion-time Z_dev,Behavior_ZDev__Card_Completion_Time_STT,Traditional Stroop,Higher is worse,MoCA-CI,MoCA-CN,13,0.424566011833193,1.2478908233612478,12,-0.7081013896948932,0.8371223252061469,119.0,0.0276011217404837,0.7628205128205128,0.5736404459439872,0.9520005796970383,0.08280336522145111
MoCA-CI vs MoCA-CN: Drug: Complete 12 items in Hanzi and STT,Accuracy-interference Z_dev: STT vs Hanzi,Behavior_ZDev__Accuracy_Cost_STT_vs_Hanzi,Traditional Stroop,Higher is worse,MoCA-CI,MoCA-CN,13,0.9272323666367045,3.033332945027859,12,0.05553712579023068,3.6412634181459995,96.0,0.340043766617137,0.6153846153846154,0.376404445200734,0.8543647855684968,0.5100656499257055
MoCA-CI vs MoCA-CN: Drug: Complete 12 items in Hanzi and STT,Completion-time-interference Z_dev: STT vs Hanzi,Behavior_ZDev__Completion_Time_Cost_STT_vs_Hanzi,Traditional Stroop,Higher is worse,MoCA-CI,MoCA-CN,13,0.4868132201651524,1.1136390366284017,12,-0.41051090152965575,0.6604164949829561,119.0,0.0276011217404837,0.7628205128205128,0.55903354215739,0.9666074834836356,0.08280336522145111
MoCA-CI vs MoCA-CN: Drug: Complete 12 items in Hanzi and STT,Mean |Z_dev|,Mean_Abs_Deviation_Z,Acoustic,Higher is worse,MoCA-CI,MoCA-CN,13,1.333443270923077,0.41263307443408387,12,0.8792036446666667,0.27412764905197967,131.0,0.004295240902996671,0.8397435897435898,0.6825772136124153,0.9969099658747642,0.017180963611986684
MoCA-CI vs MoCA-CN: Drug: Complete 12 items in Hanzi and STT,RMS Z_dev,RMS_Deviation_Z,Acoustic,Higher is worse,MoCA-CI,MoCA-CN,13,1.7350883675384619,0.5573258039103782,12,1.1587292817500001,0.4355810517953853,126.0,0.009775828400024717,0.8076923076923077,0.62905918383138,0.9863254315532354,0.019551656800049434
MoCA-CI vs MoCA-CN: Drug: Complete 12 items in Hanzi and STT,"N_abn,1.96",N_Features_AbsZ_GE_1_96,Acoustic,Higher is worse,MoCA-CI,MoCA-CN,13,4.6923076923076925,3.520999275409738,12,2.0,2.215646837627989,120.0,0.022119075505261144,0.7692307692307693,0.5844783475756145,0.9539831908859241,0.02647008301543286
MoCA-CI vs MoCA-CN: Drug: Complete 12 items in Hanzi and STT,"N_abn,2.58",N_Features_AbsZ_GE_2_58,Acoustic,Higher is worse,MoCA-CI,MoCA-CN,13,3.3846153846153846,2.6937724952954465,12,1.25,1.764549903980152,118.5,0.02647008301543286,0.7596153846153846,0.5653026206406615,0.9539281485901077,0.02647008301543286
MoCA-CI vs MoCA-CN: HC: Complete 12 items in Hanzi and STT,Hanzi accuracy Z_dev,Behavior_ZDev__Overall_Accuracy_Hanzi,Traditional Stroop,Lower is worse,MoCA-CI,MoCA-CN,7,-0.26356362616080015,1.1073883134811517,21,-2.178220012904452,4.113218085844274,77.0,0.8734510787471665,0.47619047619047616,0.2328966236498561,0.7194843287310962,0.9154937903317756
MoCA-CI vs MoCA-CN: HC: Complete 12 items in Hanzi and STT,Hanzi completion-time Z_dev,Behavior_ZDev__Card_Completion_Time_Hanzi,Traditional Stroop,Higher is worse,MoCA-CI,MoCA-CN,7,-0.1145338408787411,0.9759155933352222,21,-0.04450448273738799,0.8963193794835157,69.0,0.8319328739307879,0.46938775510204084,0.17895281319976097,0.7598226970043207,0.9154937903317756
MoCA-CI vs MoCA-CN: HC: Complete 12 items in Hanzi and STT,STT accuracy Z_dev,Behavior_ZDev__Overall_Accuracy_STT,Traditional Stroop,Lower is worse,MoCA-CI,MoCA-CN,7,-1.7852252995726636,2.6463310102509525,21,-0.7137441269351493,1.8239647453117804,48.5,0.19346346347138677,0.6700680272108843,0.4126784060379007,0.9274576483838679,0.5803903904141603
MoCA-CI vs MoCA-CN: HC: Complete 12 items in Hanzi and STT,STT completion-time Z_dev,Behavior_ZDev__Card_Completion_Time_STT,Traditional Stroop,Higher is worse,MoCA-CI,MoCA-CN,7,-0.4192791555168925,1.18836034423062,21,-0.34962624967810824,0.9055300507771951,76.0,0.9154937903317756,0.5170068027210885,0.23226913596046078,0.8017444694817162,0.9154937903317756
MoCA-CI vs MoCA-CN: HC: Complete 12 items in Hanzi and STT,Accuracy-interference Z_dev: STT vs Hanzi,Behavior_ZDev__Accuracy_Cost_STT_vs_Hanzi,Traditional Stroop,Higher is worse,MoCA-CI,MoCA-CN,7,1.301113125534285,1.9966935376026231,21,-0.7140777579761208,2.784308246090603,107.0,0.07993189171312456,0.7278911564625851,0.5059709897071192,0.949811323218051,0.4795913502787474
MoCA-CI vs MoCA-CN: HC: Complete 12 items in Hanzi and STT,Completion-time-interference Z_dev: STT vs Hanzi,Behavior_ZDev__Completion_Time_Cost_STT_vs_Hanzi,Traditional Stroop,Higher is worse,MoCA-CI,MoCA-CN,7,-0.34231751660156556,1.0897118474301803,21,-0.3057957324474363,0.8130531174394897,76.0,0.9154937903317756,0.5170068027210885,0.22133473387095648,0.8126788715712204,0.9154937903317756
MoCA-CI vs MoCA-CN: HC: Complete 12 items in Hanzi and STT,Mean |Z_dev|,Mean_Abs_Deviation_Z,Acoustic,Higher is worse,MoCA-CI,MoCA-CN,7,1.2192719568571426,0.3616058177836788,21,0.9441127040476192,0.311930488353633,107.0,0.07997317109034316,0.7278911564625851,0.4886993669654618,0.9670829459597083,0.31989268436137264
MoCA-CI vs MoCA-CN: HC: Complete 12 items in Hanzi and STT,RMS Z_dev,RMS_Deviation_Z,Acoustic,Higher is worse,MoCA-CI,MoCA-CN,7,1.5616219722857143,0.5756476931067255,21,1.2718970385238095,0.5224981020405889,94.0,0.2886370882670374,0.6394557823129252,0.38752273571828627,0.8913888289075642,0.36901761312684567
MoCA-CI vs MoCA-CN: HC: Complete 12 items in Hanzi and STT,"N_abn,1.96",N_Features_AbsZ_GE_1_96,Acoustic,Higher is worse,MoCA-CI,MoCA-CN,7,4.714285714285714,3.8172540616821107,21,2.5714285714285716,2.6376396374681015,98.5,0.1876184312802035,0.6700680272108843,0.40564338145170703,0.9344926729700616,0.36901761312684567
MoCA-CI vs MoCA-CN: HC: Complete 12 items in Hanzi and STT,"N_abn,2.58",N_Features_AbsZ_GE_2_58,Acoustic,Higher is worse,MoCA-CI,MoCA-CN,7,2.5714285714285716,2.5727509827124,21,1.4761904761904763,1.7781745588959377,90.0,0.36901761312684567,0.6122448979591837,0.33298644764221663,0.8915033482761507,0.36901761312684567
