Subject_ID,Task,Valid_Item_Count,Correct_Item_Count,Overall_Accuracy,Card_Completion_Time,Completion_Time_Was_Missing,Card_Completion_Time_Imputed,Accuracy_Z,Completion_Time_Z
xxxxxxxx001,CW,12,12,1.0,10.7017,False,10.7017,0.43493459490912884,-0.5539594641562312
xxxxxxxx001,W,12,12,1.0,6.4205,False,6.4205,0.23849196668686676,-0.6102261693961383
xxxxxxxx002,CW,12,12,1.0,11.45,False,11.45,0.43493459490912884,-0.4228987241644897
xxxxxxxx002,W,12,12,1.0,6.0104,False,6.0104,0.23849196668686676,-0.8122114482437637
xxxxxxxx003,CW,12,12,1.0,8.4279,False,8.4279,0.43493459490912884,-0.9522033644545373
xxxxxxxx003,W,12,12,1.0,7.6876,False,7.6876,0.23849196668686676,0.013854656811679852
xxxxxxxx004,CW,12,12,1.0,14.971,False,14.971,0.43493459490912884,0.19378558094164788
xxxxxxxx004,W,12,12,1.0,12.2632,False,12.2632,0.23849196668686676,2.2674607087385144
xxxxxxxx005,CW,12,12,1.0,12.0756,False,12.0756,0.43493459490912884,-0.31332823246485897
xxxxxxxx005,W,12,12,1.0,5.73,False,5.73,0.23849196668686676,-0.9503159890603304
xxxxxxxx006,CW,12,12,1.0,8.8031,False,8.8031,0.43493459490912884,-0.8864890925784159
xxxxxxxx006,W,12,12,1.0,6.212,False,6.212,0.23849196668686676,-0.7129180266010392
xxxxxxxx007,CW,12,12,1.0,14.7805,False,14.7805,0.43493459490912884,0.1604205255248006
xxxxxxxx007,W,12,12,1.0,7.0341,False,7.0341,0.23849196668686676,-0.3080116678089572
xxxxxxxx008,CW,12,12,1.0,9.257,False,9.257,0.43493459490912884,-0.8069909369159124
xxxxxxxx008,W,12,10,0.8333333333333334,6.196,False,6.196,-1.2108053693333174,-0.7207984568901443
xxxxxxxx009,CW,12,12,1.0,10.7606,False,10.7606,0.43493459490912884,-0.5436434443974265
xxxxxxxx009,W,12,12,1.0,10.3765,False,10.3765,0.23849196668686676,1.3382102195851011
xxxxxxxx010,CW,11,2,0.16666666666666666,,True,12.0607,-4.438800582086786,-0.315937887717935
xxxxxxxx010,W,12,12,1.0,4.7283,False,4.7283,0.23849196668686676,-1.4436801778476176
xxxxxxxx011,CW,12,4,0.3333333333333333,9.6052,False,9.6052,-3.4640535466876035,-0.7460055705319427
xxxxxxxx011,W,12,12,1.0,5.0566,False,5.0566,0.23849196668686676,-1.281983598853042
xxxxxxxx012,CW,12,12,1.0,10.8125,False,10.8125,0.43493459490912884,-0.5345534371736241
xxxxxxxx012,W,12,12,1.0,8.6215,False,8.6215,0.23849196668686676,0.4738255222488837
xxxxxxxx013,CW,12,12,1.0,7.5449,False,7.5449,0.43493459490912884,-1.1068560885126797
xxxxxxxx013,W,12,12,1.0,7.3134,False,7.3134,0.23849196668686676,-0.17044890657476602
xxxxxxxx014,CW,12,12,1.0,11.454,False,11.454,0.43493459490912884,-0.4221981455730596
xxxxxxxx014,W,12,12,1.0,7.4192,False,7.4192,0.23849196668686676,-0.1183395612880583
xxxxxxxx015,CW,12,12,1.0,12.0517,False,12.0517,0.43493459490912884,-0.3175141895486523
xxxxxxxx015,W,12,12,1.0,10.4683,False,10.4683,0.23849196668686676,1.3834241883688414
xxxxxxxx016,CW,12,12,1.0,8.9827,False,8.9827,0.43493459490912884,-0.8550331138232152
xxxxxxxx016,W,12,12,1.0,6.8106,False,6.8106,0.23849196668686676,-0.41809142840989405
xxxxxxxx017,CW,12,12,1.0,8.816,False,8.816,0.43493459490912884,-0.8842297266210546
xxxxxxxx017,W,12,12,1.0,7.9181,False,7.9181,0.23849196668686676,0.12738210566410046
xxxxxxxx018,CW,12,6,0.5,9.3438,False,9.3438,-2.48930651128842,-0.7917883814818842
xxxxxxxx018,W,12,12,1.0,6.1291,False,6.1291,0.23849196668686676,-0.7537485060364648
xxxxxxxx019,CW,12,12,1.0,7.9849,False,7.9849,0.43493459490912884,-1.0297924434553947
xxxxxxxx019,W,12,12,1.0,4.7822,False,4.7822,0.23849196668686676,-1.417132978311195
xxxxxxxx020,CW,12,12,1.0,9.3239,False,9.3239,0.43493459490912884,-0.7952737599742478
xxxxxxxx020,W,12,12,1.0,6.5033,False,6.5033,0.23849196668686676,-0.569444942650019
xxxxxxxx021,CW,12,12,1.0,9.4197,False,9.4197,0.43493459490912884,-0.7784949027095025
xxxxxxxx021,W,12,12,1.0,5.302,False,5.302,0.23849196668686676,-1.1611174992938926
xxxxxxxx022,CW,12,12,1.0,6.8715,False,6.8715,0.43493459490912884,-1.224798494379897
xxxxxxxx022,W,12,12,1.0,6.1331,False,6.1331,0.23849196668686676,-0.7517783984641888
xxxxxxxx023,CW,12,12,1.0,9.0206,False,9.0206,0.43493459490912884,-0.8483951316694173
xxxxxxxx023,W,12,12,1.0,7.2526,False,7.2526,0.23849196668686676,-0.2003945416733652
xxxxxxxx024,CW,12,12,1.0,8.9437,False,8.9437,0.43493459490912884,-0.8618637550896564
xxxxxxxx024,W,12,12,1.0,6.7208,False,6.7208,0.23849196668686676,-0.46232034340749667
xxxxxxxx025,CW,12,12,1.0,8.7961,False,8.7961,0.43493459490912884,-0.8877151051134184
xxxxxxxx025,W,12,12,1.0,5.5006,False,5.5006,0.23849196668686676,-1.063301658330375
xxxxxxxx026,CW,12,12,1.0,9.9115,False,9.9115,0.43493459490912884,-0.6923587648932008
xxxxxxxx026,W,12,12,1.0,6.3167,False,6.3167,0.23849196668686676,-0.6613504608967075
xxxxxxxx027,CW,12,12,1.0,8.5217,False,8.5217,0.43493459490912884,-0.9357747964855071
xxxxxxxx027,W,12,12,1.0,6.622,False,6.622,0.23849196668686676,-0.5109820004427206
xxxxxxxx028,CW,12,7,0.5833333333333334,8.412,False,8.412,-2.0019329935888286,-0.9549881643554708
xxxxxxxx028,W,12,12,1.0,10.593,False,10.593,0.23849196668686676,1.4448422919345547
xxxxxxxx029,CW,12,12,1.0,10.4802,False,10.4802,0.43493459490912884,-0.59275400365666
xxxxxxxx029,W,12,12,1.0,6.8764,False,6.8764,0.23849196668686676,-0.3856831588459491
xxxxxxxx030,CW,12,12,1.0,11.1916,False,11.1916,0.43493459490912884,-0.4681561011708589
xxxxxxxx030,W,12,12,1.0,6.1421,False,6.1421,0.23849196668686676,-0.747345656426567
xxxxxxxx031,CW,12,12,1.0,8.6783,False,8.6783,0.43493459490912884,-0.9083471446310278
xxxxxxxx031,W,12,12,1.0,8.4658,False,8.4658,0.23849196668686676,0.3971390849980298
xxxxxxxx032,CW,12,12,1.0,9.1353,False,9.1353,0.43493459490912884,-0.8283060405601658
xxxxxxxx032,W,12,11,0.9166666666666666,7.2725,False,7.2725,-0.4861567013232258,-0.19059325650129083
xxxxxxxx033,CW,12,12,1.0,10.3875,False,10.3875,0.43493459490912884,-0.6089899125130472
xxxxxxxx033,W,12,12,1.0,6.188,False,6.188,0.23849196668686676,-0.7247386720346969
xxxxxxxx034,CW,12,12,1.0,7.8043,False,7.8043,0.43493459490912884,-1.061423566858453
xxxxxxxx034,W,12,12,1.0,4.5707,False,4.5707,0.23849196668686676,-1.5213024161953028
xxxxxxxx035,CW,12,12,1.0,11.3722,False,11.3722,0.43493459490912884,-0.4365249777678005
xxxxxxxx035,W,12,12,1.0,11.7563,False,11.7563,0.23849196668686676,2.017798826641803
xxxxxxxx036,CW,12,9,0.75,15.868,False,15.868,-1.0271859581896456,0.3508903300697948
xxxxxxxx036,W,12,12,1.0,7.8073,False,7.8073,0.23849196668686676,0.07281012591204744
xxxxxxxx037,CW,12,12,1.0,11.6197,False,11.6197,0.43493459490912884,-0.3931766774230776
xxxxxxxx037,W,12,12,1.0,6.3237,False,6.3237,0.23849196668686676,-0.6579027726452242
xxxxxxxx038,CW,12,12,1.0,10.0033,False,10.0033,0.43493459490912884,-0.6762804862198856
xxxxxxxx038,W,12,10,0.8333333333333334,6.1162,False,6.1162,-1.2108053693333174,-0.7601021029570559
xxxxxxxx039,CW,12,12,1.0,13.251,False,13.251,0.43493459490912884,-0.10746321337319359
xxxxxxxx039,W,12,6,0.5,6.6769,False,6.6769,-4.109400041373687,-0.4839422740132287
xxxxxxxx040,CW,12,12,1.0,9.5134,False,9.5134,0.43493459490912884,-0.762083849205258
xxxxxxxx040,W,12,10,0.8333333333333334,6.3866,False,6.3866,-1.2108053693333174,-0.6269228310711797
xxxxxxxx041,CW,12,12,1.0,9.4775,False,9.4775,0.43493459490912884,-0.7683715420633412
xxxxxxxx041,W,12,12,1.0,6.4065,False,6.4065,0.23849196668686676,-0.617121545899105
xxxxxxxx042,CW,12,12,1.0,13.7688,False,13.7688,0.43493459490912884,-0.01677331471259754
xxxxxxxx042,W,12,12,1.0,7.063,False,7.063,0.23849196668686676,-0.29377764059926104
xxxxxxxx043,CW,12,12,1.0,11.0819,False,11.0819,0.43493459490912884,-0.4873694690408229
xxxxxxxx043,W,12,12,1.0,7.509,False,7.509,0.23849196668686676,-0.07411064629045569
xxxxxxxx044,CW,12,12,1.0,8.5407,False,8.5407,0.43493459490912884,-0.9324470481762153
xxxxxxxx044,W,12,12,1.0,6.9273,False,6.9273,0.23849196668686676,-0.36061353998873374
xxxxxxxx045,CW,12,12,1.0,8.5606,False,8.5606,0.43493459490912884,-0.9289616696838514
xxxxxxxx045,W,12,12,1.0,5.6632,False,5.6632,0.23849196668686676,-0.9832167855173446
xxxxxxxx046,CW,12,12,1.0,8.7083,False,8.7083,0.43493459490912884,-0.9030928051953039
xxxxxxxx046,W,12,12,1.0,6.614,False,6.614,0.23849196668686676,-0.5149222155872731
xxxxxxxx047,CW,12,12,1.0,10.0432,False,10.0432,0.43493459490912884,-0.6692922147703725
xxxxxxxx047,W,12,12,1.0,6.2738,False,6.2738,0.23849196668686676,-0.6824798646093708
xxxxxxxx048,CW,12,12,1.0,8.7841,False,8.7841,0.43493459490912884,-0.8898168408877078
xxxxxxxx048,W,12,12,1.0,5.319,False,5.319,0.23849196668686676,-1.1527445421117182
xxxxxxxx049,CW,12,12,1.0,14.0841,False,14.0841,0.43493459490912884,0.03844979275686125
xxxxxxxx049,W,12,12,1.0,10.9522,False,10.9522,0.23849196668686676,1.6217579519249643
xxxxxxxx050,CW,12,12,1.0,11.49,False,11.49,0.43493459490912884,-0.4158929382501909
xxxxxxxx050,W,12,12,1.0,6.3037,False,6.3037,0.23849196668686676,-0.6677533105066054
xxxxxxxx051,CW,12,12,1.0,10.6718,False,10.6718,0.43493459490912884,-0.5591962891271697
xxxxxxxx051,W,12,12,1.0,7.6068,False,7.6068,0.23849196668686676,-0.02594151614830096
xxxxxxxx052,CW,12,12,1.0,12.0607,False,12.0607,0.43493459490912884,-0.315937887717935
xxxxxxxx052,W,12,12,1.0,7.2765,False,7.2765,0.23849196668686676,-0.18862314892901433
xxxxxxxx053,CW,12,10,0.8333333333333334,11.86,False,11.86,-0.539812440490054,-0.35108941854292863
xxxxxxxx053,W,12,12,1.0,6.625,False,6.625,0.23849196668686676,-0.5095044197635133
xxxxxxxx054,CW,12,12,1.0,10.5571,False,10.5571,0.43493459490912884,-0.5792853802364208
xxxxxxxx054,W,12,12,1.0,8.3082,False,8.3082,0.23849196668686676,0.31951684665034424
xxxxxxxx055,CW,12,12,1.0,9.9973,False,9.9973,0.43493459490912884,-0.6773313541070304
xxxxxxxx055,W,12,12,1.0,7.964,False,7.964,0.23849196668686676,0.149989090055971
xxxxxxxx056,CW,11,8,0.6666666666666666,,True,12.0607,-1.5145594758892373,-0.315937887717935
xxxxxxxx056,W,12,12,1.0,6.3427,False,6.3427,0.23849196668686676,-0.6485447616769118
xxxxxxxx057,CW,12,5,0.4166666666666667,8.4319,False,8.4319,-2.976680028988011,-0.9515027858631073
xxxxxxxx057,W,12,12,1.0,7.0331,False,7.0331,0.23849196668686676,-0.308504194702026
xxxxxxxx058,CW,12,11,0.9166666666666666,14.8802,False,14.8802,-0.052438922790462875,0.17788244691619
xxxxxxxx058,W,12,12,1.0,7.93,False,7.93,0.23849196668686676,0.13324317569162228
xxxxxxxx059,CW,12,12,1.0,7.8103,False,7.8103,0.43493459490912884,-1.0603726989713083
xxxxxxxx059,W,12,12,1.0,4.9209,False,4.9209,0.23849196668686676,-1.348819498242515
xxxxxxxx060,CW,12,12,1.0,8.831,False,8.831,0.43493459490912884,-0.8816025569031929
xxxxxxxx060,W,12,12,1.0,6.7856,False,6.7856,0.23849196668686676,-0.43040460073662096
xxxxxxxx061,CW,12,12,1.0,7.6487,False,7.6487,0.43493459490912884,-1.0886760740650747
xxxxxxxx061,W,12,12,1.0,5.731,False,5.731,0.23849196668686676,-0.9498234621672617
xxxxxxxx062,CW,12,12,1.0,10.5471,False,10.5471,0.43493459490912884,-0.5810368267149955
xxxxxxxx062,W,12,12,1.0,5.8987,False,5.8987,0.23849196668686676,-0.8672267021995786
xxxxxxxx063,CW,12,12,1.0,6.8615,False,6.8615,0.43493459490912884,-1.2265499408584717
xxxxxxxx063,W,12,12,1.0,5.8109,False,5.8109,0.23849196668686676,-0.9104705634110428
xxxxxxxx064,CW,12,12,1.0,7.2536,False,7.2536,0.43493459490912884,-1.1578757244335596
xxxxxxxx064,W,12,12,1.0,6.3746,False,6.3746,0.23849196668686676,-0.6328331537880083
xxxxxxxx065,CW,12,12,1.0,21.1759,False,21.1759,0.43493459490912884,1.2805406064324378
xxxxxxxx065,W,12,12,1.0,7.531,False,7.531,0.23849196668686676,-0.06327505464293648
xxxxxxxx066,CW,12,12,1.0,10.9472,False,10.9472,0.43493459490912884,-0.5109614531072233
xxxxxxxx066,W,12,12,1.0,6.4235,False,6.4235,0.23849196668686676,-0.6087485887169309
xxxxxxxx067,CW,12,12,1.0,7.9799,False,7.9799,0.43493459490912884,-1.030668166694682
xxxxxxxx067,W,12,12,1.0,6.9952,False,6.9952,0.23849196668686676,-0.327170963949344
xxxxxxxx068,CW,12,12,1.0,17.1222,False,17.1222,0.43493459490912884,0.5705567474126284
xxxxxxxx068,W,12,12,1.0,6.7777,False,6.7777,0.23849196668686676,-0.4342955631918663
xxxxxxxx069,CW,12,5,0.4166666666666667,11.46,False,11.46,-2.976680028988011,-0.42114727768591476
xxxxxxxx069,W,12,12,1.0,5.9954,False,5.9954,0.23849196668686676,-0.8195993516397996
xxxxxxxx070,CW,12,10,0.8333333333333334,11.0899,False,11.0899,-0.539812440490054,-0.485968311857963
xxxxxxxx070,W,12,12,1.0,6.4634,False,6.4634,0.23849196668686676,-0.589096765683475
xxxxxxxx071,CW,12,12,1.0,8.3152,False,8.3152,0.43493459490912884,-0.9719421662680735
xxxxxxxx071,W,12,12,1.0,5.6452,False,5.6452,0.23849196668686676,-0.9920822695925877
xxxxxxxx072,CW,12,12,1.0,8.3621,False,8.3621,0.43493459490912884,-0.9637278822835585
xxxxxxxx072,W,12,12,1.0,5.2541,False,5.2541,0.23849196668686676,-1.1847095374719008
xxxxxxxx073,CW,12,12,1.0,10.3705,False,10.3705,0.43493459490912884,-0.6119673715266241
xxxxxxxx073,W,12,12,1.0,6.9922,False,6.9922,0.23849196668686676,-0.3286485446285508
xxxxxxxx074,CW,12,12,1.0,7.09,False,7.09,0.43493459490912884,-1.1865293888230408
xxxxxxxx074,W,12,12,1.0,4.3462,False,4.3462,0.23849196668686676,-1.6318747036893093
xxxxxxxx075,CW,12,12,1.0,14.8064,False,14.8064,0.43493459490912884,0.16495677190430896
xxxxxxxx075,W,12,12,1.0,7.1678,False,7.1678,0.23849196668686676,-0.24216082220562252
xxxxxxxx076,CW,12,12,1.0,14.8613,False,14.8613,0.43493459490912884,0.17457221307168383
xxxxxxxx076,W,12,12,1.0,8.1895,False,8.1895,0.23849196668686676,0.2610539044430463
xxxxxxxx077,CW,12,12,1.0,8.8939,False,8.8939,0.43493459490912884,-0.8705859585529581
xxxxxxxx077,W,12,12,1.0,8.9547,False,8.9547,0.23849196668686676,0.6379354830194984
xxxxxxxx078,CW,12,12,1.0,13.1282,False,13.1282,0.43493459490912884,-0.12897097613009037
xxxxxxxx078,W,12,12,1.0,13.7059,False,13.7059,0.23849196668686676,2.9780292573692613
xxxxxxxx079,CW,12,12,1.0,9.6831,False,9.6831,0.43493459490912884,-0.7323618024638462
xxxxxxxx079,W,12,12,1.0,6.4724,False,6.4724,0.23849196668686676,-0.5846640236458532
xxxxxxxx080,CW,12,12,1.0,11.3772,False,11.3772,0.43493459490912884,-0.43564925452851305
xxxxxxxx080,W,12,12,1.0,5.327,False,5.327,0.23849196668686676,-1.1488043269671657
xxxxxxxx081,CW,12,12,1.0,13.3088,False,13.3088,0.43493459490912884,-0.09733985272703201
xxxxxxxx081,W,12,12,1.0,11.1088,False,11.1088,0.23849196668686676,1.698887663379581
xxxxxxxx082,CW,12,12,1.0,10.2438,False,10.2438,0.43493459490912884,-0.6341581984101649
xxxxxxxx082,W,12,12,1.0,6.6889,False,6.6889,0.23849196668686676,-0.4780319512963997
xxxxxxxx083,CW,12,12,1.0,12.6244,False,12.6244,0.43493459490912884,-0.2172088497206817
xxxxxxxx083,W,12,12,1.0,6.1431,False,6.1431,0.23849196668686676,-0.7468531295334983
xxxxxxxx084,CW,12,12,1.0,12.9686,False,12.9686,0.43493459490912884,-0.1569240619281418
xxxxxxxx084,W,12,12,1.0,6.7358,False,6.7358,0.23849196668686676,-0.4549324400114603
xxxxxxxx085,CW,12,12,1.0,8.0887,False,8.0887,0.43493459490912884,-1.01161242900779
xxxxxxxx085,W,12,12,1.0,7.0929,False,7.0929,0.23849196668686676,-0.2790510864964956
xxxxxxxx086,CW,12,12,1.0,10.1231,False,10.1231,0.43493459490912884,-0.6552981574065609
xxxxxxxx086,W,12,12,1.0,7.0351,False,7.0351,0.23849196668686676,-0.30751914091588795
xxxxxxxx087,CW,12,10,0.8333333333333334,6.8814,False,6.8814,-0.539812440490054,-1.2230645623661083
xxxxxxxx087,W,12,12,1.0,6.7388,False,6.7388,0.23849196668686676,-0.45345485933225305
xxxxxxxx088,CW,12,12,1.0,10.8075,False,10.8075,0.43493459490912884,-0.5354291604129116
xxxxxxxx088,W,12,12,1.0,5.9595,False,5.9595,0.23849196668686676,-0.837281067100979
xxxxxxxx089,CW,12,12,1.0,9.4805,False,9.4805,0.43493459490912884,-0.7678461081197688
xxxxxxxx089,W,12,12,1.0,4.5866,False,4.5866,0.23849196668686676,-1.513471238595505
xxxxxxxx090,CW,12,12,1.0,7.938,False,7.938,0.43493459490912884,-1.0380067274399098
xxxxxxxx090,W,12,12,1.0,8.1964,False,8.1964,0.23849196668686676,0.26445234000522283
xxxxxxxx091,CW,12,12,1.0,8.5037,False,8.5037,0.43493459490912884,-0.9389274001469413
xxxxxxxx091,W,12,12,1.0,5.6832,False,5.6832,0.23849196668686676,-0.9733662476559629
xxxxxxxx092,CW,12,12,1.0,8.5766,False,8.5766,0.43493459490912884,-0.9261593553181322
xxxxxxxx092,W,12,12,1.0,7.95,False,7.95,0.23849196668686676,0.1430937135530039
xxxxxxxx093,CW,12,12,1.0,24.1143,False,24.1143,0.43493459490912884,1.7951856396968158
xxxxxxxx093,W,12,12,1.0,10.17,False,10.17,0.23849196668686676,1.2365034161663382
xxxxxxxx094,CW,12,9,0.75,17.86,False,17.86,-1.0271859581896456,0.6997784686018668
xxxxxxxx094,W,12,12,1.0,8.7791,False,8.7791,0.23849196668686676,0.5514477605965692
xxxxxxxx095,CW,12,12,1.0,20.0126,False,20.0126,0.43493459490912884,1.0767948375798477
xxxxxxxx095,W,12,12,1.0,11.5069,False,11.5069,0.23849196668686676,1.8949626195103773
xxxxxxxx096,CW,12,10,0.8333333333333334,25.9591,False,25.9591,-0.539812440490054,2.1182924860642687
xxxxxxxx096,W,12,2,0.16666666666666666,7.6676,False,7.6676,-7.007994713414056,0.00400411895029867
xxxxxxxx097,CW,12,12,1.0,14.2118,False,14.2118,0.43493459490912884,0.060815764288259785
xxxxxxxx097,W,12,12,1.0,6.9313,False,6.9313,0.23849196668686676,-0.35864343241645724
xxxxxxxx098,CW,12,11,0.9166666666666666,15.4649,False,15.4649,-0.052438922790462875,0.2802895225184503
xxxxxxxx098,W,12,12,1.0,11.011,False,11.011,0.23849196668686676,1.6507185332374255
xxxxxxxx099,CW,12,12,1.0,18.7674,False,18.7674,0.43493459490912884,0.8587047220677312
xxxxxxxx099,W,12,12,1.0,7.8233,False,7.8233,0.23849196668686676,0.08069055620115256
xxxxxxxx100,CW,12,12,1.0,19.9348,False,19.9348,0.43493459490912884,1.063168583976537
xxxxxxxx100,W,12,12,1.0,9.6422,False,9.6422,0.23849196668686676,0.9765477220044837
xxxxxxxx101,CW,12,12,1.0,13.8466,False,13.8466,0.43493459490912884,-0.003147061109286717
xxxxxxxx101,W,12,12,1.0,5.5245,False,5.5245,0.23849196668686676,-1.0515302655860246
xxxxxxxx102,CW,12,12,1.0,20.5544,False,20.5544,0.43493459490912884,1.1716882077890232
xxxxxxxx102,W,12,12,1.0,5.3729,False,5.3729,0.23849196668686676,-1.1261973425752956
xxxxxxxx103,CW,12,12,1.0,13.7977,False,13.7977,0.43493459490912884,-0.01171163438951675
xxxxxxxx103,W,12,12,1.0,5.8438,False,5.8438,0.23849196668686676,-0.8942664286290706
xxxxxxxx104,CW,12,12,1.0,9.8656,False,9.8656,0.43493459490912884,-0.7003979042298585
xxxxxxxx104,W,12,12,1.0,5.4168,False,5.4168,0.23849196668686676,-1.104575411969563
xxxxxxxx105,CW,12,12,1.0,15.7233,False,15.7233,0.43493459490912884,0.32554689952481947
xxxxxxxx105,W,12,12,1.0,6.3476,False,6.3476,0.23849196668686676,-0.6461313799008733
xxxxxxxx106,CW,12,10,0.8333333333333334,17.4185,False,17.4185,-0.539812440490054,0.6224521065727959
xxxxxxxx106,W,12,12,1.0,6.9353,False,6.9353,0.23849196668686676,-0.3566733248441812
xxxxxxxx107,CW,12,12,1.0,11.3393,False,11.3393,0.43493459490912884,-0.4422872366823111
xxxxxxxx107,W,12,12,1.0,6.4634,False,6.4634,0.23849196668686676,-0.589096765683475
xxxxxxxx108,CW,12,9,0.75,30.0548,False,30.0548,-1.0271859581896456,2.835632420294092
xxxxxxxx108,W,12,12,1.0,6.9892,False,6.9892,0.23849196668686676,-0.3301261253077581
xxxxxxxx109,CW,12,5,0.4166666666666667,14.4243,False,14.4243,-2.976680028988011,0.09803400195797135
xxxxxxxx109,W,12,12,1.0,6.6709,False,6.6709,0.23849196668686676,-0.48689743537164326
xxxxxxxx110,CW,12,12,1.0,12.7291,False,12.7291,0.43493459490912884,-0.1988712050900048
xxxxxxxx110,W,12,12,1.0,9.7898,False,9.7898,0.23849196668686676,1.049244691421478
xxxxxxxx111,CW,12,10,0.8333333333333334,19.9088,False,19.9088,-0.539812440490054,1.058614823132243
xxxxxxxx111,W,12,12,1.0,9.9335,False,9.9335,0.23849196668686676,1.1200208059555035
xxxxxxxx112,CW,12,10,0.8333333333333334,11.8731,False,11.8731,-0.539812440490054,-0.3487950236559956
xxxxxxxx112,W,12,6,0.5,11.6187,False,11.6187,-4.109400041373687,1.9500271261554996
xxxxxxxx113,CW,12,10,0.8333333333333334,25.0601,False,25.0601,-0.539812440490054,1.960837447640407
xxxxxxxx113,W,12,10,0.8333333333333334,8.6763,False,8.6763,-1.2108053693333174,0.5008159959890688
xxxxxxxx114,CW,12,10,0.8333333333333334,15.3043,False,15.3043,-0.539812440490054,0.2521612920725412
xxxxxxxx114,W,12,12,1.0,7.7804,False,7.7804,0.23849196668686676,0.05956115248848972
xxxxxxxx115,CW,12,8,0.6666666666666666,16.5794,False,16.5794,-1.5145594758892373,0.47548823255559597
xxxxxxxx115,W,12,3,0.25,7.1698,False,7.1698,-6.283346045403963,-0.24117576841948407
xxxxxxxx116,CW,12,8,0.6666666666666666,17.4105,False,17.4105,-1.5145594758892373,0.6210509493899358
xxxxxxxx116,W,12,12,1.0,8.3461,False,8.3461,0.23849196668686676,0.3381836158976622
xxxxxxxx117,CW,12,12,1.0,13.7488,False,13.7488,0.43493459490912884,-0.020276207669747096
xxxxxxxx117,W,12,12,1.0,9.6012,False,9.6012,0.23849196668686676,0.9563541193886517
xxxxxxxx118,CW,12,12,1.0,18.064,False,18.064,0.43493459490912884,0.7355079767647899
xxxxxxxx118,W,12,10,0.8333333333333334,5.0286,False,5.0286,-1.2108053693333174,-1.295774351858976
xxxxxxxx119,CW,12,2,0.16666666666666666,19.86,False,19.86,-4.438800582086786,1.0500677643167986
xxxxxxxx119,W,12,12,1.0,7.0171,False,7.0171,0.23849196668686676,-0.3163846249911311
xxxxxxxx120,CW,12,10,0.8333333333333334,21.0592,False,21.0592,-0.539812440490054,1.2601012260274718
xxxxxxxx120,W,12,12,1.0,8.7542,False,8.7542,0.23849196668686676,0.53918384095915
xxxxxxxx121,CW,12,12,1.0,22.3074,False,22.3074,0.43493459490912884,1.478716775483161
xxxxxxxx121,W,9,6,0.5,,True,7.063,-4.109400041373687,-0.29377764059926104
xxxxxxxx122,CW,12,11,0.9166666666666666,13.9943,False,13.9943,-0.052438922790462875,0.022721803379261066
xxxxxxxx122,W,12,12,1.0,6.7128,False,6.7128,0.23849196668686676,-0.46626055855204923
xxxxxxxx123,CW,12,8,0.6666666666666666,24.4455,False,24.4455,-1.5145594758892373,1.8531935470672083
xxxxxxxx123,W,12,12,1.0,6.0154,False,6.0154,0.23849196668686676,-0.8097488137784183
xxxxxxxx124,CW,12,12,1.0,12.5505,False,12.5505,0.43493459490912884,-0.23015203919734842
xxxxxxxx124,W,12,12,1.0,10.7905,False,10.7905,0.23849196668686676,1.5421163533156959
xxxxxxxx125,CW,12,12,1.0,14.3135,False,14.3135,0.43493459490912884,0.07862797497536393
xxxxxxxx125,W,12,10,0.8333333333333334,12.8539,False,12.8539,-1.2108053693333174,2.558396344474414
xxxxxxxx126,CW,12,12,1.0,9.5504,False,9.5504,0.43493459490912884,-0.7556034972345318
xxxxxxxx126,W,12,12,1.0,9.0894,False,9.0894,0.23849196668686676,0.7042788555159014
xxxxxxxx127,CW,12,12,1.0,19.4838,False,19.4838,0.43493459490912884,0.9841783477928198
xxxxxxxx127,W,12,12,1.0,8.0657,False,8.0657,0.23849196668686676,0.200079075081095
xxxxxxxx128,CW,12,11,0.9166666666666666,20.3608,False,20.3608,-0.052438922790462875,1.1377802039638178
xxxxxxxx128,W,12,12,1.0,5.8258,False,5.8258,0.23849196668686676,-0.9031319127043137
xxxxxxxx129,CW,12,8,0.6666666666666666,31.0066,False,31.0066,-1.5145594758892373,3.0023350961248276
xxxxxxxx129,W,12,12,1.0,7.8053,False,7.8053,0.23849196668686676,0.07182507212590941
xxxxxxxx130,CW,12,11,0.9166666666666666,13.7598,False,13.7598,-0.052438922790462875,-0.018349616543314795
xxxxxxxx130,W,12,12,1.0,7.497,False,7.497,0.23849196668686676,-0.08002096900728475
xxxxxxxx131,CW,12,12,1.0,15.0928,False,15.0928,0.43493459490912884,0.21511819905068727
xxxxxxxx131,W,12,12,1.0,7.6387,False,7.6387,0.23849196668686676,-0.010229908259397513
xxxxxxxx132,CW,12,12,1.0,14.125,False,14.125,0.43493459490912884,0.04561320885423171
xxxxxxxx132,W,12,12,1.0,12.0367,False,12.0367,0.23849196668686676,2.1559033674583703
xxxxxxxx133,CW,12,12,1.0,13.2579,False,13.2579,0.43493459490912884,-0.10625471530297709
xxxxxxxx133,W,12,12,1.0,7.3234,False,7.3234,0.23849196668686676,-0.165523637644075
xxxxxxxx134,CW,12,12,1.0,20.3957,False,20.3957,0.43493459490912884,1.1438927521740434
xxxxxxxx134,W,12,12,1.0,10.0452,False,10.0452,0.23849196668686676,1.175036059911318
xxxxxxxx135,CW,12,11,0.9166666666666666,20.2251,False,20.2251,-0.052438922790462875,1.1140130752495596
xxxxxxxx135,W,12,12,1.0,7.9909,False,7.9909,0.23849196668686676,0.1632380634795287
xxxxxxxx136,CW,12,8,0.6666666666666666,39.1301,False,39.1301,-1.5145594758892373,4.425122642994952
xxxxxxxx136,W,12,12,1.0,8.5387,False,8.5387,0.23849196668686676,0.4330442955027653
xxxxxxxx137,CW,12,11,0.9166666666666666,21.602,False,21.602,-0.052438922790462875,1.3551697408845043
xxxxxxxx137,W,12,12,1.0,7.6347,False,7.6347,0.23849196668686676,-0.012200015831674012
xxxxxxxx138,CW,12,12,1.0,20.0734,False,20.0734,0.43493459490912884,1.0874436321695817
xxxxxxxx138,W,12,12,1.0,12.6284,False,12.6284,0.23849196668686676,2.4473315300873386
xxxxxxxx139,CW,12,12,1.0,23.3131,False,23.3131,0.43493459490912884,1.654859747833414
xxxxxxxx139,W,12,12,1.0,9.0256,False,9.0256,0.23849196668686676,0.6728556397380954
xxxxxxxx140,CW,12,12,1.0,26.005,False,26.005,0.43493459490912884,2.1263316254009266
xxxxxxxx140,W,12,12,1.0,11.3812,False,11.3812,0.23849196668686676,1.8330519890515953
xxxxxxxx141,CW,12,8,0.6666666666666666,19.1086,False,19.1086,-1.5145594758892373,0.9184640759166987
xxxxxxxx141,W,12,12,1.0,10.8634,False,10.8634,0.23849196668686676,1.5780215638204313
xxxxxxxx142,CW,12,12,1.0,16.3788,False,16.3788,0.43493459490912884,0.44035421619538806
xxxxxxxx142,W,12,10,0.8333333333333334,7.3514,False,7.3514,-1.2108053693333174,-0.15173288463814125
xxxxxxxx143,CW,12,12,1.0,21.61,False,21.61,0.43493459490912884,1.3565708980673639
xxxxxxxx143,W,12,12,1.0,9.704,False,9.704,0.23849196668686676,1.006985883996152
xxxxxxxx144,CW,12,10,0.8333333333333334,27.9575,False,27.9575,-0.539812440490054,2.4683015503426287
xxxxxxxx144,W,12,12,1.0,10.2757,False,10.2757,0.23849196668686676,1.2885635087637393
xxxxxxxx145,CW,9,1,0.08333333333333333,,True,12.0607,-4.926174099786377,-0.315937887717935
xxxxxxxx145,W,12,12,1.0,9.1712,False,9.1712,0.23849196668686676,0.7445675553689519
xxxxxxxx146,CW,12,12,1.0,23.7072,False,23.7072,0.43493459490912884,1.7238842535540415
xxxxxxxx146,W,12,12,1.0,11.6935,False,11.6935,0.23849196668686676,1.9868681377570658
xxxxxxxx147,CW,12,10,0.8333333333333334,26.2394,False,26.2394,-0.539812440490054,2.1673855308587164
xxxxxxxx147,W,12,12,1.0,8.376,False,8.376,0.23849196668686676,0.3529101700004272
xxxxxxxx148,CW,12,10,0.8333333333333334,22.8671,False,22.8671,-0.539812440490054,1.5767452348889845
xxxxxxxx148,W,12,12,1.0,11.1916,False,11.1916,0.23849196668686676,1.7396688901256994
xxxxxxxx149,CW,12,12,1.0,16.321,False,16.321,0.43493459490912884,0.4302308555492271
xxxxxxxx149,W,12,12,1.0,12.1475,False,12.1475,0.23849196668686676,2.2104753472104237
xxxxxxxx150,CW,12,12,1.0,13.665,False,13.665,0.43493459490912884,-0.03495332916020275
xxxxxxxx150,W,12,12,1.0,11.2026,False,11.2026,0.23849196668686676,1.7450866859494596
xxxxxxxx151,CW,12,12,1.0,14.3594,False,14.3594,0.43493459490912884,0.08666711431202186
xxxxxxxx151,W,12,12,1.0,5.4557,False,5.4557,0.23849196668686676,-1.0854161158291762
xxxxxxxx152,CW,12,12,1.0,17.7058,False,17.7058,0.43493459490912884,0.6727711639022456
xxxxxxxx152,W,12,12,1.0,7.2316,False,7.2316,0.23849196668686676,-0.21073760642781564
xxxxxxxx153,CW,12,12,1.0,15.9588,False,15.9588,0.43493459490912884,0.3667934640952527
xxxxxxxx153,W,12,12,1.0,7.6307,False,7.6307,0.23849196668686676,-0.014170123403950073
xxxxxxxx154,CW,12,12,1.0,14.9162,False,14.9162,0.43493459490912884,0.18418765423905872
xxxxxxxx154,W,12,12,1.0,4.9907,False,4.9907,0.23849196668686676,-1.3144411211062936
xxxxxxxx155,CW,12,12,1.0,16.6373,False,16.6373,0.43493459490912884,0.48562910766654327
xxxxxxxx155,W,12,12,1.0,12.789,False,12.789,0.23849196668686676,2.5264313491142314
xxxxxxxx156,CW,12,12,1.0,15.7912,False,15.7912,0.43493459490912884,0.3374392211143414
xxxxxxxx156,W,12,12,1.0,9.1543,False,9.1543,0.23849196668686676,0.7362438508760839
xxxxxxxx157,CW,12,12,1.0,20.9495,False,20.9495,0.43493459490912884,1.2408878581575078
xxxxxxxx157,W,12,12,1.0,9.7878,False,9.7878,0.23849196668686676,1.0482596376353401
xxxxxxxx158,CW,12,12,1.0,25.8004,False,25.8004,0.43493459490912884,2.090497030449289
xxxxxxxx158,W,12,12,1.0,9.9016,False,9.9016,0.23849196668686676,1.1043091980666
