Feature_Order,Feature,Adjusted_Status,Adjusted_Optimizer,Adjusted_Converged,N_Subjects,N_Observations,Feature_Mean,Feature_SD_DDof0,Adjusted_Warnings,Adjusted_Age_Task_Beta,Adjusted_Age_Task_SE,Adjusted_Age_Task_CI_Low,Adjusted_Age_Task_CI_High,Adjusted_Age_Task_Z,Adjusted_Age_Task_P_Raw,Adjusted_Accuracy_Beta,Adjusted_Accuracy_SE,Adjusted_Accuracy_CI_Low,Adjusted_Accuracy_CI_High,Adjusted_Accuracy_Z,Adjusted_Accuracy_P_Raw,Adjusted_Completion_Time_Beta,Adjusted_Completion_Time_SE,Adjusted_Completion_Time_CI_Low,Adjusted_Completion_Time_CI_High,Adjusted_Completion_Time_Z,Adjusted_Completion_Time_P_Raw,Original_Age_Task_Beta,Original_Age_Task_P_Raw,Original_Age_Task_Q_FDR_BH_90,Adjusted_Age_Task_Q_FDR_BH_90,Age_Task_Same_Direction,Age_Task_Retained_Magnitude_Percent,Age_Task_Signed_Attenuation_Percent,Age_Task_Absolute_Percent_Change,Incremental_Age_Task_Effect_Q_LE_0_01,Incremental_Age_Task_Effect_Q_LE_0_05
1,Gap_Before,ok,powell,True,158,3784,0.5332379756871035,0.6480304987604392,"Maximum Likelihood optimization failed to converge. Check mle_retvals | MixedLM optimization failed, trying a different optimizer may help. | Gradient optimization failed, |grad| = 288.700673 | The MLE may be on the boundary of the parameter space. | The Hessian matrix at the estimated parameter values is not positive definite.",0.304249204362566,0.027466564198414575,0.2504147385336734,0.35808367019145854,11.077075463997344,1.6208051273920328e-28,-0.008384783045666675,0.014278748554705775,-0.03637113021289,0.019601564121556645,-0.5872211429133504,0.5570551943249875,0.3522520982571694,0.006587030092751373,0.3393415192753767,0.3651626772389621,53.47661894619268,0.0,0.4061533939331335,2.1346010598794213e-20,1.9211409538914793e-18,1.4425165633789093e-26,True,74.90992538958216,25.090074610417844,25.09007461041785,True,True
2,loudness_sma3_stddevNorm,ok,lbfgs,True,158,3784,0.35479470619284026,0.1535784842224382,,0.22937414351706695,0.036796040917894346,0.15725390331799405,0.30149438371613985,6.233663671286973,4.5565081021324935e-10,-0.02241252051412545,0.02225902566351289,-0.0660402108146107,0.02121516978635981,-1.0068958476859196,0.31398482761535174,0.2785113629744772,0.026881453894406767,0.22582371334143994,0.3311990126075145,10.360725430570076,3.7411378522317084e-25,0.31063608650342434,1.8763025327174413e-13,8.443361397228485e-12,2.0276461054489597e-08,True,73.84014719569242,26.159852804307583,26.159852804307587,True,True
3,spectralFlux_sma3_stddevNorm,ok,lbfgs,True,158,3784,0.48407362702934675,0.16680253834492081,,0.2174006626608055,0.039957574087263144,0.13908381744976972,0.29571750787184126,5.440787325727665,5.304561002125732e-08,-0.05431245241697875,0.025082363788263763,-0.10347388544197572,-0.005151019391981773,-2.165364192763681,0.030359805951617976,0.14918891361027495,0.03035766243797913,0.08968789523183585,0.20868993198871405,4.914374218208293,8.906648433827673e-07,0.26492322203393415,2.419742067670796e-10,5.937752061908591e-09,1.1802648229729756e-06,True,82.06176151404294,17.938238485957058,17.938238485957065,True,True
4,F3amplitudeLogRelF0_sma3nz_stddevNorm,ok,lbfgs,True,158,3784,-0.2906184097033055,0.28161058535454,,-0.1807801462951852,0.032903752105065846,-0.24527150042111429,-0.11628879216925615,-5.494210682050221,3.9246174381865014e-08,0.006451914939704344,0.019454463977334118,-0.031678834455870525,0.044582664335279215,0.33164187649792354,0.7401596946033666,-0.13464313256357813,0.022983984126792086,-0.1796917414520906,-0.08959452367506564,-5.85812850464975,4.6811237937977225e-09,-0.21945708218229107,2.6390009164038185e-10,5.937752061908591e-09,1.1643031733286621e-06,True,82.3760821466773,17.62391785332269,17.623917853322695,True,True
5,HNRdBACF_sma3nz_amean,ok,lbfgs,True,158,3784,8.129391647590055,2.9718910614703113,,-0.14477584659395604,0.029295671012232648,-0.20219536177793201,-0.08735633140998005,-4.941885322698487,7.737072249477294e-07,0.03251789410235152,0.020135713661926843,-0.006948104675025088,0.07198389287972813,1.6149362594402226,0.1063244990140763,-0.09393921969044142,0.02602365796879714,-0.1449455893092838,-0.04293285007159903,-3.609762309475337,0.0003064777124476608,-0.17452382229819519,3.103466748987388e-09,5.5862401481772984e-08,1.3771988604069585e-05,True,82.95477642392504,17.045223576074964,17.04522357607497,True,True
6,loudness_sma3_percentile20.0,ok,lbfgs,True,158,3784,0.5699359764626553,0.3196660490652328,,-0.16004653861632032,0.03306823765884295,-0.2248602844276525,-0.09523279280498813,-4.839887152967809,1.2991287557965854e-06,0.002662245531519617,0.02254954920549833,-0.04153487091125711,0.04685936197429634,0.11806202896820985,0.9060185094735119,-0.15414015510404247,0.02866314915027816,-0.21031992743858766,-0.09796038276949728,-5.3776420133007825,7.54676817060453e-08,-0.20394650594906572,3.74930000284857e-09,5.623950004272855e-08,1.927040987764935e-05,True,78.47476369920791,21.525236300792095,21.52523630079209,True,True
7,loudness_sma3_pctlrange0-2,ok,lbfgs,True,158,3784,0.6549607660192169,0.60522270763211,,0.14542299826352348,0.03387321668664813,0.07903149355769314,0.21181450296935384,4.293155846661741,1.7615126884277533e-05,0.012946882355555364,0.01915081064970711,-0.024588706517870568,0.05048247122898129,0.6760487893891517,0.4990096689239084,0.10771447582981686,0.02330659017775837,0.06203355908141046,0.15339539257822327,4.621631693365831,3.807335182452552e-06,0.174462099328114,2.684951287216538e-07,3.4520802264212634e-06,0.00019596828658758757,True,83.35506612815878,16.644933871841218,16.644933871841218,True,True
8,mfcc1_sma3_stddevNorm,ok,lbfgs,True,158,3784,0.1252131778382584,0.08589266963513777,,0.14774556516686654,0.03735273028905136,0.07453421380032588,0.2209569165334072,3.9554154147112763,7.640177696607603e-05,-0.03301517851457636,0.022281083810537977,-0.07668610278323079,0.010655745754078072,-1.4817581943191482,0.13840464646465409,0.09803299656408951,0.026660862867038622,0.04577770534469381,0.1502882877834852,3.6770376507689755,0.0002359582242966616,0.17859212813361527,1.8977295646691716e-06,1.8977295646691717e-05,0.0007555286833311963,True,82.72792687499047,17.272073125009523,17.27207312500952,True,True
9,shimmerLocaldB_sma3nz_amean,ok,lbfgs,True,158,3784,0.7911652837019516,0.36050362164850647,,0.158657681184348,0.03620042136391279,0.08770485531107894,0.22961050705761707,4.382757857689179,1.1718633759713422e-05,-0.02029813255472505,0.021891664551368303,-0.06320579507540693,0.02260952996595682,-0.927208276332571,0.3538184065407154,0.033865685320498,0.028337261120195,-0.021675346475084192,0.0894067171160802,1.1950938087083893,0.232050380689243,0.1700493556235504,1.6921031749041894e-06,1.8977295646691717e-05,0.00014899405780207067,True,93.3009599492862,6.6990400507138,6.699040050713805,True,True
10,mfcc1_sma3_amean,ok,lbfgs,True,158,3784,38.08140573995562,5.81460026771255,The MLE may be on the boundary of the parameter space.,-0.11035876727988894,0.028759895059182854,-0.16672816159588733,-0.05398937296389055,-3.837245130859825,0.00012442225866458973,0.017411700367521894,0.01950878348216483,-0.020825515257521177,0.05564891599256497,0.8925056953674166,0.37212194141913,-0.05731070918286361,0.024245690360748452,-0.10483226228993058,-0.00978915607579664,-2.363748292176674,0.01809109940556609,-0.1282179995307777,4.056538242686823e-06,3.650884418418141e-05,0.0011073581021148486,True,86.07119724512486,13.928802754875136,13.92880275487514,True,True
11,mfcc1V_sma3nz_stddevNorm,ok,lbfgs,True,158,3784,0.11623907036391176,0.08137170285698703,,0.13771692726236692,0.03691487096696551,0.06536378016711453,0.21007007435761932,3.7306625664656248,0.00019097686653655595,-0.02277517075048907,0.022440037340091375,-0.06675764393706816,0.021207302436090023,-1.014934619105956,0.31013699449120613,0.09611213667789052,0.02695922051110061,0.04327206447613333,0.14895220887964772,3.5650933096643436,0.00036372676258955095,0.16704349788594505,5.750608837115179e-06,4.7050435940033284e-05,0.0015451764656139527,True,82.44375207971166,17.55624792028835,17.556247920288342,True,True
12,F0semitoneFrom27.5Hz_sma3nz_stddevNorm,ok,lbfgs,True,158,3784,0.06930772625038166,0.06599301474633829,,0.10269560424289945,0.03262755486651132,0.03874559670453727,0.16664561178126164,3.147511502564523,0.001646666270624036,-0.06359952839468955,0.018642155331003524,-0.10013815284345645,-0.027060903945922643,-3.4115973858944306,0.0006458342681917573,0.2269105269247331,0.022296923563500798,0.18320855674027153,0.27061249710919466,10.176763905500257,2.517960032763356e-24,0.17392728518322162,8.265598003430714e-06,6.199198502573036e-05,0.008620782240325836,True,59.04513724497913,40.95486275502087,40.954862755020876,True,True
13,hammarbergIndexUV_sma3nz_amean,ok,lbfgs,True,158,3784,1.934891869044266,6.56702291130865,The MLE may be on the boundary of the parameter space.,0.14297353734293944,0.03882467207633267,0.06687718007332741,0.21906989461255147,3.6825433338327,0.00023091859979777426,-0.03331077114530858,0.019296057069350687,-0.07113104300123593,0.004509500710618765,-1.7262993691192212,0.08429356881353224,0.10512960714879817,0.0229342622945358,0.060178453051508006,0.15008076124608832,4.583954164239493,4.56264295678521e-06,0.17609682987670766,1.0973569362423077e-05,7.597086481677515e-05,0.0017126462818334925,True,81.19029595424338,18.809704045756614,18.809704045756614,True,True
14,hammarbergIndexV_sma3nz_stddevNorm,ok,powell,True,158,3784,0.18980390371225112,0.12113304235033209,"Maximum Likelihood optimization failed to converge. Check mle_retvals | MixedLM optimization failed, trying a different optimizer may help. | Gradient optimization failed, |grad| = 92.202497 | The MLE may be on the boundary of the parameter space.",0.10271703028284947,0.030590443182679873,0.04275976164479692,0.16267429892090202,3.3578143889398517,0.0007856134722275594,-0.005008694790889197,0.019863282410355322,-0.043940728315185626,0.033923338733407235,-0.25215846441764406,0.800918581474314,0.05727735484240072,0.02428322952374711,0.009682224975856385,0.10487248470894506,2.35872064654283,0.018338054482492247,0.11954143619750332,8.359230519975179e-05,0.0005373791048555473,0.004661306601883519,True,85.9258793855739,14.07412061442611,14.07412061442611,True,True
15,spectralFluxUV_sma3nz_amean,ok,lbfgs,True,158,3784,0.02889009754332944,0.14530231429742704,,0.14635192826699184,0.04149370269851751,0.06502427097789752,0.22767958555608614,3.5270876964234072,0.0004201575753577051,-0.008747423775731284,0.021122524125425236,-0.05014757106156474,0.03265272351010218,-0.4141277682434737,0.6787805375440085,0.04589821497894599,0.024330539670674906,-0.001789642775576819,0.0935860727334688,1.886444591866828,0.05923506833836703,0.16003873042577435,9.95393298779276e-05,0.0005972359792675656,0.0028764634005258275,True,91.4478188358721,8.552181164127903,8.552181164127907,True,True
16,spectralFluxV_sma3nz_stddevNorm,ok,powell,True,158,3784,0.45079579486609606,0.1731768880384421,"Maximum Likelihood optimization failed to converge. Check mle_retvals | MixedLM optimization failed, trying a different optimizer may help. | Gradient optimization failed, |grad| = 51.592814",0.08802530838169673,0.034883728813412875,0.019653199907407493,0.15639741685598596,2.523391603361244,0.011622888756686607,-0.04299365142048132,0.0230965766658739,-0.08826294168559415,0.002275638844631521,-1.8614728945526429,0.0626774249417045,0.1613714646103307,0.0280086512576632,0.10647450814531083,0.21626842107535055,5.761486446662771,8.33763596140672e-09,0.13811494732959248,0.0002170027488985713,0.0012206404625544635,0.04310154580604617,True,63.73336853370137,36.26663146629863,36.26663146629862,False,True
17,F0semitoneFrom27.5Hz_sma3nz_pctlrange0-2,ok,lbfgs,True,158,3784,3.383986630223014,3.389445187975522,,0.0798517356635156,0.033484041551453604,0.01422301422266653,0.14548045710436466,2.384769937070189,0.01708980509786182,-0.05404377598401112,0.01860001941978458,-0.09049981404678889,-0.01758773792123334,-2.9055763203411233,0.003665774382234598,0.17886732067610595,0.021794112064689692,0.13615086102931415,0.22158378032289774,8.207139623086666,2.265200988871086e-16,0.13620311626076803,0.00026045476770097297,0.0013788781819463274,0.05849971745037315,True,58.626952051989214,41.373047948010786,41.373047948010786,False,False
18,F1amplitudeLogRelF0_sma3nz_amean,ok,lbfgs,True,158,3784,-11.124800006383191,14.501569670355149,,-0.12598049758019156,0.039144028256177334,-0.20270279296229915,-0.04925820219808398,-3.2183835745190716,0.001289152943347653,0.04150902251930533,0.022124553541956672,-0.001855102422929751,0.0848731474615404,1.8761518708428733,0.060634428755238244,-0.04167043986158535,0.026368666366004566,-0.0933530259389543,0.010012146215783599,-1.5803013805547776,0.11403786386627864,-0.14180861588184346,0.0003144620432477333,0.0015723102162386665,0.007170913247371321,True,88.8383944774977,11.161605522502294,11.16160552250229,True,True
19,jitterLocal_sma3nz_amean,ok,powell,True,158,3784,0.022832727507354805,0.025790992088071316,"Maximum Likelihood optimization failed to converge. Check mle_retvals | MixedLM optimization failed, trying a different optimizer may help. | Gradient optimization failed, |grad| = 9.482068",0.0848706318093815,0.03580661600210973,0.014689664445246428,0.15505159917351657,2.370250006434032,0.017776060726854396,-0.04621189372924053,0.02088792140581739,-0.08715221968464262,-0.0052715677738384495,-2.2123739759175027,0.026940835506698978,0.10919304160500666,0.02572635498334998,0.0587693858376407,0.1596166973723726,4.244403907031372,2.1917526284290806e-05,0.12061657175394912,0.0009786409033536762,0.004605073193715899,0.05859516313666819,True,70.36398943796273,29.636010562037274,29.636010562037267,False,False
20,slopeUV500-1500_sma3nz_amean,ok,lbfgs,True,158,3784,-0.00206160358464015,0.007618116386134342,,-0.1002922095095527,0.03961421640947011,-0.17793607367211411,-0.022648345346991283,-2.5317226642296276,0.011350372633366544,0.0010845046952306222,0.02040766272206799,-0.03891451424002263,0.04108352363048388,0.05314203346069045,0.9576187408910694,-0.11822606176862738,0.023963649509621016,-0.16519481480748457,-0.07125730872977018,-4.933558292995461,8.07449288780404e-07,-0.13386654755169838,0.001023349598603533,0.004605073193715899,0.04310154580604617,True,74.91954587894372,25.080454121056274,25.080454121056267,False,True
21,alphaRatioUV_sma3nz_amean,ok,lbfgs,True,158,3784,-1.2010722184045748,4.286493731921111,The MLE may be on the boundary of the parameter space.,-0.09980231823812116,0.03952504243296257,-0.1772714014067278,-0.022333235069514526,-2.5250401288599083,0.011568507860647021,0.02250436966000368,0.019327167068417278,-0.015376877794094183,0.06038561711410154,1.1643904965657539,0.24426579714094665,-0.0999321424466367,0.022837433041628052,-0.14469351120822768,-0.05517077368504572,-4.375804507646743,1.2098541164368609e-05,-0.1303714821894273,0.0013437625280875558,0.005758982263232381,0.04310154580604617,True,76.55226170790196,23.44773829209804,23.447738292098048,False,True
22,mfcc1V_sma3nz_amean,ok,lbfgs,True,158,3784,38.17927318042731,6.323184089319146,Random effects covariance is singular | The MLE may be on the boundary of the parameter space.,-0.08116732388752224,0.029340904151944916,-0.13867549602533427,-0.0236591517497102,-2.7663538746859615,0.00566869836137035,0.018011434137385457,0.01982854715102942,-0.020852518278632208,0.05687538655340312,0.9083587415757979,0.36368871653424695,-0.02734245419542076,0.024584177065712046,-0.07552744124421637,0.02084253285337485,-1.1121972528238795,0.26605334883747456,-0.09057425815148631,0.0014182612646063254,0.005801977900662241,0.02655337653484006,True,89.6141194463543,10.385880553645709,10.385880553645707,False,True
23,F3amplitudeLogRelF0_sma3nz_amean,ok,lbfgs,True,158,3784,-33.118909846967675,13.897591432538292,,-0.09732394003583243,0.03541961184257971,-0.16674637924728866,-0.027901500824376202,-2.747741575158494,0.006000728503685089,0.033155938217405395,0.021504202918785666,-0.008992299503414507,0.0753041759382253,1.5418352562345379,0.12311363223540148,-0.03899507911691617,0.026047063357393985,-0.09004732329740839,0.012057165063576035,-1.4971007895155533,0.1343670343694614,-0.11153555358535976,0.0015868498600780958,0.006209412495957766,0.026703241841398644,True,87.25822117460422,12.741778825395777,12.741778825395771,False,True
24,F0semitoneFrom27.5Hz_sma3nz_stddevRisingSlope,ok,lbfgs,True,158,3784,5.412800165497435,23.94991994577035,,0.07872981207191192,0.034568684960413695,0.01097518954950108,0.14648443459432275,2.277489356684216,0.022757019488417206,-0.05268907965649478,0.019368390107121273,-0.09065112426645247,-0.014727035046537086,-2.7203644373686133,0.006521000362146069,0.10833496818064711,0.023960968000818754,0.06137147089904235,0.15529846546225187,4.521310164804079,6.14580601904446e-06,0.11488768215454344,0.0024406275089818826,0.009152353158682059,0.07233481194532612,True,68.52763550926805,31.47236449073195,31.47236449073195,False,False
25,StddevVoicedSegmentLengthSec,ok,powell,True,158,3784,0.0034349126584757,0.022854649937079714,"Maximum Likelihood optimization failed to converge. Check mle_retvals | MixedLM optimization failed, trying a different optimizer may help. | Gradient optimization failed, |grad| = 204.531606 | The Hessian matrix at the estimated parameter values is not positive definite. | The MLE may be on the boundary of the parameter space.",0.10532842644101761,0.04385815008385541,0.01936645227666102,0.19129040060537422,2.401570203933202,0.016324876267689477,-0.056682035384638986,0.018937686592310675,-0.0937999011055679,-0.019564169663710065,-2.9930812883794244,0.0027617617935655303,0.05882640543542991,0.021480437910216865,0.016724747131404857,0.10092806373945497,2.7386036393350235,0.0061700709834298685,0.12754665862309847,0.0026823651380142835,0.00965651449685142,0.058116559512974536,True,82.58031027865972,17.41968972134028,17.419689721340276,False,False
26,F0semitoneFrom27.5Hz_sma3nz_percentile20.0,ok,lbfgs,True,158,3784,28.711730645398507,5.433617414387302,,-0.04066375916102364,0.026134551257476088,-0.09188747962567677,0.01055996130362949,-1.5559386790462417,0.11972267468941265,0.036974615067822396,0.01817013056883439,0.0013611591529069933,0.0725880709827378,2.0349119081863765,0.04185973757662626,-0.11979832502246278,0.02334832154771076,-0.16556103525597587,-0.07403561478894968,-5.130918073817973,2.883323929853604e-07,-0.07842174111974616,0.004059846024536974,0.013595811368305481,0.27068022291311417,True,51.852660474513144,48.147339525486856,48.147339525486856,False,False
27,slopeUV0-500_sma3nz_amean,ok,lbfgs,True,158,3784,0.00036151426406572253,0.012637068412521931,The MLE may be on the boundary of the parameter space.,0.10006400120282204,0.03334018664914329,0.0347172353705012,0.16541076703514287,3.001302969771865,0.0026882694803568056,0.017506180118332798,0.01923092386447965,-0.02018643065604732,0.055198790892712915,0.9103140463608964,0.3626569129096867,-0.014498412281206326,0.02290652383088932,-0.05939519898974939,0.03039837442733674,-0.6329381266333959,0.5267740487938609,0.09407674995531828,0.004078743410491644,0.013595811368305481,0.013291999097319762,True,106.36421990592511,-6.364219905925106,6.364219905925104,False,True
28,F2amplitudeLogRelF0_sma3nz_amean,ok,lbfgs,True,158,3784,-24.7521430098605,15.471383555051178,,-0.06808644311609273,0.0344782721608227,-0.13566385655130522,-0.0005090296808802353,-1.974763781621825,0.04829496099005457,0.023454593261963284,0.020355545326622104,-0.01644227557821604,0.06335146210214261,1.1522458811893423,0.24922004878816317,-0.04983495898606082,0.02445958361883366,-0.0977757428789748,-0.0018941750931468493,-2.0374410195473787,0.04160586677841851,-0.08445950664359414,0.009833587849040098,0.030244858197929478,0.1343203602535893,True,80.61430361345447,19.385696386545526,19.38569638654553,False,False
29,MeanUnvoicedSegmentLength,ok,powell,True,158,3784,0.0036855038527663117,0.030363515791795928,"Maximum Likelihood optimization failed to converge. Check mle_retvals | MixedLM optimization failed, trying a different optimizer may help. | Gradient optimization failed, |grad| = 42.523545 | The MLE may be on the boundary of the parameter space. | The Hessian matrix at the estimated parameter values is not positive definite.",0.10563274765129094,0.04991277448017192,0.007803709670153966,0.2034617856324279,2.1163469422693386,0.03431531106066799,-0.037179657171817364,0.019780308306044683,-0.07594906145166494,0.0015897471080302122,-1.879629811455244,0.060158547416583684,0.033904057821706336,0.022657223518835763,-0.010504100275211758,0.07831221591862443,1.4963906673525411,0.1345518801394124,0.11856031163976406,0.009617504646551613,0.030244858197929478,0.10180208947998172,True,89.09621288129497,10.903787118705022,10.903787118705024,False,False
30,spectralFluxV_sma3nz_amean,ok,lbfgs,True,158,3784,0.5135673903929066,0.5001445497571431,,0.08253352220304282,0.03238221436328457,0.019064382051005066,0.14600266235508058,2.5487300305386325,0.010811595902807721,0.008517155108055056,0.021316349312213823,-0.03326288954388403,0.050297199759994145,0.3995597455880921,0.689480810430465,-0.002137192172917138,0.02659252761397351,-0.054258546296305214,0.049984161950470944,-0.08036814717056505,0.9359444598091251,0.08095615140163609,0.01041767337928682,0.030244858197929478,0.04310154580604617,True,101.94842612216229,-1.9484261221622834,1.948426122162286,False,True
31,slopeV0-500_sma3nz_amean,ok,lbfgs,True,158,3784,0.04571016931984374,0.027433208660863607,,-0.05560899056821771,0.029060495385071695,-0.11256756152295824,0.0013495803865228098,-1.913559622138579,0.05567644847121916,0.007470286374896616,0.02006365237901254,-0.031854472287967964,0.04679504503776119,0.37232933634311083,0.7096476589818818,-0.060650784277450444,0.025643744361601842,-0.11091252322619005,-0.010389045328710836,-2.3651298118642563,0.01802375213390382,-0.07353875521200058,0.010085277085167202,0.030244858197929478,0.14574129158642662,True,75.61861824816833,24.381381751831665,24.381381751831665,False,False
32,F0semitoneFrom27.5Hz_sma3nz_stddevFallingSlope,ok,lbfgs,True,158,3784,5.027804901350849,20.78710139043044,The MLE may be on the boundary of the parameter space.,0.06352422222323775,0.03827730165790687,-0.011499289026259712,0.13854773347273522,1.6595794236220849,0.0969990905738261,-0.058746480481440114,0.01935580686759702,-0.09668386194193027,-0.020809099020949955,-3.035083005492571,0.002404694957427806,0.09289757107319435,0.02282601025346909,0.04815859097639494,0.13763655116999376,4.069812027665931,4.705108476800399e-05,0.09576948062787555,0.01238861138213957,0.03484296951226754,0.23980330725195897,True,66.33034011123979,33.66965988876021,33.669659888760215,False,False
33,StddevUnvoicedSegmentLength,ok,powell,True,158,3784,0.0005231326380468918,0.012525080206507984,"Maximum Likelihood optimization failed to converge. Check mle_retvals | MixedLM optimization failed, trying a different optimizer may help. | Gradient optimization failed, |grad| = 262.739620 | The Hessian matrix at the estimated parameter values is not positive definite. | The MLE may be on the boundary of the parameter space.",0.0712269686302694,0.04601617161238959,-0.018964727730014203,0.161418664990553,1.5478681979509121,0.12165403276993896,-0.027664581032755004,0.0275801679239186,-0.08172171016363546,0.02639254809812545,-1.0030606452096036,0.31583160145429223,0.014188853774324165,0.029405649203597835,-0.04344621866472759,0.07182392621337592,0.4825213575828189,0.6294356301187938,0.07635859199253549,0.021236513038998185,0.05791776283363142,0.27068022291311417,True,93.27957309274673,6.7204269072532625,6.720426907253267,False,False
34,Duration,ok,lbfgs,True,158,3784,0.36653549154334036,0.1537820116587134,,0.01385972872744748,0.03892077114237261,-0.06242498271160282,0.09014444016649778,0.35610108229224036,0.7217648667363294,-0.07740688614454927,0.019820231068416943,-0.11625453903864648,-0.03855923325045206,-3.905448219919861,9.405089633187073e-05,0.30938330993027896,0.022453207266935508,0.2653750236870854,0.35339159617347254,13.779025252480318,3.4084317385270206e-43,0.10868209367470856,0.024823721504456994,0.06383242672574656,0.8921815713824073,True,12.752541158187846,87.24745884181215,87.24745884181215,False,False
35,jitterLocal_sma3nz_stddevNorm,ok,lbfgs,True,158,3784,0.9416081657956589,0.5212616086142035,,0.02595797179576653,0.03285530643369846,-0.038438428814282444,0.09035437240581551,0.790069386452059,0.4294872472254062,-0.04317388916037896,0.019110866742730968,-0.08063118797613165,-0.005716590344626266,-2.259127738243512,0.023875440160099178,0.1980386638629144,0.022624645351836586,0.1536943589733147,0.2423829687525141,8.75322732282468,2.073364614182555e-18,0.08664991898342889,0.024783707772701873,0.06383242672574656,0.6949884546011119,True,29.957294940726705,70.0427050592733,70.04270505927329,False,False
36,F0semitoneFrom27.5Hz_sma3nz_amean,ok,lbfgs,True,158,3784,30.3326432394931,4.989842492832672,,-0.022449862098586477,0.02255537141963254,-0.06665839008106626,0.021758665883893306,-0.995322208662269,0.319579579700364,0.020685072027518802,0.01569875471156071,-0.010084487207140187,0.051454631262177794,1.3176250223392638,0.18762920495662028,-0.06784665821604782,0.020186384113347746,-0.1074119710782094,-0.02828134535388624,-3.3610109584304353,0.0007765774437516272,-0.04377220506560979,0.05197097053968455,0.12992742634921137,0.5576976979084783,True,51.287939606735755,48.712060393264245,48.71206039326425,False,False
37,spectralFlux_sma3_amean,ok,lbfgs,True,158,3784,0.46682968251623735,0.42752475131613826,,0.061788567662027116,0.03203879054194632,-0.0010074618001876673,0.1245845971242419,1.9285549365894863,0.05378613797125108,0.006214162333946093,0.021129118072400234,-0.03519890908795836,0.047627233755850554,0.2941041984172212,0.7686782828182822,-0.007063966176544284,0.026388904789538942,-0.058786219564040613,0.044658287210952045,-0.2676869780266354,0.788940274160542,0.059074269018747336,0.05895292533155196,0.1433990075632345,0.14505958422549534,True,104.59472235266828,-4.59472235266829,4.5947223526682865,False,False
38,loudness_sma3_percentile80.0,ok,lbfgs,True,158,3784,1.224896742883542,0.7661156137769082,,0.04889895680931988,0.028897971516911706,-0.007741067363827063,0.10553898098246683,1.6921241956620787,0.09062229601623854,0.009201275221018091,0.017807141310006828,-0.025700721746595292,0.04410327218863147,0.5167182682965166,0.6053528416032867,0.017028166893036913,0.022033790489743653,-0.026158062466860643,0.06021439625293447,0.7728205866785939,0.4396285680644516,0.05274639962883802,0.062178467277643874,0.14348877064071663,0.23043955272700656,True,92.70577167997904,7.294228320020968,7.294228320020974,False,False
39,VoicedSegmentsPerSec,ok,lbfgs,True,158,3784,4.1819804286304665,2.4122326267873664,,0.14295493594783118,0.041054807226667156,0.062487513783563556,0.22342235811209882,3.482051082558117,0.000497588760646746,-0.014344720614842033,0.018675737980618612,-0.05094916705685451,0.022259725827170448,-0.7680939103840908,0.4424313945089239,-0.19360428834739613,0.026456867599360147,-0.245459748842142,-0.14174882785265025,-7.317732820043988,2.5219534627962284e-13,0.08820512525991558,0.06094319571643894,0.14348877064071663,0.003163242835540028,True,162.07100837574163,-62.07100837574162,62.071008375741634,True,True
40,slopeV500-1500_sma3nz_amean,ok,powell,True,158,3784,-0.02941282526219965,0.014992495992242252,"Maximum Likelihood optimization failed to converge. Check mle_retvals | MixedLM optimization failed, trying a different optimizer may help. | Gradient optimization failed, |grad| = 79.392475 | The MLE may be on the boundary of the parameter space. | The Hessian matrix at the estimated parameter values is not positive definite.",0.04645969620982108,0.03176219264831917,-0.01579420138088449,0.10871359380052664,1.462735798004792,0.1435396867011986,-0.03611056516551539,0.020375761803190454,-0.07604705829976868,0.003825927968737902,-1.7722314146733482,0.07635615087257515,0.009919380036413274,0.024590172728351005,-0.03827735851115469,0.05811611858398124,0.4033879772213564,0.6866628299507279,0.052685122127225974,0.09039425387081672,0.19842641093593913,0.3041674313430161,True,88.18371170826651,11.816288291733489,11.816288291733494,False,False
41,shimmerLocaldB_sma3nz_stddevNorm,ok,lbfgs,True,158,3784,0.8204866540642853,0.37118361330368654,,-0.0759681147338547,0.03725731841525555,-0.14899245882775558,-0.0029437706399538244,-2.0390118764625975,0.04144884225389295,0.005930961366208239,0.021527830755324415,-0.03626358691422761,0.048125509646644096,0.27550204354618274,0.7829305560215206,0.07247989052521894,0.02554374158009292,0.02241415702823682,0.12254562402220107,2.8374813571440494,0.00454710021613201,-0.055969575537252916,0.08849766240315025,0.19842641093593913,0.1189982890514991,True,135.7310896225949,-35.7310896225949,35.731089622594894,False,False
42,F2frequency_sma3nz_amean,ok,lbfgs,True,158,3784,1546.2142178977015,206.04159740635413,The MLE may be on the boundary of the parameter space.,-0.03976904254056911,0.0312398456357204,-0.10099913998658108,0.021461054905442874,-1.2730230169606285,0.2030098743739026,0.011232114841539903,0.02083613519102522,-0.02960671013286953,0.05207093981594933,0.5390690134501493,0.589839235596362,-0.02116949215109699,0.02589713817253856,-0.07192788296927256,0.029588898667078586,-0.817445233139514,0.4136740350517152,-0.0467966949207608,0.1296893073847039,0.27790565868150835,0.396880230055831,True,84.98258821036107,15.017411789638924,15.017411789638926,False,False
43,mfcc3_sma3_amean,ok,lbfgs,True,158,3784,10.307146596544728,18.383082915830055,The MLE may be on the boundary of the parameter space. | The Hessian matrix at the estimated parameter values is not positive definite.,-0.0457507800470892,0.030873151703935123,-0.10626215738680203,0.014760597292623641,-1.4818953531478212,0.1383681416944593,0.02129757236733494,0.020193849122751493,-0.018282371913257982,0.060877516647927864,1.0546564073978315,0.2915824956910156,0.010660747410968367,0.024945452378592702,-0.038232339251073326,0.05955383407301006,0.4273623604483934,0.6691154182064831,-0.044667631213025465,0.13658154585046678,0.2858683517800467,0.3003601124587043,True,102.42490771202543,-2.424907712025437,2.424907712025433,False,False
44,alphaRatioV_sma3nz_amean,ok,powell,True,158,3784,-18.818941987265813,7.061182739869709,"Maximum Likelihood optimization failed to converge. Check mle_retvals | MixedLM optimization failed, trying a different optimizer may help. | Gradient optimization failed, |grad| = 46.276569 | The MLE may be on the boundary of the parameter space. | The Hessian matrix at the estimated parameter values is not positive definite.",0.049223601475312,0.030902979940832284,-0.011346239208719279,0.10979344215934328,1.592843200544313,0.11119537100859501,-0.01643176810427072,0.020113983798548073,-0.05585517634942494,0.022991640140883503,-0.8169325514449727,0.4139669742212613,-0.023295605114441755,0.02498374887061705,-0.07226375290085117,0.025672542671967665,-0.932430326412675,0.35111417823471147,0.044245188946592566,0.15066746640614048,0.3081834540125601,0.26746994648013395,True,111.25187313524363,-11.251873135243628,11.251873135243626,False,False
45,F3frequency_sma3nz_stddevNorm,ok,powell,True,158,3784,0.08182094678962398,0.04104491642696115,"Maximum Likelihood optimization failed to converge. Check mle_retvals | MixedLM optimization failed, trying a different optimizer may help. | Gradient optimization failed, |grad| = 31.517937 | The MLE may be on the boundary of the parameter space.",0.02100690783063608,0.030975331629581576,-0.03970474216334381,0.08171855782461597,0.6781818539296732,0.49765639651970195,-0.014863061645726686,0.02013050120339498,-0.05431884400438084,0.024592720712927472,-0.7383353993799247,0.46031066018627376,0.07502465111475012,0.025473682186668643,0.02509623402887958,0.12495306820062066,2.945182819074873,0.0032276388798188767,0.0438906910520461,0.1591388104242536,0.3182776208485072,0.7260888408238274,True,47.8618753250566,52.1381246749434,52.1381246749434,False,False
46,logRelF0-H1-A3_sma3nz_amean,ok,lbfgs,True,158,3784,28.327365798517338,8.671060979434476,The MLE may be on the boundary of the parameter space.,-0.03888081617737916,0.02932328649803665,-0.09635445771353099,0.01859282535877268,-1.3259365105607257,0.18486072814526078,0.008224483895658824,0.019733390089709386,-0.030452960680171573,0.04690192847148922,0.4167800797668185,0.6768392742257925,0.004488809965878641,0.02451316059753761,-0.043556984805295074,0.05253460473705235,0.1831183681115992,0.8547051437873611,-0.03833454788523493,0.17697918521777933,0.34626362325217697,0.3739228364756411,True,101.42500256890894,-1.4250025689089396,1.4250025689089465,False,False
47,F0semitoneFrom27.5Hz_sma3nz_percentile50.0,ok,lbfgs,True,158,3784,30.583978928798853,5.151680289839654,,-0.011794068591488087,0.021776513529470132,-0.054476035109249546,0.030887897926273375,-0.5415958149373722,0.5880969755132942,0.025555270802642856,0.015179740387163652,-0.0041970203561979,0.05530756196148361,1.6835117169891125,0.09227607306815297,-0.04962009804483792,0.01944646596895835,-0.08773517134399628,-0.011505024745679555,-2.551625479099626,0.01072217069575185,-0.02840560505641026,0.1880914683602587,0.36017515217921875,0.7812034450848236,True,41.52021605618478,58.47978394381522,58.479783943815235,False,False
48,F0semitoneFrom27.5Hz_sma3nz_meanRisingSlope,ok,powell,True,158,3784,40.75532864745269,95.9724643250066,"Maximum Likelihood optimization failed to converge. Check mle_retvals | MixedLM optimization failed, trying a different optimizer may help. | Gradient optimization failed, |grad| = 53.304976",0.024704274110520032,0.03395417461695328,-0.04184590813870838,0.09125445635974845,0.7275769294708527,0.4668726073910543,-0.008056844693886022,0.019821397044237812,-0.04690678290059214,0.03079309351282009,-0.4064720905345161,0.6843957597279124,0.06026004736553591,0.02442343707218041,0.012390110704062311,0.10812998402700952,2.4673041385389323,0.013613467415094933,0.042758909953194285,0.19316746608262092,0.36218899890491424,0.7184340232710068,True,57.77573408106609,42.22426591893391,42.22426591893391,False,False
49,mfcc2_sma3_amean,ok,lbfgs,True,158,3784,8.277287914690387,10.831806737884047,Random effects covariance is singular | The MLE may be on the boundary of the parameter space.,-0.04430250614956061,0.028519008455557462,-0.10019976272245323,0.01159475042333201,-1.5534378138917182,0.12031857492171136,0.020416639705407687,0.01944166764735507,-0.017689028883408255,0.05852230829422363,1.0501485816822538,0.29364980553014686,0.03854353241984612,0.024532125813106355,-0.009539434173842336,0.08662649901353459,1.571145228647659,0.11614891893252324,-0.035180005881189046,0.20199259230691624,0.37100680219637683,0.27068022291311417,True,125.93092309074747,-25.93092309074747,25.930923090747466,False,False
50,HNRdBACF_sma3nz_stddevNorm,ok,powell,True,158,3784,0.24362888699317456,8.085618027590357,"Maximum Likelihood optimization failed to converge. Check mle_retvals | MixedLM optimization failed, trying a different optimizer may help. | Gradient optimization failed, |grad| = 64.215791 | The MLE may be on the boundary of the parameter space. | The Hessian matrix at the estimated parameter values is not positive definite.",-0.054370708820730654,0.03954840828651209,-0.13188558906229436,0.02314417142083304,-1.3747888012796126,0.16919693099449473,-0.010856442331660084,0.019451718479948647,-0.04898181055235943,0.027268925889039265,-0.5581225300402736,0.5767607168312479,0.020913983910984934,0.02229866840329609,-0.022791406159475402,0.06461937398144527,0.9379028170082802,0.3482943553833663,-0.04722731952684049,0.22883074372137524,0.4118953386984754,0.350198299035117,True,115.12554463276365,-15.125544632763654,15.125544632763651,False,False
51,mfcc3_sma3_stddevNorm,ok,lbfgs,True,158,3784,2.2178825484086655,178.00309425315868,The MLE may be on the boundary of the parameter space. | The Hessian matrix at the estimated parameter values is not positive definite.,0.04085013309992289,0.039854774086929376,-0.037265224110458676,0.11896549031030446,1.024974649481703,0.30537514934751253,-0.004292784162161531,0.01911471130354873,-0.04175761831711704,0.03317204999279398,-0.22458012020116444,0.822305931635311,0.0035445713015593424,0.0219212348914685,-0.03942104908571892,0.046510191688837604,0.161695785803511,0.871545423311752,0.04222193676574909,0.28538452893078947,0.502167796894351,0.5435677658385722,True,96.75096935169725,3.249030648302753,3.2490306483027567,False,False
52,mfcc4_sma3_stddevNorm,ok,powell,True,158,3784,-0.5511707224455873,15.063791141764261,"Maximum Likelihood optimization failed to converge. Check mle_retvals | MixedLM optimization failed, trying a different optimizer may help. | Gradient optimization failed, |grad| = 266.653835 | The Hessian matrix at the estimated parameter values is not positive definite. | The MLE may be on the boundary of the parameter space.",-0.014367047845349205,0.03462525263217455,-0.08223254300441132,0.05349844731371292,-0.4149297623318718,0.6781933214920901,0.018971301032324292,0.017545898364015718,-0.015418659761146515,0.0533612618257951,1.081238511630267,0.2795910311116595,-0.06752440400844158,0.02139465298752055,-0.10945792386398186,-0.025590884152901297,-3.1561345747382954,0.0015987507825526931,-0.035737217996273184,0.29014139376118053,0.502167796894351,0.8747710958376235,True,40.201920157432106,59.79807984256789,59.79807984256789,False,False
53,mfcc3V_sma3nz_amean,ok,lbfgs,True,158,3784,9.656308179639279,19.43675256334905,The MLE may be on the boundary of the parameter space. | The Hessian matrix at the estimated parameter values is not positive definite.,-0.030208996903773985,0.030979890044166663,-0.09092958139034064,0.03051158758279267,-0.9751163371046944,0.32950255567281084,0.017929195945553845,0.020258803058730606,-0.02177805804955814,0.05763644994066583,0.8850076627714287,0.37615249851447363,0.0022594140596718013,0.02501071551375299,-0.046761588347284055,0.05128041646662766,0.0903378417314525,0.9280187497197092,-0.031238441807212705,0.298892619808666,0.5028112226104176,0.5639562972092339,True,96.7045574494659,3.2954425505341,3.2954425505340987,False,False
54,mfcc4_sma3_amean,ok,lbfgs,True,158,3784,-9.930206339072384,17.017790081415246,The MLE may be on the boundary of the parameter space. | The Hessian matrix at the estimated parameter values is not positive definite.,0.011289418035831134,0.03023296031822853,-0.047967184187896784,0.07054602025955906,0.373414244486814,0.7088401594129252,-0.014433439101887593,0.020343878002762182,-0.05430743998730147,0.02544056178352628,-0.7094733413131901,0.4780307891182384,0.06205886597901598,0.02462876489256263,0.013786486789593225,0.11033124516843873,2.5197717485929005,0.011743095567560417,0.030376752800811566,0.30168673356625053,0.5028112226104176,0.8921815713824073,True,37.16466374750075,62.83533625249925,62.83533625249925,False,False
55,loudness_sma3_percentile50.0,ok,lbfgs,True,158,3784,0.9379210889016536,0.5569919099590709,,-0.020392214284860995,0.03201975676940434,-0.08315093755289352,0.04236650898317152,-0.6368634974874716,0.5242137612463252,0.02659984713823697,0.02035032244452479,-0.013286784853031617,0.06648647912950556,1.3070970846161507,0.19117974130062576,-0.02872437392387103,0.02518133434232312,-0.07807978923482435,0.02063104138708229,-1.1407010261403425,0.25399435940843296,-0.031151734434741448,0.32578873831853794,0.5331088445212439,0.7525003992084346,True,65.46092747285019,34.53907252714982,34.53907252714982,False,False
56,mfcc2V_sma3nz_stddevNorm,ok,powell,True,158,3784,-0.6407901508249756,66.68582540438328,"Maximum Likelihood optimization failed to converge. Check mle_retvals | MixedLM optimization failed, trying a different optimizer may help. | Gradient optimization failed, |grad| = 157.933567 | The Hessian matrix at the estimated parameter values is not positive definite. | invalid value encountered in scalar subtract | The random effects covariance matrix is singular.",-0.03223018365735992,,,,,,0.0009600114206883299,0.029971983631820572,-0.05778507649767999,0.05970509933905665,0.03203029310576253,0.974447892881028,0.008510376799344837,0.03504224979422115,-0.06017243279732862,0.0771931863960183,0.24286045700034622,0.8081134993072887,-0.03371480607308318,0.3487809682257841,0.5605408417914387,,True,95.59652690125205,4.4034730987479564,4.403473098747955,False,False
57,F3bandwidth_sma3nz_amean,ok,lbfgs,True,158,3784,838.8104547799012,284.14559242145424,The MLE may be on the boundary of the parameter space.,-0.03829947547620715,0.031410069144143966,-0.09986321099872933,0.023264260046315023,-1.2193375092696233,0.22271611756612542,0.018824752760424907,0.02039478242164034,-0.021149020785990163,0.058798526306839974,0.9230180725267498,0.3559977871732001,0.044067779087618,0.025252245217957815,-0.005426621539579318,0.09356217971481531,1.7451034039650366,0.08096687116879851,-0.027412269174700705,0.36451671855305845,0.5755527135048292,0.4159411973929098,True,139.71654528897756,-39.71654528897757,39.71654528897757,False,False
58,F1frequency_sma3nz_amean,ok,lbfgs,True,158,3784,554.3337075957285,134.0973865540639,Random effects covariance is singular | The MLE may be on the boundary of the parameter space.,-0.014679905568577924,0.028524628775751616,-0.07058817796905109,0.041228366831895236,-0.514639671000981,0.6068048379558747,-0.006190073982396631,0.01894906360997047,-0.04333023865793875,0.03095009069314549,-0.3266691225385716,0.7439181567133188,-0.036734966535384404,0.024120280888338026,-0.08401071707652694,0.010540784005758128,-1.5229908269080517,0.1277610004096889,-0.024587536573616193,0.37354001642361545,0.5796310599676792,0.7942004496775419,True,59.704661850224916,40.295338149775084,40.29533814977509,False,False
59,mfcc4V_sma3nz_amean,ok,lbfgs,True,158,3784,-11.620906511561936,18.244722229636594,The Hessian matrix at the estimated parameter values is not positive definite.,0.01046756781710074,0.03346965933526447,-0.05513296448001762,0.0760681001142191,0.3127479641261795,0.754472152040032,-0.02302298714817625,0.021752825065868807,-0.06565852427727911,0.01961254998092661,-1.058390672405139,0.2898773701591718,0.05410910552786844,0.02612841536829611,0.002897411406008063,0.10532079964972882,2.070891202744876,0.03836896447682202,0.02807708538489231,0.380482626143854,0.5803972263211332,0.8953069537541715,True,37.281532871403805,62.71846712859619,62.71846712859619,False,False
60,loudness_sma3_stddevFallingSlope,ok,lbfgs,True,158,3784,0.5195172291060016,1.3467353381825449,Random effects covariance is singular,-0.023721532777850548,0.03355662875972412,-0.08949252514690983,0.04204945959120873,-0.7069104869772255,0.4796221065230627,-0.021269045919615388,0.0196661897538658,-0.05981477783719236,0.017276685997961578,-1.0815031374053794,0.27947336584426785,-0.021032249822963273,0.023353440585263435,-0.0668049933700796,0.024740493724153056,-0.9006060475832034,0.3677978180102959,-0.02759255338340947,0.40083893549858685,0.6012584032478803,0.7184340232710068,True,85.97077786977684,14.029222130223163,14.029222130223165,False,False
61,F3bandwidth_sma3nz_stddevNorm,ok,lbfgs,True,158,3784,0.4036390399887673,0.2290393109130746,The MLE may be on the boundary of the parameter space.,-0.03922775539978999,0.030959343601388346,-0.09990806885851114,0.02145255805893117,-1.2670732269023577,0.20512910766930592,0.023085581484354536,0.02018045148304953,-0.01646810342242254,0.06263926639113161,1.143957631658794,0.2526412082888825,0.06259944454437139,0.02496342819513236,0.013671125281911958,0.11152776380683081,2.5076461475983374,0.01215383095217096,-0.023492228925231926,0.433824603082152,0.6197494329745029,0.396880230055831,True,166.98183694973812,-66.98183694973811,66.98183694973811,False,False
62,hammarbergIndexV_sma3nz_amean,ok,lbfgs,True,158,3784,29.543642960819582,6.72143796993364,Random effects covariance is singular | The MLE may be on the boundary of the parameter space.,-0.02430204417274595,0.029165557784527014,-0.0814665374304189,0.032862449084927,-0.8332446220397243,0.40470678131036897,0.012116071412266843,0.019748492024517884,-0.02659097295578821,0.0508231157803219,0.6135188143593273,0.5395333463164098,0.010981862306261936,0.024594989387798968,-0.03722431689382404,0.05918804150634791,0.4465081132220287,0.6552302533579311,-0.022282496860363744,0.4298908474769204,0.6197494329745029,0.6670167321596822,True,109.0633797686048,-9.063379768604808,9.063379768604799,False,False
63,F1frequency_sma3nz_stddevNorm,ok,lbfgs,True,158,3784,0.2253045983867642,0.1135336840733385,The MLE may be on the boundary of the parameter space.,-0.004110626439214239,0.03183640419750217,-0.0665099786663185,0.05828872578789002,-0.12911717082473625,0.8972649353841783,-0.03723373030304981,0.019742098633591318,-0.07592824362488879,0.0014607830187891718,-1.8860067004070356,0.05929405174404754,0.08920946013787345,0.024415530545685425,0.04135502026833002,0.1370639000074169,3.6537997800599933,0.0002583877863332832,0.024956109830020032,0.4225921256748194,0.6197494329745029,0.9493007224765106,False,16.471423099242465,83.52857690075753,116.47142309924246,False,False
64,slopeV500-1500_sma3nz_stddevNorm,ok,lbfgs,True,158,3784,-0.5187318505796586,5.755776564759929,The Hessian matrix at the estimated parameter values is not positive definite.,-0.027289396896535745,0.03819219511938356,-0.10214609933052751,0.04756730553745603,-0.7145281074112876,0.474900682126274,-0.00556922073069005,0.01899182967857336,-0.04279320690069383,0.03165476543931373,-0.29324298000488397,0.769336434007474,-0.007727427931885338,0.02308739269634444,-0.05297871761672043,0.037523861752949764,-0.3347033609866595,0.737848865848336,-0.028970974733158884,0.44181595739421275,0.6213036900856117,0.7184340232710068,True,94.19564632494577,5.80435367505423,5.804353675054226,False,False
65,alphaRatioV_sma3nz_stddevNorm,ok,lbfgs,True,158,3784,-0.30394906173440495,3.0383872730147425,The MLE may be on the boundary of the parameter space. | The Hessian matrix at the estimated parameter values is not positive definite.,-0.029761363642076082,0.039661001791380567,-0.107496927153182,0.04797419986902983,-0.750393643575187,0.45301765812270467,-0.02447998247803607,0.019103979860566316,-0.06192378300474605,0.01296381804867391,-1.2814074688471948,0.20005058213017857,-0.00881394077839276,0.022399074537680093,-0.05271612687224574,0.035088245315460224,-0.3934957564235881,0.6939533576268698,-0.029798432876499366,0.4565882063430461,0.6226202813768811,0.7184340232710068,True,99.87560005394607,0.12439994605393245,0.12439994605393605,False,False
66,loudness_sma3_meanRisingSlope,ok,powell,True,158,3784,5.919830600281781,6.144269967974707,"Maximum Likelihood optimization failed to converge. Check mle_retvals | MixedLM optimization failed, trying a different optimizer may help. | Gradient optimization failed, |grad| = 61.470548",0.03614647515139877,0.0297477294383078,-0.022159074547684517,0.09445202485048207,1.2151003062724832,0.22432783679617607,0.0331727955694109,0.02018285333818423,-0.006385596973430191,0.07273118811225199,1.6436127743469655,0.10025621356992147,-0.030001676073114145,0.025228495892213664,-0.07944952802185293,0.01944617587562464,-1.1891979688877783,0.23436177359978871,0.024029517842943975,0.45332814230310947,0.6226202813768811,0.4159411973929098,True,150.42530352731492,-50.42530352731494,50.425303527314924,False,False
67,F1bandwidth_sma3nz_stddevNorm,ok,lbfgs,True,158,3784,0.12550493188914408,0.05376882210229986,,0.0005766146175063511,0.033472453436101016,-0.06502939411725163,0.06618262335226434,0.017226541777318763,0.9862558880526545,0.02010749689489037,0.019877722054147666,-0.018852838331239057,0.05906783212101979,1.0115594151139042,0.3117487591913227,0.08709085027676709,0.024512610861351772,0.03904613298851762,0.13513556756501657,3.552899802039463,0.0003810095594414617,0.023702457360937273,0.48447967396443214,0.6507935918925207,0.9929721279839974,True,2.432720830274072,97.56727916972594,97.56727916972594,False,False
68,logRelF0-H1-H2_sma3nz_stddevNorm,ok,lbfgs,True,158,3784,6.7652222691001676,328.5888892317372,The Hessian matrix at the estimated parameter values is not positive definite.,0.02166675444167135,0.03679232740489993,-0.050446207271932525,0.09377971615527522,0.5888932821027737,0.5559328645432735,0.0031617784845732262,0.018778187694570497,-0.03364346939678495,0.0399670263659314,0.16837506025607674,0.8662882270189484,0.004775909107856337,0.022635179579616922,-0.03958904286819283,0.0491408610839055,0.21099497315926152,0.8328911938989276,0.022718447142843524,0.531877419975838,0.7039554087915504,0.7612003837592514,True,95.37075445975863,4.629245540241367,4.6292455402413655,False,False
69,loudness_sma3_amean,ok,lbfgs,True,158,3784,0.9017473385171142,0.5081689625931202,,-0.007685222478081872,0.029048071459281136,-0.0646194425382729,0.049248997582109155,-0.26456911223365814,0.7913414172946653,0.010879967162717474,0.019022299646214835,-0.026403740143863597,0.04816367446929855,0.5719585625853829,0.5673500477778828,-0.029708316708308386,0.023718258226859707,-0.07619610283295342,0.01677946941633664,-1.2525505213812558,0.21036933117099488,-0.017188687661814105,0.5477068480603378,0.70419451893472,0.9086115366715501,True,44.71093215077229,55.28906784922771,55.28906784922771,False,False
70,F3frequency_sma3nz_amean,ok,lbfgs,True,158,3784,2679.1775548503465,247.03451561541985,Random effects covariance is singular | The MLE may be on the boundary of the parameter space.,-0.003513138828383922,0.029954285338753096,-0.06222353809233999,0.055197260435572146,-0.11728334656139598,0.9066355214663304,0.023822906472652977,0.019656536575138116,-0.01470390521461773,0.062349718159923684,1.2119584943964414,0.22552826904958045,-0.04106372691311046,0.025081222387007076,-0.09022292279164432,0.00809546896542341,-1.637229887741949,0.10158244430789555,-0.01751901817630804,0.5462807979397342,0.70419451893472,0.9493007224765106,True,20.05328605192578,79.94671394807422,79.9467139480742,False,False
71,F2amplitudeLogRelF0_sma3nz_stddevNorm,ok,powell,True,158,3784,0.2921441893703545,51.73301079740399,"Maximum Likelihood optimization failed to converge. Check mle_retvals | MixedLM optimization failed, trying a different optimizer may help. | Gradient optimization failed, |grad| = 72.035981 | The MLE may be on the boundary of the parameter space. | The Hessian matrix at the estimated parameter values is not positive definite.",-0.021450972961528442,0.039540770335296065,-0.09895088281870873,0.05604893689565185,-0.5425026568685799,0.5874722776622544,-0.03572518952017424,0.01910083063400442,-0.0731628175628229,0.0017124385224744215,-1.8703474317276108,0.061435586858608275,-0.0012056081353502125,0.022708671759106583,-0.045714604783199116,0.04330338851249869,-0.05309020924426115,0.9576600323438765,-0.018214254255884306,0.6359256052022301,0.8061028798338128,0.7812034450848236,True,117.77025103620961,-17.770251036209615,17.770251036209626,False,False
72,equivalentSoundLevel_dBp,ok,lbfgs,True,158,3784,-27.278386264724407,5.640868239447421,,-0.004977082133159015,0.02778728793039257,-0.059440166476728444,0.04948600221041042,-0.1791136344657548,0.8578484763757037,0.005346292743682656,0.019313079480829543,-0.03250734303874325,0.04319992852610856,0.2768223860409971,0.7819164910632491,-0.02107706172744016,0.024575259195778874,-0.06924456975116676,0.027090446296286434,-0.8576536898158301,0.3910837188938373,-0.011479569634324456,0.6716653252095974,0.8280805379296406,0.9493007224765106,True,43.35599932489894,56.64400067510106,56.64400067510106,False,False
73,mfcc2_sma3_stddevNorm,ok,powell,True,158,3784,0.35648367196630615,25.97309120292142,"Maximum Likelihood optimization failed to converge. Check mle_retvals | MixedLM optimization failed, trying a different optimizer may help. | Gradient optimization failed, |grad| = 259.996449 | The Hessian matrix at the estimated parameter values is not positive definite. | The MLE may be on the boundary of the parameter space.",0.021073003014602496,0.03513208178525593,-0.04778587728449914,0.08993188331370412,0.599822212170937,0.548624728376865,0.003687713930544942,0.017787530940808007,-0.031175846713438753,0.038551274574528636,0.20732016955116683,0.835759823301808,-0.020813619627550312,0.02079186829184974,-0.06156568147957581,0.01993844222447518,-1.0010461462815776,0.3168044991335476,0.014611641841965796,0.6656486583463065,0.8280805379296406,0.7612003837592514,True,144.22063750617784,-44.22063750617784,44.22063750617784,False,False
74,slopeV0-500_sma3nz_stddevNorm,ok,powell,True,158,3784,0.5685704861999928,10.923420443340653,"Maximum Likelihood optimization failed to converge. Check mle_retvals | MixedLM optimization failed, trying a different optimizer may help. | Gradient optimization failed, |grad| = 233.759592 | The Hessian matrix at the estimated parameter values is not positive definite. | The MLE may be on the boundary of the parameter space.",0.005465663095487365,0.03815120307074124,-0.06931069492316547,0.0802420211141402,0.14326319108083563,0.8860823251728871,-0.00016072504127702243,0.020012243214006593,-0.03938472174072995,0.0390632716581759,-0.008031335595828196,0.9935919902141528,0.021867019481703814,0.021458673846074295,-0.020191981256601804,0.06392602022000943,1.0190293975554423,0.3081890103155597,0.011759486794244196,0.7226054944327246,0.8594242139172524,0.9493007224765106,True,46.47875533278027,53.52124466721973,53.52124466721973,False,False
75,loudness_sma3_meanFallingSlope,ok,lbfgs,True,158,3784,-0.8434609072415816,5.925093462124412,Random effects covariance is singular,-0.019947550824155537,0.03328069192090051,-0.08517770698912053,0.04528260534080946,-0.5993730800899706,0.5489241243388278,-0.022405453299184842,0.02012057225521678,-0.06184177491940973,0.017030868321040046,-1.1135594462714968,0.26546823228405736,0.013862404352199405,0.02418155153186641,-0.03353343665025876,0.06125824535465757,0.5732636441434104,0.566466197502826,-0.01362156578160633,0.7170403460332504,0.8594242139172524,0.7612003837592514,True,146.44095358766614,-46.44095358766614,46.44095358766613,False,False
76,F0semitoneFrom27.5Hz_sma3nz_meanFallingSlope,ok,lbfgs,True,158,3784,2.3577099566999626,64.81359484806593,The MLE may be on the boundary of the parameter space.,0.0003457634065015846,0.03925451627378037,-0.07659308849010794,0.0772846153031111,0.00880824524979648,0.9929721279839974,-0.0188053828658461,0.019867580687843323,-0.057745841014019014,0.020135075282326817,-0.9465361264319834,0.34387520506048286,0.04044123037711442,0.02235831828431341,-0.003381073460139869,0.0842635342143687,1.8087778276905544,0.0704855262364609,0.013732091965394386,0.7257360028634576,0.8594242139172524,0.9929721279839974,True,2.5179223047218664,97.48207769527814,97.48207769527814,False,False
77,F0semitoneFrom27.5Hz_sma3nz_percentile80.0,ok,lbfgs,True,158,3784,32.09571727461341,5.204868414236087,,0.007712619224432625,0.02297438147445471,-0.03731716846549861,0.052742406914363854,0.335705195502578,0.7370931875378521,-0.00040621995224773166,0.0159729464973856,-0.03171319508712351,0.030900755182628047,-0.025431748132019375,0.9797105879448733,-0.0030633428893540086,0.020497800890732346,-0.043239032635189405,0.03711234685648138,-0.14944739221947634,0.881200618002494,0.0068669834073308775,0.7579412767002092,0.8634774038356814,0.8953069537541715,True,112.31451667990031,-12.314516679900311,12.314516679900308,False,False
78,loudnessPeaksPerSec,ok,powell,True,158,3784,3.667319707454322,1.906047575066794,"Maximum Likelihood optimization failed to converge. Check mle_retvals | MixedLM optimization failed, trying a different optimizer may help. | Gradient optimization failed, |grad| = 110.120169",0.03792271028911518,0.03393358564515914,-0.02858711757539672,0.10443253815362707,1.117556826610368,0.2637563165366963,-0.030399071647225242,0.018991877790113805,-0.0676231521158483,0.006825008821397815,-1.6006353865150416,0.10945769982796372,-0.18138098540424316,0.025528733387507264,-0.2314173028437574,-0.13134466796472893,-7.10497393862101,1.2034524676064718e-12,-0.011445144697614321,0.7559857511448497,0.8634774038356814,0.47906759534216264,False,331.3432140095176,-231.34321400951765,431.3432140095177,False,False
79,F2bandwidth_sma3nz_amean,ok,powell,True,158,3784,1018.1116768472039,265.60439184230637,"Maximum Likelihood optimization failed to converge. Check mle_retvals | MixedLM optimization failed, trying a different optimizer may help. | Gradient optimization failed, |grad| = 142.003473 | The MLE may be on the boundary of the parameter space.",0.004845157866195206,0.03260054014519939,-0.0590519008183956,0.06874221655078601,0.14862201192420066,0.8818519029100491,-0.007098362753483157,0.019515153703108818,-0.045348064011576435,0.03115133850461012,-0.36373593882339594,0.7160552036737408,0.020617447532527658,0.022825318186269355,-0.024120176112560274,0.06535507117761559,0.9032709802455307,0.3663820943223425,0.011065995558025333,0.7411360214229956,0.8634774038356814,0.9493007224765106,True,43.7842021604769,56.2157978395231,56.2157978395231,False,False
80,MeanVoicedSegmentLengthSec,ok,lbfgs,True,158,3784,0.2669211711136951,0.1198725819555502,,-0.08860444947937082,0.04124087325612457,-0.16943656106137497,-0.007772337897366671,-2.148462010711968,0.03167707117362095,-0.04324593827570298,0.02184589479708432,-0.08606389207798824,-0.00042798447341771406,-1.979591070880504,0.04774949713458335,0.3504261599331117,0.02587245987889476,0.29971613857047796,0.40113618129574546,13.54436963371113,8.554509014654156e-42,0.01459386860861628,0.775417870820694,0.8723451046732809,0.0972158391190436,False,607.1347622456899,-507.1347622456899,707.1347622456899,False,False
81,loudness_sma3_stddevRisingSlope,ok,lbfgs,True,158,3784,2.1417874977535076,2.887914558972761,Random effects covariance is singular,-0.023811950014869875,0.034049016686981036,-0.0905480227213527,0.04292412269161295,-0.6993432507545687,0.4843375437782068,-0.006143876333577991,0.02000993340994503,-0.04536334581707025,0.03307559314991427,-0.3070413183146555,0.7588119227024062,0.051414834894684486,0.023765991063561448,0.00483349241010405,0.09799617737926491,2.1633785335177906,0.03051207725274052,-0.008539708012188112,0.7966084018949228,0.8801522222911635,0.7184340232710068,True,278.8379881476602,-178.83798814766018,178.83798814766018,False,False
82,F1amplitudeLogRelF0_sma3nz_stddevNorm,ok,powell,True,158,3784,-2.2637610629281664,73.57973967680086,"Maximum Likelihood optimization failed to converge. Check mle_retvals | MixedLM optimization failed, trying a different optimizer may help. | Gradient optimization failed, |grad| = 62.372383 | The MLE may be on the boundary of the parameter space. | The Hessian matrix at the estimated parameter values is not positive definite.",0.012764282446739182,0.03983074109498233,-0.06530397009942618,0.09083253499290456,0.32046309196961337,0.7486173045899187,-0.0018343125393189329,0.019062221249352196,-0.039196266188049236,0.03552764110941137,-0.09622763870612767,0.9233397801545957,-0.013030500516003251,0.02773944215707552,-0.06739980714387127,0.04133880611186476,-0.46974630716139154,0.6385362793829452,0.00919980835477715,0.8019164691986156,0.8801522222911635,0.8953069537541715,True,138.7450907073637,-38.745090707363694,38.74509070736371,False,False
83,F1bandwidth_sma3nz_amean,ok,powell,True,158,3784,1315.6641614805064,164.47181093076244,"Maximum Likelihood optimization failed to converge. Check mle_retvals | MixedLM optimization failed, trying a different optimizer may help. | Gradient optimization failed, |grad| = 102.613960 | The MLE may be on the boundary of the parameter space.",0.004077335257498938,0.03148801383764297,-0.05763917186428128,0.06579384237927915,0.12948848658801737,0.8969711346256469,-0.007732633282979136,0.020415644098709544,-0.04774729571644984,0.03228202915049157,-0.3787601922129858,0.7048659506830195,0.009436036235183572,0.025611243675967968,-0.04076200136971364,0.05963407384008079,0.3684333472660593,0.7125501359943042,0.007449049642290628,0.8202330967841311,0.8834589551301504,0.9493007224765106,True,54.736314742092816,45.263685257907184,45.26368525790718,False,False
84,F2frequency_sma3nz_stddevNorm,ok,powell,True,158,3784,0.12379504858908594,0.07626788832784122,"Maximum Likelihood optimization failed to converge. Check mle_retvals | MixedLM optimization failed, trying a different optimizer may help. | Gradient optimization failed, |grad| = 134.443777 | The Hessian matrix at the estimated parameter values is not positive definite. | The MLE may be on the boundary of the parameter space.",-0.029430544836472762,0.032768138653570054,-0.09365609659747007,0.03479500692452454,-0.8981451509228869,0.3691081704571896,-0.017713942970744422,0.017952785641978254,-0.052901402829021796,0.017473516887532955,-0.9866960662263267,0.3237916591091712,0.07053204767730321,0.02180622751709478,0.027791841743797445,0.11327225361080898,3.2344910472024697,0.0012185974109215657,-0.007464963352790221,0.8245616914548071,0.8834589551301504,0.6198231541639598,True,394.24901966159473,-294.24901966159473,294.24901966159473,False,False
85,logRelF0-H1-A3_sma3nz_stddevNorm,ok,lbfgs,True,158,3784,0.28258371805987786,1.696866793123781,The Hessian matrix at the estimated parameter values is not positive definite.,-0.004656503998036565,0.03567877871611469,-0.07458691028162136,0.06527390228554823,-0.13051186631378184,0.896161466479968,-0.00036058486471226913,0.0202077599500492,-0.0399677943668087,0.03924662463738416,-0.01784388104389528,0.9857633983129844,0.0003668740306469297,0.024107460742270784,-0.0468837490242038,0.047617497085497666,0.015218277634841947,0.9878580399064697,-0.004509272799050134,0.8972701995700699,0.95005079954478,0.9493007224765106,True,103.2650763337593,-3.265076333759298,3.265076333759287,False,False
86,F2bandwidth_sma3nz_stddevNorm,ok,powell,True,158,3784,0.2570871997657062,0.18475532297016717,"Maximum Likelihood optimization failed to converge. Check mle_retvals | MixedLM optimization failed, trying a different optimizer may help. | Gradient optimization failed, |grad| = 10.084268 | The MLE may be on the boundary of the parameter space.",-0.008466188208834814,0.03220067488534169,-0.07157951098410452,0.0546471345664349,-0.2629195890763386,0.7926125574415708,0.015105535013133227,0.01966454071360676,-0.023436964785536023,0.05364803481180248,0.768161089197524,0.4423914873136291,0.02831125956197226,0.023679317978380555,-0.018100203675653632,0.07472272279959816,1.1956112751144568,0.23184828942276048,-0.0018167245773881816,0.953864667543104,0.967954283325707,0.9086115366715501,True,466.0138534045843,-366.0138534045843,366.0138534045843,False,False
87,mfcc4V_sma3nz_stddevNorm,ok,powell,True,158,3784,-59.79954662148045,3613.786005565144,"Maximum Likelihood optimization failed to converge. Check mle_retvals | MixedLM optimization failed, trying a different optimizer may help. | Gradient optimization failed, |grad| = 54.978244 | The MLE may be on the boundary of the parameter space. | The Hessian matrix at the estimated parameter values is not positive definite.",0.0010553220729853337,0.038654126371742516,-0.07470676561562999,0.07681740976160066,0.027301666653545432,0.9782191275679777,0.0010207671638790303,0.018165546088430157,-0.03458370316944408,0.03662523749720213,0.0561924843277444,0.9551884683420443,-0.015524008313034583,,,,,,-0.0034773502217890703,0.9294606976529637,0.967954283325707,0.9929721279839974,False,30.348455164874892,69.6515448351251,130.3484551648749,False,False
88,mfcc2V_sma3nz_amean,ok,lbfgs,True,158,3784,7.798352739168571,11.493014066587815,Random effects covariance is singular | The MLE may be on the boundary of the parameter space.,-0.010411488642487731,0.028698881647369497,-0.06666129667133194,0.045838319386356484,-0.362783775703052,0.7167664125164497,0.017023364717003005,0.019520764997290684,-0.021237334677686737,0.055284064111692746,0.8720644257213128,0.3831732318779426,0.03664680161570856,0.024703250062206906,-0.011771568506216974,0.08506517173763409,1.4834809801716697,0.13794666609759054,-0.0015667520876121517,0.9549708139389156,0.967954283325707,0.8921815713824073,True,664.5268721713098,-564.5268721713098,564.5268721713098,False,False
89,mfcc3V_sma3nz_stddevNorm,ok,lbfgs,True,158,3784,0.1573913257188079,24.393874000456776,The Hessian matrix at the estimated parameter values is not positive definite.,-0.0034055044284987458,0.035850121862231736,-0.07367174327847294,0.06686073442147546,-0.0949928271258252,0.9243205242817465,-0.0010980402712728308,0.020380166718077984,-0.04104316703870568,0.03884708649616002,-0.05387788463471338,0.9570324565731514,0.004936566874010443,0.02410562453746451,-0.04231045721941999,0.05218359096744088,0.20478900541813896,0.8377369773745961,-0.0018846205207994958,0.9571992357331992,0.967954283325707,0.9565642635008772,True,180.69974251654963,-80.69974251654963,80.69974251654965,False,False
90,logRelF0-H1-H2_sma3nz_amean,ok,lbfgs,True,158,3784,8.44112317318146,8.025170775202968,,-0.008188224428857136,0.03172206165532948,-0.07036346527330292,0.053987016415588646,-0.25812396803917914,0.7963112343863024,-0.019161929953307934,0.02099360747710943,-0.060309400608442414,0.021985540701826546,-0.9127507015743396,0.3613736714645941,0.02513411959321846,0.025817282200590437,-0.025467753519938793,0.07573599270637571,0.9735385544433351,0.33028570815481695,0.000837674406244837,0.9782674968506789,0.9782674968506789,0.9086115366715501,False,977.4948796112398,-877.4948796112398,1077.4948796112396,False,False
