Group,Task,Feature,Devices,N_complete_targets,ICC_2_1_absolute_agreement,ICC_Category
task_mean,C,F0semitoneFrom27.5Hz_sma3nz_amean,"1,2,3",102,0.7822660853334626,good
task_mean,C,F0semitoneFrom27.5Hz_sma3nz_meanFallingSlope,"1,2,3",102,0.3679144709738732,poor
task_mean,C,F0semitoneFrom27.5Hz_sma3nz_meanRisingSlope,"1,2,3",102,0.3210713588410868,poor
task_mean,C,F0semitoneFrom27.5Hz_sma3nz_pctlrange0-2,"1,2,3",102,0.5706229030914965,moderate
task_mean,C,F0semitoneFrom27.5Hz_sma3nz_percentile20.0,"1,2,3",102,0.8601675104423481,good
task_mean,C,F0semitoneFrom27.5Hz_sma3nz_percentile50.0,"1,2,3",102,0.8084344177150671,good
task_mean,C,F0semitoneFrom27.5Hz_sma3nz_percentile80.0,"1,2,3",102,0.657386191085328,moderate
task_mean,C,F0semitoneFrom27.5Hz_sma3nz_stddevFallingSlope,"1,2,3",102,0.307683333936507,poor
task_mean,C,F0semitoneFrom27.5Hz_sma3nz_stddevNorm,"1,2,3",102,0.6209440734936056,moderate
task_mean,C,F0semitoneFrom27.5Hz_sma3nz_stddevRisingSlope,"1,2,3",102,0.2713225221006276,poor
task_mean,C,F1amplitudeLogRelF0_sma3nz_amean,"1,2,3",102,0.3569118680083244,poor
task_mean,C,F1amplitudeLogRelF0_sma3nz_stddevNorm,"1,2,3",102,0.000960498013304,poor
task_mean,C,F1bandwidth_sma3nz_amean,"1,2,3",102,0.4045070781002251,poor
task_mean,C,F1bandwidth_sma3nz_stddevNorm,"1,2,3",102,0.2528348483648355,poor
task_mean,C,F1frequency_sma3nz_amean,"1,2,3",102,0.3698098441921513,poor
task_mean,C,F1frequency_sma3nz_stddevNorm,"1,2,3",102,0.347582906740931,poor
task_mean,C,F2amplitudeLogRelF0_sma3nz_amean,"1,2,3",102,0.4766660315077403,poor
task_mean,C,F2amplitudeLogRelF0_sma3nz_stddevNorm,"1,2,3",102,-0.0025238159815717,poor
task_mean,C,F2bandwidth_sma3nz_amean,"1,2,3",102,0.2360215617634802,poor
task_mean,C,F2bandwidth_sma3nz_stddevNorm,"1,2,3",102,0.3735856242210268,poor
task_mean,C,F2frequency_sma3nz_amean,"1,2,3",102,0.33722872307829,poor
task_mean,C,F2frequency_sma3nz_stddevNorm,"1,2,3",102,0.2855810381099455,poor
task_mean,C,F3amplitudeLogRelF0_sma3nz_amean,"1,2,3",102,0.6514993777660217,moderate
task_mean,C,F3amplitudeLogRelF0_sma3nz_stddevNorm,"1,2,3",102,-0.0268424014350708,poor
task_mean,C,F3bandwidth_sma3nz_amean,"1,2,3",102,0.259008309757996,poor
task_mean,C,F3bandwidth_sma3nz_stddevNorm,"1,2,3",102,0.2490231733664676,poor
task_mean,C,F3frequency_sma3nz_amean,"1,2,3",102,0.3915428135493213,poor
task_mean,C,F3frequency_sma3nz_stddevNorm,"1,2,3",102,0.3827483243070805,poor
task_mean,C,Gap_Before,"1,2,3",102,0.7701397808693671,good
task_mean,C,HNRdBACF_sma3nz_amean,"1,2,3",102,0.8912034173860582,good
task_mean,C,HNRdBACF_sma3nz_stddevNorm,"1,2,3",102,2.1685887141279732e-05,poor
task_mean,C,MeanUnvoicedSegmentLength,"1,2,3",102,0.0588308989668835,poor
task_mean,C,MeanVoicedSegmentLengthSec,"1,2,3",102,0.8959287985505587,good
task_mean,C,StddevUnvoicedSegmentLength,"1,2,3",102,0.3697771590025672,poor
task_mean,C,StddevVoicedSegmentLengthSec,"1,2,3",102,0.2216077655770432,poor
task_mean,C,VoicedSegmentsPerSec,"1,2,3",102,0.8085981391627667,good
task_mean,C,Word_Duration,"1,2,3",102,0.819030788745384,good
task_mean,C,alphaRatioUV_sma3nz_amean,"1,2,3",102,0.1521320106619654,poor
task_mean,C,alphaRatioV_sma3nz_amean,"1,2,3",102,0.652449683358229,moderate
task_mean,C,alphaRatioV_sma3nz_stddevNorm,"1,2,3",102,0.2005988123147465,poor
task_mean,C,equivalentSoundLevel_dBp,"1,2,3",102,0.0497137547020234,poor
task_mean,C,hammarbergIndexUV_sma3nz_amean,"1,2,3",102,0.1272917536023206,poor
task_mean,C,hammarbergIndexV_sma3nz_amean,"1,2,3",102,0.5785015987441195,moderate
task_mean,C,hammarbergIndexV_sma3nz_stddevNorm,"1,2,3",102,0.0654264491926023,poor
task_mean,C,jitterLocal_sma3nz_amean,"1,2,3",102,0.5168889514915702,moderate
task_mean,C,jitterLocal_sma3nz_stddevNorm,"1,2,3",102,0.5768376675860579,moderate
task_mean,C,logRelF0-H1-A3_sma3nz_amean,"1,2,3",102,0.6362478264806524,moderate
task_mean,C,logRelF0-H1-A3_sma3nz_stddevNorm,"1,2,3",102,-0.0011847038228515,poor
task_mean,C,logRelF0-H1-H2_sma3nz_amean,"1,2,3",102,0.5654526989986275,moderate
task_mean,C,logRelF0-H1-H2_sma3nz_stddevNorm,"1,2,3",102,0.030057057398969,poor
task_mean,C,loudnessPeaksPerSec,"1,2,3",102,0.5163254320892315,moderate
task_mean,C,loudness_sma3_amean,"1,2,3",102,0.0884466831172823,poor
task_mean,C,loudness_sma3_meanFallingSlope,"1,2,3",102,0.2594096717314392,poor
task_mean,C,loudness_sma3_meanRisingSlope,"1,2,3",102,0.1270962878845136,poor
task_mean,C,loudness_sma3_pctlrange0-2,"1,2,3",102,0.1576203802177984,poor
task_mean,C,loudness_sma3_percentile20.0,"1,2,3",102,0.1482603112256639,poor
task_mean,C,loudness_sma3_percentile50.0,"1,2,3",102,0.0962367951401409,poor
task_mean,C,loudness_sma3_percentile80.0,"1,2,3",102,0.0875455619392045,poor
task_mean,C,loudness_sma3_stddevFallingSlope,"1,2,3",102,0.0913148548687594,poor
task_mean,C,loudness_sma3_stddevNorm,"1,2,3",102,0.5803698459423954,moderate
task_mean,C,loudness_sma3_stddevRisingSlope,"1,2,3",102,0.1432489738448157,poor
task_mean,C,mfcc1V_sma3nz_amean,"1,2,3",102,0.4216144487027359,poor
task_mean,C,mfcc1V_sma3nz_stddevNorm,"1,2,3",102,0.1205190472455165,poor
task_mean,C,mfcc1_sma3_amean,"1,2,3",102,0.4037677673353422,poor
task_mean,C,mfcc1_sma3_stddevNorm,"1,2,3",102,0.0125026765356747,poor
task_mean,C,mfcc2V_sma3nz_amean,"1,2,3",102,0.5320146734457145,moderate
task_mean,C,mfcc2V_sma3nz_stddevNorm,"1,2,3",102,0.0008825082734325,poor
task_mean,C,mfcc2_sma3_amean,"1,2,3",102,0.495617528598947,poor
task_mean,C,mfcc2_sma3_stddevNorm,"1,2,3",102,0.0191558122726893,poor
task_mean,C,mfcc3V_sma3nz_amean,"1,2,3",102,0.4799133408848193,poor
task_mean,C,mfcc3V_sma3nz_stddevNorm,"1,2,3",102,-0.0058999745512667,poor
task_mean,C,mfcc3_sma3_amean,"1,2,3",102,0.4848403193423213,poor
task_mean,C,mfcc3_sma3_stddevNorm,"1,2,3",102,0.0089926322915356,poor
task_mean,C,mfcc4V_sma3nz_amean,"1,2,3",102,0.3964244106109629,poor
task_mean,C,mfcc4V_sma3nz_stddevNorm,"1,2,3",102,-0.0017417286231457,poor
task_mean,C,mfcc4_sma3_amean,"1,2,3",102,0.4043672635393988,poor
task_mean,C,mfcc4_sma3_stddevNorm,"1,2,3",102,-0.0407269607374651,poor
task_mean,C,shimmerLocaldB_sma3nz_amean,"1,2,3",102,0.5167131519018014,moderate
task_mean,C,shimmerLocaldB_sma3nz_stddevNorm,"1,2,3",102,0.4149191135494203,poor
task_mean,C,slopeUV0-500_sma3nz_amean,"1,2,3",102,0.3015203560237335,poor
task_mean,C,slopeUV500-1500_sma3nz_amean,"1,2,3",102,0.4355865434115236,poor
task_mean,C,slopeV0-500_sma3nz_amean,"1,2,3",102,0.2045798019192727,poor
task_mean,C,slopeV0-500_sma3nz_stddevNorm,"1,2,3",102,0.0171877955938034,poor
task_mean,C,slopeV500-1500_sma3nz_amean,"1,2,3",102,0.403730586828233,poor
task_mean,C,slopeV500-1500_sma3nz_stddevNorm,"1,2,3",102,0.0027426716053272,poor
task_mean,C,spectralFluxUV_sma3nz_amean,"1,2,3",102,0.108096654118788,poor
task_mean,C,spectralFluxV_sma3nz_amean,"1,2,3",102,0.0455249595571687,poor
task_mean,C,spectralFluxV_sma3nz_stddevNorm,"1,2,3",102,0.7285886739693116,moderate
task_mean,C,spectralFlux_sma3_amean,"1,2,3",102,0.047582388769483,poor
task_mean,C,spectralFlux_sma3_stddevNorm,"1,2,3",102,0.6800684099693641,moderate
task_mean,W,F0semitoneFrom27.5Hz_sma3nz_amean,"1,2,3",102,0.794844153711983,good
task_mean,W,F0semitoneFrom27.5Hz_sma3nz_meanFallingSlope,"1,2,3",102,0.2265933244295624,poor
task_mean,W,F0semitoneFrom27.5Hz_sma3nz_meanRisingSlope,"1,2,3",102,0.1417392241184747,poor
task_mean,W,F0semitoneFrom27.5Hz_sma3nz_pctlrange0-2,"1,2,3",102,0.438439952995629,poor
task_mean,W,F0semitoneFrom27.5Hz_sma3nz_percentile20.0,"1,2,3",102,0.8828353760612178,good
task_mean,W,F0semitoneFrom27.5Hz_sma3nz_percentile50.0,"1,2,3",102,0.8381963435770352,good
task_mean,W,F0semitoneFrom27.5Hz_sma3nz_percentile80.0,"1,2,3",102,0.6205588398349461,moderate
task_mean,W,F0semitoneFrom27.5Hz_sma3nz_stddevFallingSlope,"1,2,3",102,0.1383092985347431,poor
task_mean,W,F0semitoneFrom27.5Hz_sma3nz_stddevNorm,"1,2,3",102,0.5065953763039986,moderate
task_mean,W,F0semitoneFrom27.5Hz_sma3nz_stddevRisingSlope,"1,2,3",102,0.2848938565349301,poor
task_mean,W,F1amplitudeLogRelF0_sma3nz_amean,"1,2,3",102,0.4544428781996256,poor
task_mean,W,F1amplitudeLogRelF0_sma3nz_stddevNorm,"1,2,3",102,0.0442864566525167,poor
task_mean,W,F1bandwidth_sma3nz_amean,"1,2,3",102,0.4074583020347026,poor
task_mean,W,F1bandwidth_sma3nz_stddevNorm,"1,2,3",102,0.1903745305709472,poor
task_mean,W,F1frequency_sma3nz_amean,"1,2,3",102,0.2903724844999052,poor
task_mean,W,F1frequency_sma3nz_stddevNorm,"1,2,3",102,0.3207636616075513,poor
task_mean,W,F2amplitudeLogRelF0_sma3nz_amean,"1,2,3",102,0.5007574934449408,moderate
task_mean,W,F2amplitudeLogRelF0_sma3nz_stddevNorm,"1,2,3",102,-0.0046446163571211,poor
task_mean,W,F2bandwidth_sma3nz_amean,"1,2,3",102,0.2963339425179858,poor
task_mean,W,F2bandwidth_sma3nz_stddevNorm,"1,2,3",102,0.423359283035808,poor
task_mean,W,F2frequency_sma3nz_amean,"1,2,3",102,0.3037708095721446,poor
task_mean,W,F2frequency_sma3nz_stddevNorm,"1,2,3",102,0.3441499363160107,poor
task_mean,W,F3amplitudeLogRelF0_sma3nz_amean,"1,2,3",102,0.6014687956057221,moderate
task_mean,W,F3amplitudeLogRelF0_sma3nz_stddevNorm,"1,2,3",102,0.0068567000346957,poor
task_mean,W,F3bandwidth_sma3nz_amean,"1,2,3",102,0.3262123372902762,poor
task_mean,W,F3bandwidth_sma3nz_stddevNorm,"1,2,3",102,0.3944717678661668,poor
task_mean,W,F3frequency_sma3nz_amean,"1,2,3",102,0.3881629315594781,poor
task_mean,W,F3frequency_sma3nz_stddevNorm,"1,2,3",102,0.3420589738100434,poor
task_mean,W,Gap_Before,"1,2,3",102,0.9098901859058264,excellent
task_mean,W,HNRdBACF_sma3nz_amean,"1,2,3",102,0.8823557876089307,good
task_mean,W,HNRdBACF_sma3nz_stddevNorm,"1,2,3",102,0.0143818817400546,poor
task_mean,W,MeanUnvoicedSegmentLength,"1,2,3",102,0.4870163411752752,poor
task_mean,W,MeanVoicedSegmentLengthSec,"1,2,3",102,0.8289212116482297,good
task_mean,W,StddevUnvoicedSegmentLength,"1,2,3",102,0.1528758854628194,poor
task_mean,W,StddevVoicedSegmentLengthSec,"1,2,3",102,0.2839058731210014,poor
task_mean,W,VoicedSegmentsPerSec,"1,2,3",102,0.7442472182635128,moderate
task_mean,W,Word_Duration,"1,2,3",102,0.8106395960789241,good
task_mean,W,alphaRatioUV_sma3nz_amean,"1,2,3",102,0.1014129568513739,poor
task_mean,W,alphaRatioV_sma3nz_amean,"1,2,3",102,0.6454417512706493,moderate
task_mean,W,alphaRatioV_sma3nz_stddevNorm,"1,2,3",102,0.0020816766825515,poor
task_mean,W,equivalentSoundLevel_dBp,"1,2,3",102,0.0323387373595382,poor
task_mean,W,hammarbergIndexUV_sma3nz_amean,"1,2,3",102,0.1557534974494823,poor
task_mean,W,hammarbergIndexV_sma3nz_amean,"1,2,3",102,0.6250555288148347,moderate
task_mean,W,hammarbergIndexV_sma3nz_stddevNorm,"1,2,3",102,0.2096205462361392,poor
task_mean,W,jitterLocal_sma3nz_amean,"1,2,3",102,0.5143490208404589,moderate
task_mean,W,jitterLocal_sma3nz_stddevNorm,"1,2,3",102,0.5542775865737741,moderate
task_mean,W,logRelF0-H1-A3_sma3nz_amean,"1,2,3",102,0.6763363986381439,moderate
task_mean,W,logRelF0-H1-A3_sma3nz_stddevNorm,"1,2,3",102,0.0078704285345424,poor
task_mean,W,logRelF0-H1-H2_sma3nz_amean,"1,2,3",102,0.5538439109347015,moderate
task_mean,W,logRelF0-H1-H2_sma3nz_stddevNorm,"1,2,3",102,0.1323455170430391,poor
task_mean,W,loudnessPeaksPerSec,"1,2,3",102,0.5561635303603183,moderate
task_mean,W,loudness_sma3_amean,"1,2,3",102,0.0767989942178737,poor
task_mean,W,loudness_sma3_meanFallingSlope,"1,2,3",102,0.3332587089977861,poor
task_mean,W,loudness_sma3_meanRisingSlope,"1,2,3",102,0.1220253693010666,poor
task_mean,W,loudness_sma3_pctlrange0-2,"1,2,3",102,0.1452639012335181,poor
task_mean,W,loudness_sma3_percentile20.0,"1,2,3",102,0.1265223189991833,poor
task_mean,W,loudness_sma3_percentile50.0,"1,2,3",102,0.0765073491153679,poor
task_mean,W,loudness_sma3_percentile80.0,"1,2,3",102,0.0848485533255799,poor
task_mean,W,loudness_sma3_stddevFallingSlope,"1,2,3",102,0.3136578846283051,poor
task_mean,W,loudness_sma3_stddevNorm,"1,2,3",102,0.5030325724811242,moderate
task_mean,W,loudness_sma3_stddevRisingSlope,"1,2,3",102,0.093433673686316,poor
task_mean,W,mfcc1V_sma3nz_amean,"1,2,3",102,0.4816349610468845,poor
task_mean,W,mfcc1V_sma3nz_stddevNorm,"1,2,3",102,0.1641146314305448,poor
task_mean,W,mfcc1_sma3_amean,"1,2,3",102,0.5160285870224245,moderate
task_mean,W,mfcc1_sma3_stddevNorm,"1,2,3",102,0.3121256329524029,poor
task_mean,W,mfcc2V_sma3nz_amean,"1,2,3",102,0.563016823473758,moderate
task_mean,W,mfcc2V_sma3nz_stddevNorm,"1,2,3",102,0.0193806816826772,poor
task_mean,W,mfcc2_sma3_amean,"1,2,3",102,0.5270908623483831,moderate
task_mean,W,mfcc2_sma3_stddevNorm,"1,2,3",102,0.0114740278868647,poor
task_mean,W,mfcc3V_sma3nz_amean,"1,2,3",102,0.5806020046028042,moderate
task_mean,W,mfcc3V_sma3nz_stddevNorm,"1,2,3",102,0.0396194698402582,poor
task_mean,W,mfcc3_sma3_amean,"1,2,3",102,0.5836300029557511,moderate
task_mean,W,mfcc3_sma3_stddevNorm,"1,2,3",102,-0.0008341054693994,poor
task_mean,W,mfcc4V_sma3nz_amean,"1,2,3",102,0.4265431348147103,poor
task_mean,W,mfcc4V_sma3nz_stddevNorm,"1,2,3",102,0.0033695019359157,poor
task_mean,W,mfcc4_sma3_amean,"1,2,3",102,0.4366090572424378,poor
task_mean,W,mfcc4_sma3_stddevNorm,"1,2,3",102,-0.0175245670255492,poor
task_mean,W,shimmerLocaldB_sma3nz_amean,"1,2,3",102,0.5091794967271639,moderate
task_mean,W,shimmerLocaldB_sma3nz_stddevNorm,"1,2,3",102,0.3132789864881644,poor
task_mean,W,slopeUV0-500_sma3nz_amean,"1,2,3",102,0.1699382638545972,poor
task_mean,W,slopeUV500-1500_sma3nz_amean,"1,2,3",102,0.3137370294069961,poor
task_mean,W,slopeV0-500_sma3nz_amean,"1,2,3",102,0.2284522298488102,poor
task_mean,W,slopeV0-500_sma3nz_stddevNorm,"1,2,3",102,-0.0094114273228764,poor
task_mean,W,slopeV500-1500_sma3nz_amean,"1,2,3",102,0.4505748394495156,poor
task_mean,W,slopeV500-1500_sma3nz_stddevNorm,"1,2,3",102,-0.005222183325433,poor
task_mean,W,spectralFluxUV_sma3nz_amean,"1,2,3",102,0.0874475795949962,poor
task_mean,W,spectralFluxV_sma3nz_amean,"1,2,3",102,0.0277695551730826,poor
task_mean,W,spectralFluxV_sma3nz_stddevNorm,"1,2,3",102,0.6845629649333406,moderate
task_mean,W,spectralFlux_sma3_amean,"1,2,3",102,0.0316243610767453,poor
task_mean,W,spectralFlux_sma3_stddevNorm,"1,2,3",102,0.6281712820397777,moderate
task_mean,CW,F0semitoneFrom27.5Hz_sma3nz_amean,"1,2,3",101,0.777845639601175,good
task_mean,CW,F0semitoneFrom27.5Hz_sma3nz_meanFallingSlope,"1,2,3",101,0.2718265260334092,poor
task_mean,CW,F0semitoneFrom27.5Hz_sma3nz_meanRisingSlope,"1,2,3",101,0.2391314281073925,poor
task_mean,CW,F0semitoneFrom27.5Hz_sma3nz_pctlrange0-2,"1,2,3",101,0.4142767363703937,poor
task_mean,CW,F0semitoneFrom27.5Hz_sma3nz_percentile20.0,"1,2,3",101,0.8319378235830176,good
task_mean,CW,F0semitoneFrom27.5Hz_sma3nz_percentile50.0,"1,2,3",101,0.8407885255548,good
task_mean,CW,F0semitoneFrom27.5Hz_sma3nz_percentile80.0,"1,2,3",101,0.5960374212810022,moderate
task_mean,CW,F0semitoneFrom27.5Hz_sma3nz_stddevFallingSlope,"1,2,3",101,0.1541994599078262,poor
task_mean,CW,F0semitoneFrom27.5Hz_sma3nz_stddevNorm,"1,2,3",101,0.4944198106375263,poor
task_mean,CW,F0semitoneFrom27.5Hz_sma3nz_stddevRisingSlope,"1,2,3",101,0.1683786668454856,poor
task_mean,CW,F1amplitudeLogRelF0_sma3nz_amean,"1,2,3",101,0.4081587488674342,poor
task_mean,CW,F1amplitudeLogRelF0_sma3nz_stddevNorm,"1,2,3",101,0.0004209306577802,poor
task_mean,CW,F1bandwidth_sma3nz_amean,"1,2,3",101,0.4096381524410398,poor
task_mean,CW,F1bandwidth_sma3nz_stddevNorm,"1,2,3",101,0.157024273558085,poor
task_mean,CW,F1frequency_sma3nz_amean,"1,2,3",101,0.3014573597382646,poor
task_mean,CW,F1frequency_sma3nz_stddevNorm,"1,2,3",101,0.2818889620827347,poor
task_mean,CW,F2amplitudeLogRelF0_sma3nz_amean,"1,2,3",101,0.3910320127038657,poor
task_mean,CW,F2amplitudeLogRelF0_sma3nz_stddevNorm,"1,2,3",101,-0.0252360916347681,poor
task_mean,CW,F2bandwidth_sma3nz_amean,"1,2,3",101,0.3077975835450592,poor
task_mean,CW,F2bandwidth_sma3nz_stddevNorm,"1,2,3",101,0.4079845055854259,poor
task_mean,CW,F2frequency_sma3nz_amean,"1,2,3",101,0.3570607983788765,poor
task_mean,CW,F2frequency_sma3nz_stddevNorm,"1,2,3",101,0.1171711038659279,poor
task_mean,CW,F3amplitudeLogRelF0_sma3nz_amean,"1,2,3",101,0.4865573531863008,poor
task_mean,CW,F3amplitudeLogRelF0_sma3nz_stddevNorm,"1,2,3",101,0.0065161027769981,poor
task_mean,CW,F3bandwidth_sma3nz_amean,"1,2,3",101,0.3708285541287543,poor
task_mean,CW,F3bandwidth_sma3nz_stddevNorm,"1,2,3",101,0.387928949747361,poor
task_mean,CW,F3frequency_sma3nz_amean,"1,2,3",101,0.4645666899010613,poor
task_mean,CW,F3frequency_sma3nz_stddevNorm,"1,2,3",101,0.2668411038137315,poor
task_mean,CW,Gap_Before,"1,2,3",101,0.6665362411480128,moderate
task_mean,CW,HNRdBACF_sma3nz_amean,"1,2,3",101,0.8707485987966426,good
task_mean,CW,HNRdBACF_sma3nz_stddevNorm,"1,2,3",101,0.0053177122354601,poor
task_mean,CW,MeanUnvoicedSegmentLength,"1,2,3",101,0.2694646919812108,poor
task_mean,CW,MeanVoicedSegmentLengthSec,"1,2,3",101,0.7618502912459476,good
task_mean,CW,StddevUnvoicedSegmentLength,"1,2,3",101,0.0909444493555996,poor
task_mean,CW,StddevVoicedSegmentLengthSec,"1,2,3",101,0.4407981003067324,poor
task_mean,CW,VoicedSegmentsPerSec,"1,2,3",101,0.7286187979681406,moderate
task_mean,CW,Word_Duration,"1,2,3",101,0.7210311585376984,moderate
task_mean,CW,alphaRatioUV_sma3nz_amean,"1,2,3",101,0.1995953413699397,poor
task_mean,CW,alphaRatioV_sma3nz_amean,"1,2,3",101,0.6496172684720477,moderate
task_mean,CW,alphaRatioV_sma3nz_stddevNorm,"1,2,3",101,0.0143494473403967,poor
task_mean,CW,equivalentSoundLevel_dBp,"1,2,3",101,0.0281188647634838,poor
task_mean,CW,hammarbergIndexUV_sma3nz_amean,"1,2,3",101,0.170205925794177,poor
task_mean,CW,hammarbergIndexV_sma3nz_amean,"1,2,3",101,0.6393586521244791,moderate
task_mean,CW,hammarbergIndexV_sma3nz_stddevNorm,"1,2,3",101,0.0764912423529413,poor
task_mean,CW,jitterLocal_sma3nz_amean,"1,2,3",101,0.4817809694855034,poor
task_mean,CW,jitterLocal_sma3nz_stddevNorm,"1,2,3",101,0.322479356978579,poor
task_mean,CW,logRelF0-H1-A3_sma3nz_amean,"1,2,3",101,0.7010925807199456,moderate
task_mean,CW,logRelF0-H1-A3_sma3nz_stddevNorm,"1,2,3",101,0.0999723681083148,poor
task_mean,CW,logRelF0-H1-H2_sma3nz_amean,"1,2,3",101,0.5632012259407366,moderate
task_mean,CW,logRelF0-H1-H2_sma3nz_stddevNorm,"1,2,3",101,-0.0148161003719048,poor
task_mean,CW,loudnessPeaksPerSec,"1,2,3",101,0.5176825498341162,moderate
task_mean,CW,loudness_sma3_amean,"1,2,3",101,0.0844238354581243,poor
task_mean,CW,loudness_sma3_meanFallingSlope,"1,2,3",101,0.2471969525772894,poor
task_mean,CW,loudness_sma3_meanRisingSlope,"1,2,3",101,0.1392375594671975,poor
task_mean,CW,loudness_sma3_pctlrange0-2,"1,2,3",101,0.1494968080747815,poor
task_mean,CW,loudness_sma3_percentile20.0,"1,2,3",101,0.1162985000980773,poor
task_mean,CW,loudness_sma3_percentile50.0,"1,2,3",101,0.0916660665269878,poor
task_mean,CW,loudness_sma3_percentile80.0,"1,2,3",101,0.094469646877322,poor
task_mean,CW,loudness_sma3_stddevFallingSlope,"1,2,3",101,0.2962135128864356,poor
task_mean,CW,loudness_sma3_stddevNorm,"1,2,3",101,0.4108424087641464,poor
task_mean,CW,loudness_sma3_stddevRisingSlope,"1,2,3",101,0.1102569970622368,poor
task_mean,CW,mfcc1V_sma3nz_amean,"1,2,3",101,0.51195406757134,moderate
task_mean,CW,mfcc1V_sma3nz_stddevNorm,"1,2,3",101,0.2197166211020336,poor
task_mean,CW,mfcc1_sma3_amean,"1,2,3",101,0.5493809432167134,moderate
task_mean,CW,mfcc1_sma3_stddevNorm,"1,2,3",101,0.4161853533660634,poor
task_mean,CW,mfcc2V_sma3nz_amean,"1,2,3",101,0.6111052678869899,moderate
task_mean,CW,mfcc2V_sma3nz_stddevNorm,"1,2,3",101,-0.0091370499548572,poor
task_mean,CW,mfcc2_sma3_amean,"1,2,3",101,0.567701788891367,moderate
task_mean,CW,mfcc2_sma3_stddevNorm,"1,2,3",101,-0.0684441996418141,poor
task_mean,CW,mfcc3V_sma3nz_amean,"1,2,3",101,0.5435132081929803,moderate
task_mean,CW,mfcc3V_sma3nz_stddevNorm,"1,2,3",101,0.006710528386427,poor
task_mean,CW,mfcc3_sma3_amean,"1,2,3",101,0.5543313353740325,moderate
task_mean,CW,mfcc3_sma3_stddevNorm,"1,2,3",101,0.0231334734595343,poor
task_mean,CW,mfcc4V_sma3nz_amean,"1,2,3",101,0.4344459105325021,poor
task_mean,CW,mfcc4V_sma3nz_stddevNorm,"1,2,3",101,-0.0017378902608299,poor
task_mean,CW,mfcc4_sma3_amean,"1,2,3",101,0.447018395118714,poor
task_mean,CW,mfcc4_sma3_stddevNorm,"1,2,3",101,-0.0466016510159432,poor
task_mean,CW,shimmerLocaldB_sma3nz_amean,"1,2,3",101,0.5027940803335319,moderate
task_mean,CW,shimmerLocaldB_sma3nz_stddevNorm,"1,2,3",101,0.1698736216205723,poor
task_mean,CW,slopeUV0-500_sma3nz_amean,"1,2,3",101,0.240635637260428,poor
task_mean,CW,slopeUV500-1500_sma3nz_amean,"1,2,3",101,0.2307297725958539,poor
task_mean,CW,slopeV0-500_sma3nz_amean,"1,2,3",101,0.2495581866574161,poor
task_mean,CW,slopeV0-500_sma3nz_stddevNorm,"1,2,3",101,0.0026202360875067,poor
task_mean,CW,slopeV500-1500_sma3nz_amean,"1,2,3",101,0.3706661569290425,poor
task_mean,CW,slopeV500-1500_sma3nz_stddevNorm,"1,2,3",101,-0.011681095055854,poor
task_mean,CW,spectralFluxUV_sma3nz_amean,"1,2,3",101,0.1363306330166575,poor
task_mean,CW,spectralFluxV_sma3nz_amean,"1,2,3",101,0.0246307627192384,poor
task_mean,CW,spectralFluxV_sma3nz_stddevNorm,"1,2,3",101,0.5016488663576978,moderate
task_mean,CW,spectralFlux_sma3_amean,"1,2,3",101,0.0248333973672738,poor
task_mean,CW,spectralFlux_sma3_stddevNorm,"1,2,3",101,0.4488396572462139,poor
