Pair,Task_1,Task_2,Behavior_Metric,Speech_Feature,N,Spearman_rho,p_raw,Status,p_fdr_bh,Significant_FDR,Significant_Raw
STT_minus_Hanzi,STT,Hanzi,Total_Hesitation_Duration,Gap_Before,158,0.9871789996029566,3.0946279368908157e-126,ok,5.570330286403468e-124,True,True
STT_minus_Hanzi,STT,Hanzi,Total_Hesitation_Duration,loudness_sma3_stddevNorm,158,0.6315650960890473,5.747749025047475e-19,ok,5.1729741225427274e-17,True,True
STT_minus_Hanzi,STT,Hanzi,Total_Hesitation_Duration,F3amplitudeLogRelF0_sma3nz_stddevNorm,158,-0.5387847431920761,2.8258237065494424e-13,ok,1.43497840626061e-11,True,True
STT_minus_Hanzi,STT,Hanzi,Total_Hesitation_Duration,F0semitoneFrom27.5Hz_sma3nz_stddevNorm,158,0.5377776831229207,3.188840902801356e-13,ok,1.43497840626061e-11,True,True
STT_minus_Hanzi,STT,Hanzi,Total_Hesitation_Duration,loudness_sma3_percentile20.0,158,-0.50302954702073,1.6314304296178916e-11,ok,5.87314954662441e-10,True,True
STT_minus_Hanzi,STT,Hanzi,Total_Hesitation_Duration,spectralFlux_sma3_stddevNorm,158,0.49457450190839397,3.980741377027369e-11,ok,1.1942224131082108e-09,True,True
STT_minus_Hanzi,STT,Hanzi,Total_Hesitation_Duration,F0semitoneFrom27.5Hz_sma3nz_pctlrange0-2,158,0.4818265209725584,1.4601105014582633e-10,ok,3.754569860892677e-09,True,True
STT_minus_Hanzi,STT,Hanzi,Total_Hesitation_Duration,mfcc1V_sma3nz_stddevNorm,158,0.4502973261186049,2.914683595492008e-09,ok,6.558038089857017e-08,True,True
STT_minus_Hanzi,STT,Hanzi,Total_Hesitation_Duration,HNRdBACF_sma3nz_amean,158,-0.4218319061578224,3.3887227284372354e-08,ok,6.777445456874471e-07,True,True
STT_minus_Hanzi,STT,Hanzi,Total_Hesitation_Duration,loudness_sma3_pctlrange0-2,158,0.41712823586502956,4.9753286191860064e-08,ok,8.468714141643627e-07,True,True
STT_minus_Hanzi,STT,Hanzi,Total_Hesitation_Duration,mfcc1_sma3_stddevNorm,158,0.41664143945697857,5.175325308782216e-08,ok,8.468714141643627e-07,True,True
STT_minus_Hanzi,STT,Hanzi,Total_Hesitation_Duration,hammarbergIndexUV_sma3nz_amean,158,0.40940816177824174,9.227602634458055e-08,ok,1.3841403951687083e-06,True,True
STT_minus_Hanzi,STT,Hanzi,Total_Hesitation_Duration,Duration,158,0.3887236654552535,4.4805410060814847e-07,ok,6.106653420866171e-06,True,True
STT_minus_Hanzi,STT,Hanzi,Total_Hesitation_Duration,HNRdBACF_sma3nz_stddevNorm,158,0.3879326212921706,4.7496193273403556e-07,ok,6.106653420866171e-06,True,True
STT_minus_Hanzi,STT,Hanzi,Total_Hesitation_Duration,F0semitoneFrom27.5Hz_sma3nz_stddevRisingSlope,158,0.3783330973429059,9.523458245955061e-07,ok,1.1428149895146073e-05,True,True
STT_minus_Hanzi,STT,Hanzi,Total_Hesitation_Duration,hammarbergIndexV_sma3nz_stddevNorm,158,0.3577299466501561,3.9399156363986575e-06,ok,4.43240509094849e-05,True,True
STT_minus_Hanzi,STT,Hanzi,Total_Hesitation_Duration,F1amplitudeLogRelF0_sma3nz_amean,158,-0.3560687539076821,4.3991770757916405e-06,ok,4.657952197897031e-05,True,True
STT_minus_Hanzi,STT,Hanzi,Total_Hesitation_Duration,spectralFluxV_sma3nz_stddevNorm,158,0.34615940452629385,8.384226357798392e-06,ok,8.384226357798392e-05,True,True
STT_minus_Hanzi,STT,Hanzi,Total_Hesitation_Duration,spectralFluxUV_sma3nz_amean,158,0.3406206295555397,1.1910608134070387e-05,ok,0.00011283734021750893,True,True
STT_minus_Hanzi,STT,Hanzi,Total_Hesitation_Duration,alphaRatioUV_sma3nz_amean,158,-0.3361998027641471,1.5687766728534935e-05,ok,0.00014118990055681443,True,True
STT_minus_Hanzi,STT,Hanzi,Total_Hesitation_Duration,alphaRatioV_sma3nz_stddevNorm,158,-0.334363719063708,1.7567522632400163e-05,ok,0.00015057876542057282,True,True
STT_minus_Hanzi,STT,Hanzi,Total_Hesitation_Duration,mfcc1_sma3_amean,158,-0.32918237979551507,2.408406928000519e-05,ok,0.0001970514759273152,True,True
STT_minus_Hanzi,STT,Hanzi,Total_Hesitation_Duration,F2amplitudeLogRelF0_sma3nz_amean,158,-0.3142651123663021,5.789050597466226e-05,ok,0.0004530561337147481,True,True
STT_minus_Hanzi,STT,Hanzi,Total_Hesitation_Duration,slopeV500-1500_sma3nz_amean,158,0.30985351991833987,7.437858682728933e-05,ok,0.0005578394012046699,True,True
STT_minus_Hanzi,STT,Hanzi,Total_Hesitation_Duration,F3amplitudeLogRelF0_sma3nz_amean,158,-0.3065250494782912,8.962673551659546e-05,ok,0.0006453124957194873,True,True
STT_minus_Hanzi,STT,Hanzi,Total_Hesitation_Duration,F0semitoneFrom27.5Hz_sma3nz_stddevFallingSlope,158,0.299582607532802,0.00013130251373702902,ok,0.0009090174027948163,True,True
STT_minus_Hanzi,STT,Hanzi,Total_Hesitation_Duration,F0semitoneFrom27.5Hz_sma3nz_percentile20.0,158,-0.29637838684797807,0.00015610515133397709,ok,0.0010407010088931807,True,True
STT_minus_Hanzi,STT,Hanzi,Total_Hesitation_Duration,jitterLocal_sma3nz_stddevNorm,158,0.295137056007448,0.00016683743249932127,ok,0.001072526351781351,True,True
STT_minus_Hanzi,STT,Hanzi,Total_Hesitation_Duration,jitterLocal_sma3nz_amean,158,0.2910936033430743,0.0002067517888952325,ok,0.0012832869655566154,True,True
STT_minus_Hanzi,STT,Hanzi,Total_Hesitation_Duration,F2amplitudeLogRelF0_sma3nz_stddevNorm,158,-0.289487175196506,0.00022494532563449964,ok,0.001349671953806998,True,True
STT_minus_Hanzi,STT,Hanzi,Total_Hesitation_Duration,shimmerLocaldB_sma3nz_amean,158,0.28249251930832314,0.0003228854293442511,ok,0.0018748186219988774,True,True
STT_minus_Hanzi,STT,Hanzi,Total_Hesitation_Duration,StddevVoicedSegmentLengthSec,158,0.27750561186018124,0.0004154240743454718,ok,0.002336760418193279,True,True
STT_minus_Hanzi,STT,Hanzi,Total_Hesitation_Duration,slopeV0-500_sma3nz_amean,158,-0.2728083132656585,0.0005244682502838082,ok,0.0028607359106389537,True,True
STT_minus_Hanzi,STT,Hanzi,Overall_Accuracy,MeanUnvoicedSegmentLength,158,-0.2694082727022793,0.0006192627386135123,ok,0.0032784497926597713,True,True
STT_minus_Hanzi,STT,Hanzi,Overall_Accuracy,HNRdBACF_sma3nz_amean,158,0.2605041004123237,0.0009472185256753878,ok,0.004801911169614881,True,True
STT_minus_Hanzi,STT,Hanzi,Total_Hesitation_Duration,MeanUnvoicedSegmentLength,158,0.26020975534207236,0.0009603822339229763,ok,0.004801911169614881,True,True
STT_minus_Hanzi,STT,Hanzi,Total_Hesitation_Duration,F3frequency_sma3nz_stddevNorm,158,0.2579884051180557,0.0010652671469619185,ok,0.005064535257495605,True,True
STT_minus_Hanzi,STT,Hanzi,Total_Hesitation_Duration,slopeUV500-1500_sma3nz_amean,158,-0.257909483484351,0.0010691796654712944,ok,0.005064535257495605,True,True
STT_minus_Hanzi,STT,Hanzi,Total_Hesitation_Duration,StddevUnvoicedSegmentLength,158,0.24606632116548224,0.0018300666091208932,ok,0.008446461272865661,True,True
STT_minus_Hanzi,STT,Hanzi,Total_Hesitation_Duration,mfcc1V_sma3nz_amean,158,-0.24094748835872026,0.0022908927262896284,ok,0.010309017268303328,True,True
STT_minus_Hanzi,STT,Hanzi,Overall_Accuracy,Gap_Before,158,-0.23761990445513032,0.0026444837352567747,ok,0.01160992859381023,True,True
STT_minus_Hanzi,STT,Hanzi,Overall_Accuracy,F3amplitudeLogRelF0_sma3nz_stddevNorm,158,0.23658787958316735,0.002763781678658198,ok,0.011844778622820849,True,True
STT_minus_Hanzi,STT,Hanzi,Total_Hesitation_Duration,F0semitoneFrom27.5Hz_sma3nz_meanRisingSlope,158,0.23533715975593247,0.002914873325291623,ok,0.012201795315174235,True,True
STT_minus_Hanzi,STT,Hanzi,Overall_Accuracy,F3frequency_sma3nz_stddevNorm,158,-0.23224190817790108,0.0033213987463576646,ok,0.013587540326008628,True,True
STT_minus_Hanzi,STT,Hanzi,Overall_Accuracy,F0semitoneFrom27.5Hz_sma3nz_percentile20.0,158,0.23124046182066302,0.0034634799891061782,ok,0.013853919956424713,True,True
STT_minus_Hanzi,STT,Hanzi,Total_Hesitation_Duration,loudnessPeaksPerSec,158,-0.23059393725498548,0.0035580928182700772,ok,0.013922971897578565,True,True
STT_minus_Hanzi,STT,Hanzi,Overall_Accuracy,F1amplitudeLogRelF0_sma3nz_amean,158,0.2268103994999035,0.0041599701799144165,ok,0.01578784168057075,True,True
STT_minus_Hanzi,STT,Hanzi,Overall_Accuracy,jitterLocal_sma3nz_amean,158,-0.22651799245284732,0.004210091114818866,ok,0.01578784168057075,True,True
STT_minus_Hanzi,STT,Hanzi,Total_Hesitation_Duration,MeanVoicedSegmentLengthSec,158,0.21628549435796707,0.006343736329999701,ok,0.023303521212243803,True,True
STT_minus_Hanzi,STT,Hanzi,Overall_Accuracy,spectralFluxUV_sma3nz_amean,158,-0.2150641638208074,0.006654058657353069,ok,0.023954611166471046,True,True
STT_minus_Hanzi,STT,Hanzi,Overall_Accuracy,F0semitoneFrom27.5Hz_sma3nz_amean,158,0.2143305431778329,0.006846892904550853,ok,0.02416550436900301,True,True
STT_minus_Hanzi,STT,Hanzi,Total_Hesitation_Duration,F1frequency_sma3nz_stddevNorm,158,0.21143849859817848,0.007656402322697377,ok,0.026502931117029387,True,True
STT_minus_Hanzi,STT,Hanzi,Overall_Accuracy,hammarbergIndexUV_sma3nz_amean,158,-0.2109043080553715,0.007814892827564101,ok,0.02654114545210449,True,True
STT_minus_Hanzi,STT,Hanzi,Overall_Accuracy,F0semitoneFrom27.5Hz_sma3nz_meanFallingSlope,158,-0.20778674102671965,0.008799245191545546,ok,0.02933081730515182,True,True
STT_minus_Hanzi,STT,Hanzi,Overall_Accuracy,F0semitoneFrom27.5Hz_sma3nz_stddevNorm,158,-0.19982486025524246,0.011827271835062157,ok,0.03870743509656706,True,True
STT_minus_Hanzi,STT,Hanzi,Overall_Accuracy,F0semitoneFrom27.5Hz_sma3nz_percentile50.0,158,0.19794428159966548,0.012663898740788047,ok,0.04070538880967586,True,True
STT_minus_Hanzi,STT,Hanzi,Overall_Accuracy,alphaRatioUV_sma3nz_amean,158,0.19314511793593114,0.015038135583046631,ok,0.047040203188411074,True,True
STT_minus_Hanzi,STT,Hanzi,Total_Hesitation_Duration,logRelF0-H1-A3_sma3nz_stddevNorm,158,0.1929219802269384,0.01515739880515468,ok,0.047040203188411074,True,True
STT_minus_Hanzi,STT,Hanzi,Overall_Accuracy,mfcc3_sma3_amean,158,0.19217067578818384,0.015565043234723882,ok,0.04748657258051354,True,True
STT_minus_Hanzi,STT,Hanzi,Total_Hesitation_Duration,mfcc4_sma3_amean,158,0.19051538048463626,0.016497028951010583,ok,0.048961487733312964,True,True
STT_minus_Hanzi,STT,Hanzi,Overall_Accuracy,slopeUV500-1500_sma3nz_amean,158,0.1903504368172003,0.016592504176289394,ok,0.048961487733312964,True,True
STT_minus_Hanzi,STT,Hanzi,Overall_Accuracy,mfcc1_sma3_stddevNorm,158,-0.18624991087458898,0.019125491384944012,ok,0.05552562014983745,False,True
STT_minus_Hanzi,STT,Hanzi,Overall_Accuracy,mfcc1V_sma3nz_stddevNorm,158,-0.18573389843860746,0.019466821423825803,ok,0.05561948978235944,False,True
STT_minus_Hanzi,STT,Hanzi,Overall_Accuracy,shimmerLocaldB_sma3nz_stddevNorm,158,0.18481654299686262,0.020086654515952894,ok,0.056493715826117515,False,True
STT_minus_Hanzi,STT,Hanzi,Total_Hesitation_Duration,F0semitoneFrom27.5Hz_sma3nz_meanFallingSlope,158,0.1828118273272291,0.021500812762186905,ok,0.059540712264517584,False,True
STT_minus_Hanzi,STT,Hanzi,Overall_Accuracy,F2amplitudeLogRelF0_sma3nz_stddevNorm,158,0.18117196627309715,0.02272063943549159,ok,0.06196538027861344,False,True
STT_minus_Hanzi,STT,Hanzi,Overall_Accuracy,StddevVoicedSegmentLengthSec,158,-0.1791983489853107,0.02426728773489905,ok,0.0651956983922661,False,True
STT_minus_Hanzi,STT,Hanzi,Overall_Accuracy,F3amplitudeLogRelF0_sma3nz_amean,158,0.17786566436847506,0.02536205152271184,ok,0.06713484226600193,False,True
STT_minus_Hanzi,STT,Hanzi,Overall_Accuracy,mfcc3V_sma3nz_amean,158,0.17624500308805915,0.026750171045756884,ok,0.06978305490197448,False,True
STT_minus_Hanzi,STT,Hanzi,Overall_Accuracy,spectralFlux_sma3_stddevNorm,158,-0.17463198643632447,0.028195751228405397,ok,0.07250336030161388,False,True
STT_minus_Hanzi,STT,Hanzi,Total_Hesitation_Duration,mfcc4V_sma3nz_amean,158,0.17239742667248792,0.03030814088300514,ok,0.0768375402667736,False,True
STT_minus_Hanzi,STT,Hanzi,Overall_Accuracy,F2amplitudeLogRelF0_sma3nz_amean,158,0.16371545667956075,0.039838405503841684,ok,0.09959601375960421,False,True
STT_minus_Hanzi,STT,Hanzi,Total_Hesitation_Duration,F0semitoneFrom27.5Hz_sma3nz_amean,158,-0.16319088960522332,0.04048707814918049,ok,0.09983115160071902,False,True
STT_minus_Hanzi,STT,Hanzi,Total_Hesitation_Duration,F2bandwidth_sma3nz_amean,158,0.16046787219768804,0.04399848372126727,ok,0.10702333878146093,False,True
STT_minus_Hanzi,STT,Hanzi,Overall_Accuracy,Duration,158,-0.15397619973970292,0.05340667192946173,ok,0.12817601263070816,False,False
STT_minus_Hanzi,STT,Hanzi,Overall_Accuracy,mfcc1_sma3_amean,158,0.1490893708552413,0.06153842863680879,ok,0.145748909929284,False,False
STT_minus_Hanzi,STT,Hanzi,Overall_Accuracy,F0semitoneFrom27.5Hz_sma3nz_pctlrange0-2,158,-0.1485408687473647,0.06251137323535638,ok,0.1461304828878461,False,False
STT_minus_Hanzi,STT,Hanzi,Total_Hesitation_Duration,mfcc4_sma3_stddevNorm,158,-0.14669457632739494,0.06587933913341856,ok,0.15202924415404284,False,False
STT_minus_Hanzi,STT,Hanzi,Overall_Accuracy,loudness_sma3_stddevRisingSlope,158,-0.14415094072718151,0.07076049195869108,ok,0.16073958173008226,False,False
STT_minus_Hanzi,STT,Hanzi,Total_Hesitation_Duration,VoicedSegmentsPerSec,158,-0.1431135802506697,0.0728336787497114,ok,0.16073958173008226,False,False
STT_minus_Hanzi,STT,Hanzi,Overall_Accuracy,loudness_sma3_stddevNorm,158,-0.14271375053511456,0.07364577619268352,ok,0.16073958173008226,False,False
STT_minus_Hanzi,STT,Hanzi,Total_Hesitation_Duration,mfcc3_sma3_amean,158,-0.14256593429161235,0.07394785729620908,ok,0.16073958173008226,False,False
STT_minus_Hanzi,STT,Hanzi,Overall_Accuracy,mfcc4_sma3_stddevNorm,158,0.14248250051750805,0.07411880713109349,ok,0.16073958173008226,False,False
STT_minus_Hanzi,STT,Hanzi,Overall_Accuracy,mfcc4V_sma3nz_amean,158,-0.13737588855846172,0.08520597002641259,ok,0.17906484002394074,False,False
STT_minus_Hanzi,STT,Hanzi,Total_Hesitation_Duration,F1bandwidth_sma3nz_stddevNorm,158,0.137208131325501,0.08559157713380897,ok,0.17906484002394074,False,False
STT_minus_Hanzi,STT,Hanzi,Total_Hesitation_Duration,loudness_sma3_percentile50.0,158,-0.13718074902754812,0.08565465054295267,ok,0.17906484002394074,False,False
STT_minus_Hanzi,STT,Hanzi,Total_Hesitation_Duration,mfcc3V_sma3nz_stddevNorm,158,0.13664831545624234,0.0868884888104744,ok,0.17906484002394074,False,False
STT_minus_Hanzi,STT,Hanzi,Total_Hesitation_Duration,loudness_sma3_amean,158,-0.136368407521613,0.08754281067837102,ok,0.17906484002394074,False,False
STT_minus_Hanzi,STT,Hanzi,Overall_Accuracy,mfcc4_sma3_amean,158,-0.1358374070363688,0.08879490901161133,ok,0.17958520923696672,False,False
STT_minus_Hanzi,STT,Hanzi,Total_Hesitation_Duration,F0semitoneFrom27.5Hz_sma3nz_percentile80.0,158,0.13401048742011595,0.09321228005395098,ok,0.18517003588306413,False,False
STT_minus_Hanzi,STT,Hanzi,Overall_Accuracy,F2frequency_sma3nz_stddevNorm,158,-0.13384789242208464,0.09361374036310464,ok,0.18517003588306413,False,False
STT_minus_Hanzi,STT,Hanzi,Overall_Accuracy,F2bandwidth_sma3nz_amean,158,-0.126902747265208,0.11208125856421343,ok,0.2150033660277842,False,False
STT_minus_Hanzi,STT,Hanzi,Overall_Accuracy,F0semitoneFrom27.5Hz_sma3nz_percentile80.0,158,0.12685879065029107,0.11220660089705697,ok,0.2150033660277842,False,False
STT_minus_Hanzi,STT,Hanzi,Overall_Accuracy,alphaRatioV_sma3nz_stddevNorm,158,0.12642113565829197,0.11346055338394027,ok,0.2150033660277842,False,False
STT_minus_Hanzi,STT,Hanzi,Total_Hesitation_Duration,spectralFluxV_sma3nz_amean,158,0.1264164634545203,0.1134739987368861,ok,0.2150033660277842,False,False
STT_minus_Hanzi,STT,Hanzi,Total_Hesitation_Duration,slopeV0-500_sma3nz_stddevNorm,158,0.12595704934442215,0.11480215002364912,ok,0.2152540312943421,False,False
STT_minus_Hanzi,STT,Hanzi,Total_Hesitation_Duration,F2frequency_sma3nz_stddevNorm,158,0.12432019642235065,0.11963288405284912,ok,0.22199916628363756,False,False
STT_minus_Hanzi,STT,Hanzi,Total_Hesitation_Duration,slopeUV0-500_sma3nz_amean,158,0.12210923118571387,0.1264065180332946,ok,0.23217523720401054,False,False
STT_minus_Hanzi,STT,Hanzi,Overall_Accuracy,F0semitoneFrom27.5Hz_sma3nz_stddevFallingSlope,158,-0.12104907692160242,0.12975761361821145,ok,0.2359229338512935,False,False
STT_minus_Hanzi,STT,Hanzi,Total_Hesitation_Duration,logRelF0-H1-A3_sma3nz_amean,158,-0.11991468892948905,0.1334185646323326,ok,0.24015341633819864,False,False
STT_minus_Hanzi,STT,Hanzi,Overall_Accuracy,F1frequency_sma3nz_stddevNorm,158,-0.11588492617841828,0.14706564496887753,ok,0.2620971890534451,False,False
STT_minus_Hanzi,STT,Hanzi,Overall_Accuracy,slopeV500-1500_sma3nz_amean,158,-0.11421839712591514,0.1530088578245504,ok,0.27001563145508894,False,False
STT_minus_Hanzi,STT,Hanzi,Overall_Accuracy,shimmerLocaldB_sma3nz_amean,158,-0.11332206441304361,0.1562793059213555,ok,0.2731094666586795,False,False
STT_minus_Hanzi,STT,Hanzi,Overall_Accuracy,mfcc2_sma3_amean,158,0.11129814896969402,0.16385671696427745,ok,0.28278642983658187,False,False
STT_minus_Hanzi,STT,Hanzi,Overall_Accuracy,F0semitoneFrom27.5Hz_sma3nz_stddevRisingSlope,158,-0.11100966092629211,0.1649587507380061,ok,0.28278642983658187,False,False
STT_minus_Hanzi,STT,Hanzi,Total_Hesitation_Duration,slopeV500-1500_sma3nz_stddevNorm,158,-0.1102974173929314,0.16770319415373172,ok,0.2847790089402991,False,False
STT_minus_Hanzi,STT,Hanzi,Total_Hesitation_Duration,F1bandwidth_sma3nz_amean,158,0.1087700936626714,0.17370259023069368,ok,0.2915021073146546,False,False
STT_minus_Hanzi,STT,Hanzi,Overall_Accuracy,F1bandwidth_sma3nz_amean,158,-0.1084696363576474,0.17490126438879275,ok,0.2915021073146546,False,False
STT_minus_Hanzi,STT,Hanzi,Total_Hesitation_Duration,mfcc3V_sma3nz_amean,158,-0.10750138052418845,0.17880571416244803,ok,0.2934613169152649,False,False
STT_minus_Hanzi,STT,Hanzi,Overall_Accuracy,F1amplitudeLogRelF0_sma3nz_stddevNorm,158,0.10737072098472389,0.17933747144821743,ok,0.2934613169152649,False,False
STT_minus_Hanzi,STT,Hanzi,Overall_Accuracy,loudness_sma3_percentile20.0,158,0.10630429528369549,0.18372120289877097,ok,0.29792627497097995,False,False
STT_minus_Hanzi,STT,Hanzi,Overall_Accuracy,F2bandwidth_sma3nz_stddevNorm,158,0.10400135089348186,0.19345502564688247,ok,0.3088144854215592,False,False
STT_minus_Hanzi,STT,Hanzi,Overall_Accuracy,mfcc1V_sma3nz_amean,158,0.10390579303496678,0.19386687140353437,ok,0.3088144854215592,False,False
STT_minus_Hanzi,STT,Hanzi,Overall_Accuracy,hammarbergIndexV_sma3nz_stddevNorm,158,-0.10161049327343434,0.20395172364121594,ok,0.31835553681951917,False,False
STT_minus_Hanzi,STT,Hanzi,Total_Hesitation_Duration,F2bandwidth_sma3nz_stddevNorm,158,0.10151682718271143,0.20437114532808445,ok,0.31835553681951917,False,False
STT_minus_Hanzi,STT,Hanzi,Total_Hesitation_Duration,loudness_sma3_stddevFallingSlope,158,-0.10134048625894587,0.2051624570614679,ok,0.31835553681951917,False,False
STT_minus_Hanzi,STT,Hanzi,Total_Hesitation_Duration,logRelF0-H1-H2_sma3nz_stddevNorm,158,0.09589128619217199,0.23071151651601784,ok,0.35426633920063966,False,False
STT_minus_Hanzi,STT,Hanzi,Overall_Accuracy,F3bandwidth_sma3nz_stddevNorm,158,0.09557888124396195,0.23224126680930823,ok,0.35426633920063966,False,False
STT_minus_Hanzi,STT,Hanzi,Overall_Accuracy,slopeV0-500_sma3nz_amean,158,0.09361230051572143,0.24203475203232058,ok,0.3661029862673757,False,False
STT_minus_Hanzi,STT,Hanzi,Overall_Accuracy,alphaRatioV_sma3nz_amean,158,-0.0921770214808248,0.24936162575935913,ok,0.37404243863903874,False,False
STT_minus_Hanzi,STT,Hanzi,Overall_Accuracy,loudness_sma3_meanRisingSlope,158,0.08899494479227235,0.26614905165829017,ok,0.39592420907844816,False,False
STT_minus_Hanzi,STT,Hanzi,Overall_Accuracy,logRelF0-H1-A3_sma3nz_stddevNorm,158,-0.08138471694013069,0.3093653830364713,ok,0.45644072907020355,False,False
STT_minus_Hanzi,STT,Hanzi,Total_Hesitation_Duration,loudness_sma3_percentile80.0,158,0.07954101183675891,0.32049012151154405,ok,0.46900993391933277,False,False
STT_minus_Hanzi,STT,Hanzi,Total_Hesitation_Duration,F0semitoneFrom27.5Hz_sma3nz_percentile50.0,158,-0.0764772369435879,0.3395420534069553,ok,0.4888130593872821,False,False
STT_minus_Hanzi,STT,Hanzi,Total_Hesitation_Duration,spectralFlux_sma3_amean,158,0.07609996972734837,0.3419368231274508,ok,0.4888130593872821,False,False
STT_minus_Hanzi,STT,Hanzi,Total_Hesitation_Duration,shimmerLocaldB_sma3nz_stddevNorm,158,-0.07606345999674455,0.34216914157109746,ok,0.4888130593872821,False,False
STT_minus_Hanzi,STT,Hanzi,Overall_Accuracy,HNRdBACF_sma3nz_stddevNorm,158,-0.07356617295642615,0.358296768757594,ok,0.507822191939897,False,False
STT_minus_Hanzi,STT,Hanzi,Overall_Accuracy,loudness_sma3_stddevFallingSlope,158,-0.07247960688425902,0.36545931858207936,ok,0.5139271667560491,False,False
STT_minus_Hanzi,STT,Hanzi,Total_Hesitation_Duration,alphaRatioV_sma3nz_amean,158,0.07134457731620011,0.37303515694498646,ok,0.5205141724813764,False,False
STT_minus_Hanzi,STT,Hanzi,Overall_Accuracy,loudnessPeaksPerSec,158,-0.07066503637190803,0.3776165547382745,ok,0.5226652584666112,False,False
STT_minus_Hanzi,STT,Hanzi,Overall_Accuracy,F3bandwidth_sma3nz_amean,158,0.06988146193208432,0.382941756135492,ok,0.5226652584666112,False,False
STT_minus_Hanzi,STT,Hanzi,Total_Hesitation_Duration,F2frequency_sma3nz_amean,158,-0.06976553146758467,0.3837334754022097,ok,0.5226652584666112,False,False
STT_minus_Hanzi,STT,Hanzi,Total_Hesitation_Duration,mfcc2_sma3_amean,158,-0.06940651911664707,0.3861915520892183,ok,0.5226652584666112,False,False
STT_minus_Hanzi,STT,Hanzi,Overall_Accuracy,mfcc2V_sma3nz_amean,158,0.06822448866543268,0.3943516812485305,ok,0.5297261389905633,False,False
STT_minus_Hanzi,STT,Hanzi,Overall_Accuracy,StddevUnvoicedSegmentLength,158,-0.06717587209706595,0.40167656482600744,ok,0.5355687531013432,False,False
STT_minus_Hanzi,STT,Hanzi,Overall_Accuracy,loudness_sma3_meanFallingSlope,158,-0.06606105874865108,0.40955185808081573,ok,0.5397937161714048,False,False
STT_minus_Hanzi,STT,Hanzi,Overall_Accuracy,loudness_sma3_pctlrange0-2,158,-0.0658794988174724,0.41084299508601363,ok,0.5397937161714048,False,False
STT_minus_Hanzi,STT,Hanzi,Overall_Accuracy,mfcc4V_sma3nz_stddevNorm,158,0.06476911650152707,0.4187912565912376,ok,0.5443527130331308,False,False
STT_minus_Hanzi,STT,Hanzi,Overall_Accuracy,F2frequency_sma3nz_amean,158,0.06455124458411267,0.42036126173113997,ok,0.5443527130331308,False,False
STT_minus_Hanzi,STT,Hanzi,Overall_Accuracy,spectralFluxV_sma3nz_stddevNorm,158,-0.06186415760266839,0.4400043598640305,ok,0.5657198912537535,False,False
STT_minus_Hanzi,STT,Hanzi,Overall_Accuracy,spectralFluxV_sma3nz_amean,158,-0.060457545925326275,0.45049142161624844,ok,0.5737308649357774,False,False
STT_minus_Hanzi,STT,Hanzi,Total_Hesitation_Duration,mfcc3_sma3_stddevNorm,158,0.060175642228979906,0.4526099045604466,ok,0.5737308649357774,False,False
STT_minus_Hanzi,STT,Hanzi,Overall_Accuracy,hammarbergIndexV_sma3nz_amean,158,0.05748187421116641,0.4731321092219871,ok,0.5955509067129908,False,False
STT_minus_Hanzi,STT,Hanzi,Overall_Accuracy,jitterLocal_sma3nz_stddevNorm,158,-0.05346844415353269,0.5046259802184001,ok,0.629888120355962,False,False
STT_minus_Hanzi,STT,Hanzi,Total_Hesitation_Duration,mfcc2V_sma3nz_amean,158,0.05312013678979066,0.5074098747311916,ok,0.629888120355962,False,False
STT_minus_Hanzi,STT,Hanzi,Overall_Accuracy,loudness_sma3_percentile50.0,158,0.050164053406080926,0.5313544037240987,ok,0.6532478345585448,False,False
STT_minus_Hanzi,STT,Hanzi,Total_Hesitation_Duration,equivalentSoundLevel_dBp,158,-0.049904238019103715,0.533485731556145,ok,0.6532478345585448,False,False
STT_minus_Hanzi,STT,Hanzi,Overall_Accuracy,F3frequency_sma3nz_amean,158,0.049156873577331894,0.5396403032222474,ok,0.6563192877027334,False,False
STT_minus_Hanzi,STT,Hanzi,Total_Hesitation_Duration,F3bandwidth_sma3nz_stddevNorm,158,0.0450241040283924,0.5742963060638069,ok,0.6937807724260755,False,False
STT_minus_Hanzi,STT,Hanzi,Overall_Accuracy,logRelF0-H1-A3_sma3nz_amean,158,0.043903102516172327,0.5838733630436568,ok,0.7006480356523881,False,False
STT_minus_Hanzi,STT,Hanzi,Total_Hesitation_Duration,mfcc4V_sma3nz_stddevNorm,158,-0.04283960514726352,0.593026646536728,ok,0.7069191813020599,False,False
STT_minus_Hanzi,STT,Hanzi,Overall_Accuracy,F0semitoneFrom27.5Hz_sma3nz_meanRisingSlope,158,-0.040208835705978996,0.6159440127947104,ok,0.7294073835726834,False,False
STT_minus_Hanzi,STT,Hanzi,Overall_Accuracy,mfcc2V_sma3nz_stddevNorm,158,0.03847541615251529,0.6312515030088903,ok,0.7426488270692827,False,False
STT_minus_Hanzi,STT,Hanzi,Total_Hesitation_Duration,F3bandwidth_sma3nz_amean,158,0.03522124136126531,0.6604114838255026,ok,0.7719095265492888,False,False
STT_minus_Hanzi,STT,Hanzi,Overall_Accuracy,slopeV500-1500_sma3nz_stddevNorm,158,-0.032552740081750096,0.6847130614111332,ok,0.7920779067958706,False,False
STT_minus_Hanzi,STT,Hanzi,Overall_Accuracy,slopeUV0-500_sma3nz_amean,158,-0.031689378994763796,0.6926467738129707,ok,0.7920779067958706,False,False
STT_minus_Hanzi,STT,Hanzi,Total_Hesitation_Duration,loudness_sma3_meanRisingSlope,158,-0.03163111785188915,0.6931833712418122,ok,0.7920779067958706,False,False
STT_minus_Hanzi,STT,Hanzi,Total_Hesitation_Duration,mfcc2_sma3_stddevNorm,158,0.030983070133671253,0.6991622527907804,ok,0.7920779067958706,False,False
STT_minus_Hanzi,STT,Hanzi,Overall_Accuracy,loudness_sma3_amean,158,0.030928256486993582,0.6996688176696857,ok,0.7920779067958706,False,False
STT_minus_Hanzi,STT,Hanzi,Overall_Accuracy,equivalentSoundLevel_dBp,158,0.02817810131892934,0.7252503032078208,ok,0.8159065911087985,False,False
STT_minus_Hanzi,STT,Hanzi,Total_Hesitation_Duration,loudness_sma3_stddevRisingSlope,158,-0.02362635941700045,0.7682522779026311,ok,0.8589155902016993,False,False
STT_minus_Hanzi,STT,Hanzi,Total_Hesitation_Duration,F3frequency_sma3nz_amean,158,0.016187501806471046,0.8400173256947712,ok,0.9333525841053013,False,False
STT_minus_Hanzi,STT,Hanzi,Total_Hesitation_Duration,logRelF0-H1-H2_sma3nz_amean,158,0.015496859402548682,0.8467573975278471,ok,0.9350695187424078,False,False
STT_minus_Hanzi,STT,Hanzi,Overall_Accuracy,mfcc3_sma3_stddevNorm,158,0.014563017637699507,0.8558884798145073,ok,0.9383062778280868,False,False
STT_minus_Hanzi,STT,Hanzi,Total_Hesitation_Duration,F1frequency_sma3nz_amean,158,-0.013604438366250403,0.8652813488662412,ok,0.9383062778280868,False,False
STT_minus_Hanzi,STT,Hanzi,Overall_Accuracy,F1frequency_sma3nz_amean,158,-0.013599794423867415,0.8653269006636801,ok,0.9383062778280868,False,False
STT_minus_Hanzi,STT,Hanzi,Overall_Accuracy,MeanVoicedSegmentLengthSec,158,0.01306851261086676,0.8705410599657422,ok,0.9383077293043927,False,False
STT_minus_Hanzi,STT,Hanzi,Overall_Accuracy,slopeV0-500_sma3nz_stddevNorm,158,0.010419628892485263,0.896616855442433,ok,0.9575738717844582,False,False
STT_minus_Hanzi,STT,Hanzi,Total_Hesitation_Duration,F1amplitudeLogRelF0_sma3nz_stddevNorm,158,0.010172523689490825,0.8990554685087413,ok,0.9575738717844582,False,False
STT_minus_Hanzi,STT,Hanzi,Overall_Accuracy,spectralFlux_sma3_amean,158,-0.009330269305413254,0.9073744028458951,ok,0.9607493677191831,False,False
STT_minus_Hanzi,STT,Hanzi,Overall_Accuracy,VoicedSegmentsPerSec,158,0.006283884775952229,0.9375410603165679,ok,0.9863956051816295,False,False
STT_minus_Hanzi,STT,Hanzi,Overall_Accuracy,logRelF0-H1-H2_sma3nz_amean,158,-0.00491549624201616,0.9511230067619827,ok,0.9863956051816295,False,False
STT_minus_Hanzi,STT,Hanzi,Overall_Accuracy,F1bandwidth_sma3nz_stddevNorm,158,-0.0041529445310657526,0.9586980749412181,ok,0.9863956051816295,False,False
STT_minus_Hanzi,STT,Hanzi,Total_Hesitation_Duration,mfcc2V_sma3nz_stddevNorm,158,0.0033208642461729433,0.9669680215049188,ok,0.9863956051816295,False,False
STT_minus_Hanzi,STT,Hanzi,Total_Hesitation_Duration,loudness_sma3_meanFallingSlope,158,0.0026606466177537696,0.9735323932643445,ok,0.9863956051816295,False,False
STT_minus_Hanzi,STT,Hanzi,Overall_Accuracy,loudness_sma3_percentile80.0,158,-0.0023583679481523874,0.97653849054588,ok,0.9863956051816295,False,False
STT_minus_Hanzi,STT,Hanzi,Overall_Accuracy,logRelF0-H1-H2_sma3nz_stddevNorm,158,-0.0020296489148604827,0.9798079048469576,ok,0.9863956051816295,False,False
STT_minus_Hanzi,STT,Hanzi,Overall_Accuracy,mfcc3V_sma3nz_stddevNorm,158,0.0019207129561532818,0.9808914503243522,ok,0.9863956051816295,False,False
STT_minus_Hanzi,STT,Hanzi,Total_Hesitation_Duration,hammarbergIndexV_sma3nz_amean,158,0.0019182820954759877,0.9809156295972872,ok,0.9863956051816295,False,False
STT_minus_Hanzi,STT,Hanzi,Overall_Accuracy,mfcc2_sma3_stddevNorm,158,-0.000923088913255756,0.9908158193519503,ok,0.9908158193519503,False,False
